fact_id,source_id,page,page_status,line_start,line_end,chapter,section,disease,disease_or_topic,prescription_no,prescription_title,items,usage,notes
HANDBOOK-RX-0001,SRC-0087,10,TOC_MAPPED,520,532,第二章 猪传染病用药与处方,第一节 常见病毒性传染病,猪瘟,猪瘟,1,,抗猪瘟血清；25毫升；庆大小诺霉素注射液；16万～32万单位,用法：一次肌内或静脉注射，每日1次，连用 $2\sim 3$ 次。,说明：在猪尚未出现腹泻时应用本方可获得一定疗效。
HANDBOOK-RX-0002,SRC-0087,10,TOC_MAPPED,534,540,第二章 猪传染病用药与处方,第一节 常见病毒性传染病,猪瘟,猪瘟,2,预防,猪瘟兔化弱毒疫苗；2头份,用法：非猪瘟流行区，仔猪 $60\sim 70$ 日龄时接种1次；猪瘟流行区，21日龄第1次接种，65日龄再接种1次，种猪群以后每年加强免疫1次。发病猪群中假定健康猪及其他受威胁的猪只，可用此苗作紧急预防接种。,
HANDBOOK-RX-0003,SRC-0087,10,TOC_MAPPED,542,566,第二章 猪传染病用药与处方,第一节 常见病毒性传染病,猪瘟,猪瘟,3,白虎汤加减,生石膏40克（先煎）；知母20克；生山栀10克；板蓝根20克；玄参20克；金银花10克；大黄30克（后下）；炒枳壳20克；鲜竹叶30克；生甘草10克,用法：水煎去渣，候温灌服，每天1剂，连服 $2\sim 3$ 剂。,说明：配合西药治疗。
HANDBOOK-RX-0004,SRC-0087,11,TOC_MAPPED,618,630,第二章 猪传染病用药与处方,第一节 常见病毒性传染病,口蹄疫,口蹄疫,1,,$①$ 抗口蹄疫血清 25毫升；$②$ $0.1\%$ 高锰酸钾溶液 适量；碘酊甘油（碘7克、碘化钾5克、酒精100毫升，溶解后加入甘油10毫升） 适量；碘甘油或 $1\% \sim 2\%$ 龙胆紫液 适量,用法：一次肌内或静脉注射，按每千克体重0.5毫升用药。；用法：先以 $0.1\%$ 高锰酸钾溶液冲洗患部，再涂以碘酊甘油或龙胆紫溶液。,
HANDBOOK-RX-0005,SRC-0087,11,TOC_MAPPED,632,636,第二章 猪传染病用药与处方,第一节 常见病毒性传染病,口蹄疫,口蹄疫,2,冰硼散加减,冰片15克 硼砂150克 芒硝18克,用法：患部以消毒水洗净后，研末撒布。,
HANDBOOK-RX-0006,SRC-0087,11,TOC_MAPPED,638,646,第二章 猪传染病用药与处方,第一节 常见病毒性传染病,口蹄疫,口蹄疫,3,贯众散,贯众15克 桔梗12克 山豆根15克 连翘12克；大黄12克 赤芍9克 生地9克 花粉9克；荆芥9克 木通9克 甘草9克 绿豆粉30克,用法：共研末加蜂蜜100克为引，开水冲服，每日1剂，连用 $2\sim 3$ 剂。,
HANDBOOK-RX-0007,SRC-0087,14,TOC_MAPPED,676,704,第二章 猪传染病用药与处方,第一节 常见病毒性传染病,流行性乙型脑炎,流行性乙型脑炎,1,,$①$ 康复猪血清 40毫升；② $10\%$ 磺胺嘧啶钠注射液 $20 \sim 30$ 毫升；$25\%$ 葡萄糖注射液 $40\sim 60$ 毫升；$③$ $10\%$ 水合氯醛 20毫升；$④$ 肌内注射板蓝根注射液 $20\sim 40$ 毫升；⑤ $20\%$ 磺胺嘧啶钠注射液 $10 \sim 20$ 毫升；$10\%$ 葡萄糖注射液 100毫升；$10\%$ 维生素C 5毫升；2.5%维生素 $\mathbf{B}_{1}$ 25毫克,用法：一次肌内注射。；用法：一次静脉注射。；用法：一次静脉注射。注意不要漏出血管外。；用法：每日1次肌内注射，连用3天。；用法：混合1次静脉注射，每日1次，连用3天。持续高温时可配合肌内注射 $30\%$ 安乃近 $10\sim 20$ 毫升，每日2次，镇静止痛可肌内注射氯丙嗪注射液， $1\sim 3$ 毫克/千克体重。,
HANDBOOK-RX-0008,SRC-0087,14,TOC_MAPPED,706,712,第二章 猪传染病用药与处方,第一节 常见病毒性传染病,流行性乙型脑炎,5%维生素$\mathbf{B}_{1}$25毫克,2,,生石膏120克 板蓝根120克 大青叶60克 生地30克；连翘30克 紫草30克 黄芩20克,用法：水煎，一次灌服，每日1剂，连用3剂以上。,
HANDBOOK-RX-0009,SRC-0087,14,TOC_MAPPED,714,720,第二章 猪传染病用药与处方,第一节 常见病毒性传染病,流行性乙型脑炎,5%维生素$\mathbf{B}_{1}$25毫克,3,,生石膏80克 大黄10克 元明粉20克 板蓝根20克；生地20克 连翘20克,用法：共研细末，开水冲服，日服2次，每日1剂，连用 $1\sim 2$ 天。,
HANDBOOK-RX-0010,SRC-0087,14,TOC_MAPPED,722,728,第二章 猪传染病用药与处方,第一节 常见病毒性传染病,流行性乙型脑炎,5%维生素$\mathbf{B}_{1}$25毫克,4,针灸,穴位：天门、脑俞、大椎、太阳等，并配以涌泉、滴水。；针法：白针或血针。,,说明：防蚊灭蚊，根除传染媒介是预防该病的根本措施。夏季圈舍每周喷2次杀虫剂（如倍硫磷、敌敌畏、灭害灵等）可有效减少乙型脑炎的发生。
HANDBOOK-RX-0011,SRC-0087,16,TOC_MAPPED,751,777,第二章 猪传染病用药与处方,第一节 常见病毒性传染病,轮状病毒病,轮状病毒病,1,,① 硫酸庆大小诺霉素注射液；16万～32万单位；地塞米松注射液；$2\sim 4$ 毫克；② 葡萄糖 43.2 克；氯化钠9.2克；甘氨酸6.6克；柠檬酸0.52克；枸橼酸钾0.13克；无水磷酸钾4.35克；水2000毫升,用法：一次肌内注射或后海穴注射，每日1次，连用 $2\sim 3$ 天。；用法：混匀后供猪自由饮用。,
HANDBOOK-RX-0012,SRC-0087,17,TOC_MAPPED,821,831,第二章 猪传染病用药与处方,第一节 常见病毒性传染病,猪传染性胃肠炎,猪传染性胃肠炎,1,,$①$ $0.1\%$ 高锰酸钾溶液 200毫升；$②$ 痢菌净；1克,用法：1次喂服，按每千克体重4毫升用药。；用法：1次肌内注射，按每千克体重20毫克用药，每日2次；内服剂量加倍。,
HANDBOOK-RX-0013,SRC-0087,17,TOC_MAPPED,833,843,第二章 猪传染病用药与处方,第一节 常见病毒性传染病,猪传染性胃肠炎,猪传染性胃肠炎,2,,① 硫酸庆大小诺霉素注射液 16万～32万单位；$25\%$ 葡萄糖注射液 $50\sim 100$ 毫升；$②$ 山茛菪碱 10毫克 $5 \%$ 维生素 $\mathbf{B}_{\mathrm{l}}$ 注射液1毫升,用法：1次静脉注射。；用法：1次两侧后三里穴注射，每日1次，连用3天。,
HANDBOOK-RX-0014,SRC-0087,17,TOC_MAPPED,845,849,第二章 猪传染病用药与处方,第一节 常见病毒性传染病,猪传染性胃肠炎,猪传染性胃肠炎,3,,氯化钠3.5克 氯化钾1.5克 小苏打2.5克 葡萄糖粉20克,用法：加温开水1000毫升溶解，自由饮服。,
HANDBOOK-RX-0015,SRC-0087,17,TOC_MAPPED,851,861,第二章 猪传染病用药与处方,第一节 常见病毒性传染病,猪传染性胃肠炎,猪传染性胃肠炎,4,,黄连40克 三棵针40克 白头翁40克 苦参40克；胡黄连40克 白芍30克 地榆炭30克 棕榈炭30克；乌梅30克 诃子30克 大黄30克 车前子30克；甘草30克,用法：研末分6次灌服，每日3次，连用2天以上。,
HANDBOOK-RX-0016,SRC-0087,17,TOC_MAPPED,863,867,第二章 猪传染病用药与处方,第一节 常见病毒性传染病,猪传染性胃肠炎,猪传染性胃肠炎,5,,红糖120克 生姜30克 茶叶30克,用法：水煎一次喂服。,
HANDBOOK-RX-0017,SRC-0087,20,TOC_MAPPED,895,899,第二章 猪传染病用药与处方,第一节 常见病毒性传染病,猪繁殖与呼吸综合征,猪繁殖与呼吸综合征,1,预防,PRRS灭活疫苗 $2\sim 4$ 毫升,用法：肌内注射，妊娠母猪4毫升，20天后再注射4毫升，以后每6个月注射1次。假定健康猪注射2毫升。,
HANDBOOK-RX-0018,SRC-0087,20,TOC_MAPPED,901,917,第二章 猪传染病用药与处方,第一节 常见病毒性传染病,猪繁殖与呼吸综合征,猪繁殖与呼吸综合征,2,试用方,$①$ 蓝耳泰注射液 2.5毫升；$②$ 磺胺间甲氧嘧啶 30克；③ 白介素-2 2.5毫升；$10\%$ 维生素C注射液5毫升,用法：一次肌内注射。每日1次，3次为1疗程。；用法：拌入50千克饲料中喂饲，连续 $2\sim 3$ 天；或按1千克体重0.2克给予，每日2次。；用法：分别肌内注射，每日1次，连续 $2\sim 3$ 次。,说明：7日龄以前仔猪不可注射，可口服。
HANDBOOK-RX-0019,SRC-0087,22,TOC_MAPPED,970,984,第二章 猪传染病用药与处方,第一节 常见病毒性传染病,猪流行性腹泻,猪流行性腹泻,1,,① 阿米卡星（丁胺卡那霉素）注射液 60万～120万单位；② 氯化钠3.5克 氯化钾1.5克 碳酸氢钠2.5克 葡萄糖20克；温开水1000毫升；③ 磺胺脒4克 次硝酸铋4克 小苏打2克,用法：一次肌内注射，每日2次，连用 $3\sim 5$ 天。；用法：混合自由饮用。；用法：混合一次喂服，每日2次，连用 $2\sim 3$ 天。,
HANDBOOK-RX-0020,SRC-0087,22,TOC_MAPPED,986,990,第二章 猪传染病用药与处方,第一节 常见病毒性传染病,猪流行性腹泻,猪流行性腹泻,2,针灸,穴位：后三里、交巢、带脉，配蹄叉、百会等穴。；针法：白针或血针。,,
HANDBOOK-RX-0021,SRC-0087,24,TOC_MAPPED,1018,1024,第二章 猪传染病用药与处方,第一节 常见病毒性传染病,猪伪狂犬病,猪伪狂犬病,1,,猪伪狂犬病疫苗 0.5～2毫升,用法：肌内注射，乳猪第1次注射0.5毫升，断乳后再注射1毫升；3月以上架子猪注射1毫升；成年猪和妊娠母猪注射2毫升。免疫期1年。,说明：仅用于疫区和受威胁区。
HANDBOOK-RX-0022,SRC-0087,27,TOC_MAPPED,1092,1100,第二章 猪传染病用药与处方,第一节 常见病毒性传染病,猪圆环病毒2型感染,猪圆环病毒2型感染,1,,$①$ 注射用长效土霉素 0.5毫升；② 强力霉素或土霉素 适量 泰妙菌素 适量,用法：一次肌内注射。哺乳仔猪分别在3、7、21日龄按1千克体重0.5毫升各注射1次。；用法：拌入饲料中喂服。按1千克体重断奶前后仔猪用强力霉素150毫克、泰妙菌素50毫克，母猪产前、产后1周内用土霉素300毫克、泰妙菌素100毫克。,
HANDBOOK-RX-0023,SRC-0087,29,TOC_MAPPED,1128,1148,第二章 猪传染病用药与处方,第二节 常见细菌性传染病,猪大肠杆菌病,仔猪黄痢,1,,$①$ 阿米卡星（丁胺卡那霉素）注射液 20万单位；$②$ 磺胺嘧啶 0.2\~0.8克 三甲氧苄氨嘧啶 0.4\~0.16克活性炭 0.5克；③ 土霉素 0.2~0.3克；$④$ 磺胺甲基嘧啶与增效剂 0.1\~0.2克；$⑤$ $0.5\%$ 恩诺沙星液 2毫升,用法：一次肌内注射或灌服，每日 $2\sim 3$ 次，连用3天。；用法：混匀分2次喂服，每日2次至愈。；用法：口服，每日3次，连用3天。；用法：口服，每日1次，连用3天。；用法：口服，每日1次，连用3天。药物治疗的同时进行补液。口服补盐液的配方：在1000毫升温水中加入葡萄糖20克、氯化钠3.5克、碳酸氢钠2.5克、氯化钾1.5克，混合溶解后让猪自由饮用；也可腹腔注射 $5\%$ 葡萄糖生理盐水。,
HANDBOOK-RX-0024,SRC-0087,29,TOC_MAPPED,1150,1154,第二章 猪传染病用药与处方,第二节 常见细菌性传染病,猪大肠杆菌病,仔猪黄痢,2,,白头翁2克 龙胆末1克,用法：研末，1次喂服，每日3次，连用3天。,
HANDBOOK-RX-0025,SRC-0087,29,TOC_MAPPED,1156,1160,第二章 猪传染病用药与处方,第二节 常见细菌性传染病,猪大肠杆菌病,仔猪黄痢,3,,大蒜 100克 $95\%$ 乙醇 100毫升 甘草1克,用法：大蒜用乙醇浸泡15天后取汁1毫升，加甘草末1克，调糊一次喂服，每日2次至愈。,
HANDBOOK-RX-0026,SRC-0087,29,TOC_MAPPED,1162,1162,第二章 猪传染病用药与处方,第二节 常见细菌性传染病,猪大肠杆菌病,仔猪黄痢,2,、【处方3】配合【处方1】应用效果更佳。,,,
HANDBOOK-RX-0027,SRC-0087,29,TOC_MAPPED,1164,1168,第二章 猪传染病用药与处方,第二节 常见细菌性传染病,猪大肠杆菌病,仔猪黄痢,4,,黄连5克 黄柏20克 黄芩20克 金银花20克 诃子20克 乌梅20克 草豆蔻20克 泽泻15克 茯苓15克 神曲10克 山楂10克 甘草5克,用法：研末，分2次喂母猪，早晚各1次，连用2剂。,
HANDBOOK-RX-0028,SRC-0087,29,TOC_MAPPED,1170,1176,第二章 猪传染病用药与处方,第二节 常见细菌性传染病,猪大肠杆菌病,仔猪黄痢,5,,0.1%亚硒酸钠注射液 5毫升,用法：母猪产前两日一次肌内注射，每日1次，连注2天。,说明：本方用于缺硒地区有良效。
HANDBOOK-RX-0029,SRC-0087,29,TOC_MAPPED,1178,1184,第二章 猪传染病用药与处方,第二节 常见细菌性传染病,猪大肠杆菌病,1%亚硒酸钠注射液5毫升,6,,调痢生（8501）活菌制剂 适量,用法：按50毫克/千克体重口服，每天1次，连用3天。,说明：该处方不能与抗生素同时应用。
HANDBOOK-RX-0030,SRC-0087,29,TOC_MAPPED,1198,1208,第二章 猪传染病用药与处方,第二节 常见细菌性传染病,猪大肠杆菌病,仔猪白痢,1,,a.硫酸庆大小诺霉素注射液 8万～16万单位；$5\%$ 维生素 $\mathbf{B}_1$ 注射液 $2\sim 4$ 毫升；b.黄连素片 $1\sim 2$ 克 硅碳银（矽炭银） $1\sim 2$ 克,用法：肌内注射或后海穴一次注射，也可灌服。每日2次，连用 $2\sim 3$ 天。；用法：一次喂服，每日2次，连用 $1\sim 2$ 天。,
HANDBOOK-RX-0031,SRC-0087,29,TOC_MAPPED,1210,1230,第二章 猪传染病用药与处方,第二节 常见细菌性传染病,猪大肠杆菌病,仔猪白痢,2,,"a. 大蒜 500 克, 甘草 120 克, 切碎后加白酒 500 毫升, 浸泡 $5 \sim 7$ 天；b. 调痢生（8501）活菌制剂 50毫克/千克体重；c. 磺胺脒 0.5 克, 苏打 0.5 克, 乳酸钙 0.5 克, 加淀粉和水适量。；d. 土霉素或金霉素糖粉 0.2~0.4克；e. $0.2\%$ 亚硒酸钠溶液 适量",用法：取原液1毫升加水4毫升灌服，每日2次，连服 $2\sim 3$ 天。；用法：口服，每天1次，连用3天。；用法：调匀，一次口服。；用法：口服，每日3次，连用3天。；用法：体重2.5千克以下用1毫升， $2.5\sim 5$ 千克用1.5毫升，7.5千克以上用2毫升肌内注射，对缺硒地区的发病仔猪有一定效果。,
HANDBOOK-RX-0032,SRC-0087,29,TOC_MAPPED,1232,1254,第二章 猪传染病用药与处方,第二节 常见细菌性传染病,猪大肠杆菌病,仔猪白痢,3,,白头翁50克；黄连50克；生地50克；黄柏50克；青皮25克；地榆炭25克；青木香10克；山楂25克；当归25克；赤芍20克,用法：水煎，喂服10只小猪，每日1剂，连用 $1\sim 2$ 剂。,
HANDBOOK-RX-0033,SRC-0087,29,TOC_MAPPED,1276,1322,第二章 猪传染病用药与处方,第二节 常见细菌性传染病,猪大肠杆菌病,猪水肿病,1,,"$①$ $50\%$ 葡萄糖注射液；20毫升；地塞米松注射液；1毫克；25%维生素C注射液 2毫升；② 安钠咖注射液；$1\sim 2$ 毫升；③ 呋喃苯胺酸注射液；$1\sim 2$ 毫升；④ 大蒜泥；10克；⑤ 丁胺卡那霉素注射液；20万～40万单位；⑦ 链霉素 0.5 克, 维生素 $\mathrm{B}_{12} 200$ 毫克；$20\%$ 甘露醇 $30\sim 50$ 毫升或 $25\%$ 山梨醇 $30\sim 50$ 毫升",用法：一次静脉推注，连用 $1\sim 2$ 次。；用法：一次皮下注射，视情况可在次日再注射1次。；用法：一次肌内注射，可于第二日酌情再注射1次。；用法：分2次喂服，每日2次，连用3天。；用法：一次后海穴注射，每日2次，连用 $2\sim 3$ 次。；⑥ 硫酸镁 $15 \sim 30$ 克，氢氯噻嗪（双氢克脲噻） $20 \sim 40$ 毫克，维生素 $\mathrm{B}_{1} 100$ 毫克用法：加水1次投喂。；用法：肌内注射，连用2天。；用法：一次静脉注射。,
HANDBOOK-RX-0034,SRC-0087,29,TOC_MAPPED,1324,1360,第二章 猪传染病用药与处方,第二节 常见细菌性传染病,猪大肠杆菌病,猪水肿病,2,,① 仔猪水肿病抗血清；$5\sim 10$ 毫升；硫酸庆大霉素注射液；8万～16万单位；(2) $20\%$ 磺胺嘧啶钠注射液；$20\sim 40$ 毫升；50%葡萄糖注射液；$40\sim 60$ 毫升；③ $10\%$ 葡萄糖酸钙注射液；$5\sim 10$ 毫升；$40\%$ 乌洛托品注射液；10毫升；④ 维生素 $\mathrm{B}_{1}$ 注射液；$2\sim 4$ 毫升,用法：一次肌内注射，视情况可于第二日再注射1次。；用法：一次静脉注射，每日1次，连用 $2\sim 3$ 天。；用法：一次静脉注射，每日1次，连用 $2\sim 3$ 天。；用法：一次脾俞穴注射，每日1次，连用 $2\sim 3$ 天。,
HANDBOOK-RX-0035,SRC-0087,29,TOC_MAPPED,1362,1380,第二章 猪传染病用药与处方,第二节 常见细菌性传染病,猪大肠杆菌病,猪水肿病,3,,白术9克；木通6克；茯苓9克；陈皮6克；石斛6克；冬瓜皮9克；猪苓6克；泽泻6克,用法：水煎分2次喂服，每日1剂，连用2剂。,
HANDBOOK-RX-0036,SRC-0087,34,TOC_MAPPED,1406,1416,第二章 猪传染病用药与处方,第二节 常见细菌性传染病,副猪嗜血杆菌病或猪多发性浆膜炎与关节炎,副猪嗜血杆菌病或猪多发性浆膜炎与关节炎,1,,注射用青霉素钠；200万单位；注射用水；5毫升,用法：一次肌内注射，每日2次，连用 $3\sim 5$ 天。,
HANDBOOK-RX-0037,SRC-0087,34,TOC_MAPPED,1418,1426,第二章 猪传染病用药与处方,第二节 常见细菌性传染病,副猪嗜血杆菌病或猪多发性浆膜炎与关节炎,副猪嗜血杆菌病或猪多发性浆膜炎与关节炎,2,,$①$ 三甲氧苄氨嘧啶 0.5克；$②$ 磺胺嘧啶 5克,用法：按每千克体重10毫克喂服，每日2次，连用 $3\sim 5$ 天。；用法：按每千克体重0.1克（首次0.2克）喂服，每日2次，连用 $3\sim 5$ 天。,
HANDBOOK-RX-0038,SRC-0087,35,TOC_MAPPED,1448,1456,第二章 猪传染病用药与处方,第二节 常见细菌性传染病,仔猪副伤寒或猪沙门菌病,仔猪副伤寒或猪沙门菌病,1,预防用,（1）仔猪副伤寒弱毒冻干苗 1头份；(2）金霉素 100克,用法：断奶前后1次喂服或肌内注射。；用法：混饲，加入1000千克饲料中。,
HANDBOOK-RX-0039,SRC-0087,35,TOC_MAPPED,1458,1466,第二章 猪传染病用药与处方,第二节 常见细菌性传染病,仔猪副伤寒或猪沙门菌病,仔猪副伤寒或猪沙门菌病,2,,（1）阿米卡星（丁胺卡那霉素）注射液 20万～40万单位；（2）大蒜 20克,用法：1次肌内注射，每日 $2\sim 3$ 次至愈。；用法：捣汁后1次灌服，每日1次，连用 $2\sim 3$ 次。,
HANDBOOK-RX-0040,SRC-0087,35,TOC_MAPPED,1468,1480,第二章 猪传染病用药与处方,第二节 常见细菌性传染病,仔猪副伤寒或猪沙门菌病,仔猪副伤寒或猪沙门菌病,3,,（1）磺胺嘧啶 0.2～0.8克；三甲氧苄氨嘧啶 0.4～0.16克；(2） $10\%$ 磺胺嘧啶钠注射液 25毫升；$25\%$ 葡萄糖注射液 $40\sim 60$ 毫升,用法：混合后分2次喂服，按每千克体重磺胺嘧啶 $20\sim 40$ 毫克、三甲氧苄氨嘧啶 $4\sim$ 8毫克用药，连用1周。；用法：一次静脉注射，磺胺嘧啶钠按10千克体重5毫升用药。,
HANDBOOK-RX-0041,SRC-0087,35,TOC_MAPPED,1482,1490,第二章 猪传染病用药与处方,第二节 常见细菌性传染病,仔猪副伤寒或猪沙门菌病,仔猪副伤寒或猪沙门菌病,4,,(1) $1\%$ 盐酸强力霉素注射液 3～10毫升；(2）盐酸土霉素 0.6～2克,用法：一次肌内注射，按1千克体重 $0.3\sim 0.5$ 毫升用药。每日1次，连用 $3\sim 5$ 天。；用法：分 $2\sim 3$ 次喂服，按1千克体重 $60\sim 100$ 毫克用药。,
HANDBOOK-RX-0042,SRC-0087,35,TOC_MAPPED,1492,1498,第二章 猪传染病用药与处方,第二节 常见细菌性传染病,仔猪副伤寒或猪沙门菌病,仔猪副伤寒或猪沙门菌病,5,,青木香10克 苍术6克 黄连10克 地榆炭15克；炒白芍15克 白头翁10克 车前子10克 烧大枣5枚（为引）,用法：研末，1次喂服，每日1剂，连用 $2\sim 3$ 剂。,
HANDBOOK-RX-0043,SRC-0087,35,TOC_MAPPED,1500,1516,第二章 猪传染病用药与处方,第二节 常见细菌性传染病,仔猪副伤寒或猪沙门菌病,仔猪副伤寒或猪沙门菌病,6,,黄连15克；木香15克；白芍20克；槟榔10克；茯苓20克；滑石25克；甘草10克,用法：水煎，分3次服完，每日2次，连用 $2\sim 3$ 剂。,
HANDBOOK-RX-0044,SRC-0087,35,TOC_MAPPED,1518,1538,第二章 猪传染病用药与处方,第二节 常见细菌性传染病,仔猪副伤寒或猪沙门菌病,仔猪副伤寒或猪沙门菌病,7,,黄芩6克；陈皮6克；莱菔子9克；神曲9克；柴胡9克；连翘6克；金银花9克；槐木炭6克；苦参9克,用法：水煎，分2次喂服，每日1剂，连用 $2\sim 3$ 剂。,
HANDBOOK-RX-0045,SRC-0087,35,TOC_MAPPED,1540,1544,第二章 猪传染病用药与处方,第二节 常见细菌性传染病,仔猪副伤寒或猪沙门菌病,仔猪副伤寒或猪沙门菌病,8,针灸,穴位：后三里、后海、脾俞、尾尖，配百会、苏气、血印等穴。；针法：白针或血针。,,
HANDBOOK-RX-0046,SRC-0087,37,TOC_MAPPED,1568,1580,第二章 猪传染病用药与处方,第二节 常见细菌性传染病,猪传染性萎缩性鼻炎,猪传染性萎缩性鼻炎,1,,（1）注射用链霉素 200万单位；注射用水 2毫升；(2）磺胺二甲嘧啶 100克；金霉素 100克,用法：1次肌内注射，每日2次，连用3天。；用法：拌料1000千克喂服，连用 $4\sim 5$ 周。,
HANDBOOK-RX-0047,SRC-0087,38,TOC_MAPPED,1612,1628,第二章 猪传染病用药与处方,第二节 常见细菌性传染病,猪传染性胸膜肺炎,猪传染性胸膜肺炎,1,,（1）阿米卡星（丁胺卡那霉素）注射液；60万～120万单位；$10\%$ 葡萄糖注射液；20毫升；(2) $20\%$ 磺胺嘧啶钠注射液；$5\sim 15$ 毫升,用法：一次静脉注射，每日3次，连用 $2\sim 3$ 天。；用法：一次肌内注射，每日2次，连用 $2\sim 3$ 天。,
HANDBOOK-RX-0048,SRC-0087,40,TOC_MAPPED,1664,1674,第二章 猪传染病用药与处方,第二节 常见细菌性传染病,猪丹毒,猪丹毒,1,,（1）抗血清 50毫升；（2）注射用青霉素钠 80万～160万单位,用法：1次静脉注射或皮下注射。；用法：一次肌内注射，每日 $2\sim 3$ 次，连续注射 $3\sim 4$ 天。,说明：对于亚急性型猪丹毒，在发病后 $24\sim 36$ 小时使用效果较好。也可用链霉素、庆大霉素、洁霉素等肌内注射。
HANDBOOK-RX-0049,SRC-0087,40,TOC_MAPPED,1676,1682,第二章 猪传染病用药与处方,第二节 常见细菌性传染病,猪丹毒,猪丹毒,2,,穿心莲注射液 $10\sim 20$ 毫升,用法：1次肌内注射，每日 $2\sim 3$ 次，连用 $2\sim 3$ 天。,说明：对亚急性型猪丹毒有良效。
HANDBOOK-RX-0050,SRC-0087,40,TOC_MAPPED,1684,1690,第二章 猪传染病用药与处方,第二节 常见细菌性传染病,猪丹毒,猪丹毒,3,,寒水石5克 连翘10克 葛根15克 桔梗10克 升麻15克 白芍10克 花粉10克 雄黄5克；# 二花5克,用法：研末，1次喂服，每日2剂，连用2天。,
HANDBOOK-RX-0051,SRC-0087,40,TOC_MAPPED,1692,1696,第二章 猪传染病用药与处方,第二节 常见细菌性传染病,猪丹毒,猪丹毒,4,,地龙30克 石膏30克 大黄30克 玄参16克 知母16克 连翘16克,用法：水煎，分2次喂服，每日1剂，连用 $3\sim 5$ 天。,
HANDBOOK-RX-0052,SRC-0087,40,TOC_MAPPED,1698,1704,第二章 猪传染病用药与处方,第二节 常见细菌性传染病,猪丹毒,猪丹毒,5,,柴胡15克 陈皮15克 木通9克 山楂30克 神曲30克 大黄30克 芒硝60克 苍术15克 白术15克 麦芽20克 甘草9克,用法：水煎喂服，每日1剂，连服 $2\sim 3$ 剂。,说明：用于猪丹毒后期，体温正常、便干、不食者。
HANDBOOK-RX-0053,SRC-0087,40,TOC_MAPPED,1706,1710,第二章 猪传染病用药与处方,第二节 常见细菌性传染病,猪丹毒,猪丹毒,6,针灸,穴位：血印、天门、断血、尾尖等穴，配玉堂、山根等穴。；针法：白针或血针。,,
HANDBOOK-RX-0054,SRC-0087,42,TOC_MAPPED,1748,1758,第二章 猪传染病用药与处方,第二节 常见细菌性传染病,猪肺疫,猪肺疫,1,,$①$ 猪丹毒抗血清 25毫升；② 阿米卡星（丁胺卡那霉素）注射液 60万～120万单位,用法：1次皮下注射，按1千克体重0.5毫升用药；次日再注射1次。；用法：1次肌内注射，每日 $2\sim 3$ 次至愈。,说明：也可用链霉素或青霉素、杆菌肽、磺胺嘧啶钠注射液等治疗。
HANDBOOK-RX-0055,SRC-0087,42,TOC_MAPPED,1760,1768,第二章 猪传染病用药与处方,第二节 常见细菌性传染病,猪肺疫,猪肺疫,2,,$1\%$ 盐酸强力霉素注射液 $15\sim 25$ 毫升；$②$ 氟哌酸粉 4克,用法：1次肌内注射，按1千克体重 $0.3\sim 0.5$ 毫升用药，每日1次，连用 $2\sim 3$ 天。；用法：1次喂服，按1千克体重80毫克用药，每日2次，连用3天以上。,
HANDBOOK-RX-0056,SRC-0087,42,TOC_MAPPED,1770,1778,第二章 猪传染病用药与处方,第二节 常见细菌性传染病,猪肺疫,猪肺疫,3,,白药子9克 黄芩9克 大青叶9克 知母6克；连翘6克 桔梗6克 炒牵牛子9克 炒葶苈子9克；炙枇杷叶9克,用法：水煎，加2个鸡蛋清为引，1次喂服，每日2剂，连用3天。,
HANDBOOK-RX-0057,SRC-0087,42,TOC_MAPPED,1780,1788,第二章 猪传染病用药与处方,第二节 常见细菌性传染病,猪肺疫,猪肺疫,4,,金银花30克 连翘24克 丹皮15克 紫草30克；射干12克 山豆根20克 黄芩9克 麦冬15克；大黄20克 元明粉15克,用法：水煎分2次喂服，每日1剂，连用2天。,
HANDBOOK-RX-0058,SRC-0087,42,TOC_MAPPED,1790,1794,第二章 猪传染病用药与处方,第二节 常见细菌性传染病,猪肺疫,猪肺疫,5,针灸,穴位：苏气、肺俞、大椎，并配尾尖、山根等穴。；针法：白针或血针。,,
HANDBOOK-RX-0059,SRC-0087,44,TOC_MAPPED,1829,1835,第二章 猪传染病用药与处方,第二节 常见细菌性传染病,猪链球菌病,猪链球菌病,1,,注射用青霉素钠 240万单位 地塞米松注射液 4毫克,用法：青霉素按每千克体重4万单位1次肌内注射，每日2次至愈。,说明：用于急性败血型链球菌病。
HANDBOOK-RX-0060,SRC-0087,44,TOC_MAPPED,1837,1839,第二章 猪传染病用药与处方,第二节 常见细菌性传染病,猪链球菌病,猪链球菌病,2,,（1）注射用青霉素钠 240万单位,,
HANDBOOK-RX-0061,SRC-0087,44,TOC_MAPPED,1841,1847,第二章 猪传染病用药与处方,第二节 常见细菌性传染病,猪链球菌病,猪链球菌病,1,。,(2） $0.2\%$ 高锰酸钾溶液 适量 $5 \%$ 碘酊 适量,用法：将局部脓肿切开后以高锰酸钾溶液冲洗干净，并涂擦碘酊。,说明：用于淋巴结脓肿型。
HANDBOOK-RX-0062,SRC-0087,44,TOC_MAPPED,1849,1855,第二章 猪传染病用药与处方,第二节 常见细菌性传染病,猪链球菌病,猪链球菌病,3,,$10\%$ 磺胺嘧啶钠注射液 $20 \sim 40$ 毫升,用法：1次肌内注射，每日2次，连用 $3\sim 5$ 天。,说明：用于脑膜脑炎型。
HANDBOOK-RX-0063,SRC-0087,44,TOC_MAPPED,1857,1861,第二章 猪传染病用药与处方,第二节 常见细菌性传染病,猪链球菌病,猪链球菌病,4,,蒲公英30克 紫花地丁30克,用法：煎水拌料饲喂，每日2次，连服3天。,
HANDBOOK-RX-0064,SRC-0087,48,TOC_MAPPED,1932,1946,第二章 猪传染病用药与处方,第二节 常见细菌性传染病,仔猪梭菌性肠炎,仔猪梭菌性肠炎,1,预防用,（1）C型魏氏梭菌灭活菌苗 10毫升；(2）磺胺嘧啶 0.2～0.8克 三甲氧苄氨嘧啶 0.4～0.16克；活性炭 0.5～1克；(3）链霉素粉 1克 胃蛋白酶 3克,用法：母猪产前1月和半月分别肌内注射1次。；用法：混匀一次喂服，每日 $2\sim 3$ 次。；用法：混匀喂服5头仔猪，每日 $1\sim 2$ 次，连用 $2\sim 3$ 天。,
HANDBOOK-RX-0065,SRC-0087,49,TOC_MAPPED,1981,1995,第二章 猪传染病用药与处方,第三节 其他传染病,钩端螺旋体病,钩端螺旋体病,1,,（1）注射用青霉素钠 240万单位 注射用链霉素 200万单位；(2） $10\%$ 葡萄糖注射液 100毫升 $25\%$ 维生素C注射液4毫升；肌苷注射液 4毫升 $10\%$ 安钠咖注射液2毫升；(3) 安乃近注射液 $5 \sim 10$ 毫升,用法：1次肌内注射，每日2次，连用3天。；用法：1次静脉注射，每日1次，连用 $1\sim 2$ 次。；用法：1次肌内注射，每日2次，连用3天。,
HANDBOOK-RX-0066,SRC-0087,49,TOC_MAPPED,1997,2005,第二章 猪传染病用药与处方,第三节 其他传染病,钩端螺旋体病,钩端螺旋体病,2,,金银花12克 连翘12克 黄芩12克 生薏仁12克；赤芍16克 玄参9克 蒲公英16克 茵陈19克；黄柏9克,用法：研末，1次喂服，每日1剂，连用 $2\sim 3$ 剂。,
HANDBOOK-RX-0067,SRC-0087,49,TOC_MAPPED,2007,2013,第二章 猪传染病用药与处方,第三节 其他传染病,钩端螺旋体病,钩端螺旋体病,3,,黄连6克 大黄6克 黄芩6克；黄柏9克 桢子9克,用法：研末，一次喂服，每日1剂，连用3剂以上。,
HANDBOOK-RX-0068,SRC-0087,51,TOC_MAPPED,2037,2053,第二章 猪传染病用药与处方,第三节 其他传染病,猪附红细胞体病,猪附红细胞体病,1,,（1）血虫净；$200\sim 400$ 毫克；注射用水；5毫升；(2）九一四（新碑凡纳明）；$500\sim 750$ 毫克,用法：按1千克体重 $4\sim 8$ 毫克配成 $5 \%$ 溶液1次肌内注射，每日1次，连续2次。；用法：1次肌内注射，48小时后重复1次。或按1千克体重30毫克以 $5\%$ 葡萄糖注射液配成 $10\%$ 溶液缓慢静脉滴注。,
HANDBOOK-RX-0069,SRC-0087,51,TOC_MAPPED,2055,2063,第二章 猪传染病用药与处方,第三节 其他传染病,猪附红细胞体病,猪附红细胞体病,2,,（1）三氮脒（贝尼尔） $200\sim 400$ 毫克；(2）阿散酸 30克,用法：按1千克体重 $4\sim 8$ 毫克一次肌内注射。每日1次，连续2次。间隔2天再重复用药1次。；用法：混入100千克饲料中，连续饲喂1周以上。,
HANDBOOK-RX-0070,SRC-0087,51,TOC_MAPPED,2065,2097,第二章 猪传染病用药与处方,第三节 其他传染病,猪附红细胞体病,猪附红细胞体病,3,清瘟败毒饮加减,金银花15克；连翘15克；大青叶20克；生地20克；黄连10克；丹皮15克；石膏40克；竹叶10克；玄参15克；枳壳15克；常山15克；槟榔10克；柴胡10克；大黄10克；黄芩10克,用法：煎水饮服，每日1剂，连用 $2\sim 3$ 剂。,
HANDBOOK-RX-0071,SRC-0087,51,TOC_MAPPED,2099,2105,第二章 猪传染病用药与处方,第三节 其他传染病,猪附红细胞体病,猪附红细胞体病,4,,石榴皮45克,用法：水煎成450毫升，清晨空腹灌服。,说明：注意毒性，可先服一半，无副反应再追加。
HANDBOOK-RX-0072,SRC-0087,52,TOC_MAPPED,2128,2134,第二章 猪传染病用药与处方,第三节 其他传染病,猪痢疾,猪痢疾,1,,阿米卡星（丁胺卡那霉素）；60万～120万单位,用法：1次喂服，每日 $2\sim 3$ 次，连用3天以上。,
HANDBOOK-RX-0073,SRC-0087,52,TOC_MAPPED,2136,2140,第二章 猪传染病用药与处方,第三节 其他传染病,猪痢疾,猪痢疾,2,,0.5%痢菌净注射液 25毫升,用法：按1千克体重0.5毫升1次肌内注射，每日2次，连用 $2\sim 3$ 天。,
HANDBOOK-RX-0074,SRC-0087,52,TOC_MAPPED,2142,2152,第二章 猪传染病用药与处方,第三节 其他传染病,猪痢疾,5%痢菌净注射液25毫升,3,,黄柏15克；黄连10克；黄芩10克；白头翁20克,用法：水煎候温1次灌服。,
HANDBOOK-RX-0075,SRC-0087,53,TOC_MAPPED,2202,2208,第二章 猪传染病用药与处方,第三节 其他传染病,猪支原体肺炎,猪支原体肺炎,1,,灭菌花生油或茶油100毫升，土霉素碱25克,用法：混合均匀，按每千克体重 $40\sim 50$ 毫克，在颈、背两侧行深部肌内分点轮流注射，小猪 $1\sim 2$ 毫升，中猪 $3\sim 5$ 毫升，大猪 $5\sim 8$ 毫升，每隔3天1次，5次为一疗程。,说明：重症猪可进行 $2\sim 3$ 个疗程，配合卡那霉素注射，效果更好。
HANDBOOK-RX-0076,SRC-0087,53,TOC_MAPPED,2210,2214,第二章 猪传染病用药与处方,第三节 其他传染病,猪支原体肺炎,猪支原体肺炎,2,,兽用卡那霉素 每千克体重3万～4万单位,用法：肌内注射，每天1次，连续5天为一疗程，必要时进行 $2\sim 3$ 个疗程；但停药后往往复发。,
HANDBOOK-RX-0077,SRC-0087,53,TOC_MAPPED,2216,2221,第二章 猪传染病用药与处方,第三节 其他传染病,猪支原体肺炎,猪支原体肺炎,3,,① 林可霉素按每吨饲料加入200克，连喂3周，或按每千克体重50毫克肌内注射，5天为一疗程，有一定效果。；② 泰乐菌素按每千克体重 $4 \sim 9$ 毫克进行肌内注射，3天为一疗程。；③ 泰妙灵按每千克体重20毫克，掺入饲料饲喂。；④ 治百炎（大观霉素）按每千克体重40毫克，每日肌内注射1次，5天为一疗程，有一定疗效。,,
HANDBOOK-RX-0078,SRC-0087,58,TOC_MAPPED,2303,2307,第三章 猪寄生虫病用药与处方,第二节 常见的猪寄生虫病,猪囊尾蚴病,猪囊尾蚴病,1,,阿苯达唑（丙硫咪唑） $1\sim 2.5$ 克,用法：1次喂服，按1千克体重 $20\sim 50$ 毫克用药。,
HANDBOOK-RX-0079,SRC-0087,58,TOC_MAPPED,2309,2313,第三章 猪寄生虫病用药与处方,第二节 常见的猪寄生虫病,猪囊尾蚴病,猪囊尾蚴病,2,,吡喹酮 2.5～4克,用法：喂服或溶入消毒的液体石蜡中配成 $20\%$ 悬液，1次颈部肌内注射，按1千克体重 $50\sim 80$ 毫克用药。隔2天再用药1次。,
HANDBOOK-RX-0080,SRC-0087,58,TOC_MAPPED,2315,2319,第三章 猪寄生虫病用药与处方,第二节 常见的猪寄生虫病,猪囊尾蚴病,猪囊尾蚴病,3,,槟榔 $50\sim 100$ 克 南瓜子仁粉200克 硫酸镁30克,用法：将新鲜槟榔切片，用 $400\sim 500$ 毫升开水浸泡数小时，再煎至 $200\sim 500$ 毫升，先喂南瓜子，半小时后再服煎剂，再隔2小时喂泻剂（30克硫酸镁溶于200毫升水中）。,
HANDBOOK-RX-0081,SRC-0087,59,TOC_MAPPED,2342,2344,第三章 猪寄生虫病用药与处方,第二节 常见的猪寄生虫病,猪棘球蚴病,猪棘球蚴病,1,,吡喹酮 2.5～4克,,
HANDBOOK-RX-0082,SRC-0087,59,TOC_MAPPED,2346,2346,第三章 猪寄生虫病用药与处方,第二节 常见的猪寄生虫病,猪棘球蚴病,猪棘球蚴病,2,。,,,
HANDBOOK-RX-0083,SRC-0087,59,TOC_MAPPED,2348,2352,第三章 猪寄生虫病用药与处方,第二节 常见的猪寄生虫病,猪棘球蚴病,猪棘球蚴病,2,,氢溴酸槟榔碱 2毫克/千克体重,用法：1次喂服。,
HANDBOOK-RX-0084,SRC-0087,60,TOC_MAPPED,2372,2376,第三章 猪寄生虫病用药与处方,第二节 常见的猪寄生虫病,猪细颈囊尾蚴病,猪细颈囊尾蚴病,1,,吡喹酮 2.5～5克,用法：1次喂服，按1千克体重 $50\sim 100$ 毫克用药，每日1次，连用2次。,
HANDBOOK-RX-0085,SRC-0087,60,TOC_MAPPED,2378,2382,第三章 猪寄生虫病用药与处方,第二节 常见的猪寄生虫病,猪细颈囊尾蚴病,猪细颈囊尾蚴病,2,,氯硝柳胺 $100\sim 150$ 毫克/千克体重,用法：1次喂服。,
HANDBOOK-RX-0086,SRC-0087,60,TOC_MAPPED,2384,2388,第三章 猪寄生虫病用药与处方,第二节 常见的猪寄生虫病,猪细颈囊尾蚴病,猪细颈囊尾蚴病,3,,槟榔 6～12克,用法：加水煎汁，1次灌服。,
HANDBOOK-RX-0087,SRC-0087,60,TOC_MAPPED,2390,2394,第三章 猪寄生虫病用药与处方,第二节 常见的猪寄生虫病,猪细颈囊尾蚴病,猪细颈囊尾蚴病,4,,贯众50克,用法：粉碎为末，加水冲服。每日1次，连续 $3\sim 4$ 天。,
HANDBOOK-RX-0088,SRC-0087,61,TOC_MAPPED,2414,2418,第三章 猪寄生虫病用药与处方,第二节 常见的猪寄生虫病,猪姜片吸虫病,猪姜片吸虫病,1,,吡喹酮 2.5克,用法：1次喂服，按1千克体重50毫克用药。,
HANDBOOK-RX-0089,SRC-0087,61,TOC_MAPPED,2420,2424,第三章 猪寄生虫病用药与处方,第二节 常见的猪寄生虫病,猪姜片吸虫病,猪姜片吸虫病,2,,硝硫氰胺 150～300毫克,用法：1次喂服，按1千克体重 $3\sim 6$ 毫克用药。,
HANDBOOK-RX-0090,SRC-0087,61,TOC_MAPPED,2426,2430,第三章 猪寄生虫病用药与处方,第二节 常见的猪寄生虫病,猪姜片吸虫病,猪姜片吸虫病,3,,美曲麟酯（敌百虫） 100毫克/千克体重,用法：1次喂服，总质量不超过7克，隔日1次，2次为1个疗程。,
HANDBOOK-RX-0091,SRC-0087,61,TOC_MAPPED,2432,2436,第三章 猪寄生虫病用药与处方,第二节 常见的猪寄生虫病,猪姜片吸虫病,猪姜片吸虫病,4,,辛硫磷 1.2毫克/千克体重,用法：混饲喂给。,
HANDBOOK-RX-0092,SRC-0087,61,TOC_MAPPED,2438,2442,第三章 猪寄生虫病用药与处方,第二节 常见的猪寄生虫病,猪姜片吸虫病,猪姜片吸虫病,5,,硫氯酚（硫双二氯酚） $60\sim 100$ 毫克/千克体重,用法：一次喂服，体重在 $50\sim 100$ 千克以下的猪用 $100\sim 150$ 毫克/千克体重，体重超过100千克的则用 $50\sim 60$ 毫克/千克体重。,
HANDBOOK-RX-0093,SRC-0087,61,TOC_MAPPED,2444,2448,第三章 猪寄生虫病用药与处方,第二节 常见的猪寄生虫病,猪姜片吸虫病,猪姜片吸虫病,6,,槟榔 $15\sim 30$ 克 木香3克,用法：水煎，早晨空腹1次喂服，连用 $2\sim 3$ 次。,
HANDBOOK-RX-0094,SRC-0087,61,TOC_MAPPED,2450,2454,第三章 猪寄生虫病用药与处方,第二节 常见的猪寄生虫病,猪姜片吸虫病,猪姜片吸虫病,7,,槟榔 $50\sim 100$ 克,用法：切碎加冷水煎汁，空腹给猪灌服。,
HANDBOOK-RX-0095,SRC-0087,61,TOC_MAPPED,2456,2460,第三章 猪寄生虫病用药与处方,第二节 常见的猪寄生虫病,猪姜片吸虫病,猪姜片吸虫病,8,,槟榔25克 雷丸25克 贯众25克 甘草25克,用法：水煎去渣，空腹灌服。,
HANDBOOK-RX-0096,SRC-0087,61,TOC_MAPPED,2462,2466,第三章 猪寄生虫病用药与处方,第二节 常见的猪寄生虫病,猪姜片吸虫病,猪姜片吸虫病,9,,使君子15克 石榴皮15克 贯众10克 槟榔10克,用法：煎水灌服（适宜25千克体重猪的用量），有较好的疗效。,
HANDBOOK-RX-0097,SRC-0087,62,TOC_MAPPED,2489,2493,第三章 猪寄生虫病用药与处方,第二节 常见的猪寄生虫病,华枝睾吸虫病,华枝睾吸虫病,1,,吡喹酮 $2\sim 5$ 毫克/千克体重,用法：1次喂服。,
HANDBOOK-RX-0098,SRC-0087,62,TOC_MAPPED,2495,2499,第三章 猪寄生虫病用药与处方,第二节 常见的猪寄生虫病,华枝睾吸虫病,华枝睾吸虫病,2,,丙硫咪唑 30毫克/千克体重,用法：1次喂服，每日1次，连用数日。,
HANDBOOK-RX-0099,SRC-0087,62,TOC_MAPPED,2501,2505,第三章 猪寄生虫病用药与处方,第二节 常见的猪寄生虫病,华枝睾吸虫病,华枝睾吸虫病,3,,六氯酚 20毫克/千克体重,用法：1次喂服，每日1次，连服3天。,
HANDBOOK-RX-0100,SRC-0087,62,TOC_MAPPED,2507,2511,第三章 猪寄生虫病用药与处方,第二节 常见的猪寄生虫病,华枝睾吸虫病,华枝睾吸虫病,4,,六氯对二甲苯 50毫克/千克体重,用法：1次喂服，每日1次，连用10天。,
HANDBOOK-RX-0101,SRC-0087,62,TOC_MAPPED,2513,2517,第三章 猪寄生虫病用药与处方,第二节 常见的猪寄生虫病,华枝睾吸虫病,华枝睾吸虫病,5,,海涛林 $50\sim 60$ 毫克/千克体重,用法：混入饲料喂服，每日1次，5天为1疗程。,
HANDBOOK-RX-0102,SRC-0087,62,TOC_MAPPED,2519,2523,第三章 猪寄生虫病用药与处方,第二节 常见的猪寄生虫病,华枝睾吸虫病,华枝睾吸虫病,6,,硫氯酚（硫双二氯酚） $80\sim 100$ 毫克/千克体重,用法：灌服或混料喂服。,
HANDBOOK-RX-0103,SRC-0087,63,TOC_MAPPED,2546,2550,第三章 猪寄生虫病用药与处方,第二节 常见的猪寄生虫病,猪蛔虫病,猪蛔虫病,1,,甲苯达唑（甲苯咪唑） $10\sim 20$ 毫克/千克体重,用法：混在饲料中喂服。,
HANDBOOK-RX-0104,SRC-0087,63,TOC_MAPPED,2552,2556,第三章 猪寄生虫病用药与处方,第二节 常见的猪寄生虫病,猪蛔虫病,猪蛔虫病,2,,氟苯咪唑 30毫克/千克体重,用法：混在饲料中喂服。,
HANDBOOK-RX-0105,SRC-0087,63,TOC_MAPPED,2558,2562,第三章 猪寄生虫病用药与处方,第二节 常见的猪寄生虫病,猪蛔虫病,猪蛔虫病,3,,阿苯达唑（丙硫咪唑） $10\sim 20$ 毫克/千克体重,用法：混在饲料中喂服。,
HANDBOOK-RX-0106,SRC-0087,63,TOC_MAPPED,2564,2568,第三章 猪寄生虫病用药与处方,第二节 常见的猪寄生虫病,猪蛔虫病,猪蛔虫病,4,,伊维菌素 0.3毫克/千克体重,用法：皮下注射或口服。,
HANDBOOK-RX-0107,SRC-0087,63,TOC_MAPPED,2570,2574,第三章 猪寄生虫病用药与处方,第二节 常见的猪寄生虫病,猪蛔虫病,猪蛔虫病,5,,海乐松 50毫克/千克体重,用法：用水灌服或混入饲料喂服。,
HANDBOOK-RX-0108,SRC-0087,63,TOC_MAPPED,2576,2582,第三章 猪寄生虫病用药与处方,第二节 常见的猪寄生虫病,猪蛔虫病,猪蛔虫病,6,,使君子200克 槟榔200克 当归200克 麦芽200克；百部100克 苍术100克 甘草100克 大黄50克,用法：上述各药混合，研为细末，过100目筛2次，分装备用。按0.5克/千克体重/次喂服，每日3次，连用2天。,
HANDBOOK-RX-0109,SRC-0087,63,TOC_MAPPED,2584,2588,第三章 猪寄生虫病用药与处方,第二节 常见的猪寄生虫病,猪蛔虫病,猪蛔虫病,7,,甘松500克 大黄250克 槟榔90克 贯众250克,用法：上述各药混合，粉碎为细末，小猪 $5\sim 6$ 克，大猪 $20\sim 30$ 克加水灌服，每日1次，连服3天。,
HANDBOOK-RX-0110,SRC-0087,63,TOC_MAPPED,2590,2594,第三章 猪寄生虫病用药与处方,第二节 常见的猪寄生虫病,猪蛔虫病,猪蛔虫病,8,,百部10克 苦楝皮10克,用法：煎汤，供体重约50千克的猪一次灌服。,
HANDBOOK-RX-0111,SRC-0087,65,TOC_MAPPED,2614,2618,第三章 猪寄生虫病用药与处方,第二节 常见的猪寄生虫病,类圆线虫病,类圆线虫病,1,,甲苯咪唑 30毫克/千克体重,用法：1次口服。,
HANDBOOK-RX-0112,SRC-0087,65,TOC_MAPPED,2620,2624,第三章 猪寄生虫病用药与处方,第二节 常见的猪寄生虫病,类圆线虫病,类圆线虫病,2,,噻苯达唑（噻苯唑） $30\sim 50$ 毫克/千克体重,用法：1次口服。,
HANDBOOK-RX-0113,SRC-0087,65,TOC_MAPPED,2626,2630,第三章 猪寄生虫病用药与处方,第二节 常见的猪寄生虫病,类圆线虫病,类圆线虫病,3,,甲紫（龙胆紫）,用法：体重25千克以下仔猪每天0.6克，分早、中、晚3次，与牛奶混服，连用2天。,
HANDBOOK-RX-0114,SRC-0087,65,TOC_MAPPED,2632,2636,第三章 猪寄生虫病用药与处方,第二节 常见的猪寄生虫病,类圆线虫病,类圆线虫病,4,,左噻咪唑 10毫克/千克体重,用法：溶水灌服，混料喂服或温水饮服。,
HANDBOOK-RX-0115,SRC-0087,66,TOC_MAPPED,2656,2660,第三章 猪寄生虫病用药与处方,第二节 常见的猪寄生虫病,猪后圆线虫病,猪后圆线虫病,1,,阿苯达唑（丙硫咪唑） $10\sim 20$ 毫克/千克体重,用法：混入饲料喂服。,
HANDBOOK-RX-0116,SRC-0087,66,TOC_MAPPED,2662,2666,第三章 猪寄生虫病用药与处方,第二节 常见的猪寄生虫病,猪后圆线虫病,猪后圆线虫病,2,,阿维菌素或伊维菌素 0.3毫克/千克体重,用法：皮下注射或喂服。,
HANDBOOK-RX-0117,SRC-0087,66,TOC_MAPPED,2668,2672,第三章 猪寄生虫病用药与处方,第二节 常见的猪寄生虫病,猪后圆线虫病,猪后圆线虫病,3,,氰乙酰肼 15毫克/千克体重,用法：皮下注射或肌内注射，严重者连续用药3天。,
HANDBOOK-RX-0118,SRC-0087,66,TOC_MAPPED,2674,2678,第三章 猪寄生虫病用药与处方,第二节 常见的猪寄生虫病,猪后圆线虫病,猪后圆线虫病,4,,左旋咪唑 15毫克/千克体重,用法：1次肌内注射，间隔4小时重复用药1次或按10毫克/千克体重混于饲料1次喂服。,
HANDBOOK-RX-0119,SRC-0087,66,TOC_MAPPED,2680,2684,第三章 猪寄生虫病用药与处方,第二节 常见的猪寄生虫病,猪后圆线虫病,猪后圆线虫病,5,,构橡酸乙胺嗪（海群生）100毫克/千克体重,用法：溶于10毫升蒸馏水中，皮下注射，每天1次，连用3天。,
HANDBOOK-RX-0120,SRC-0087,66,TOC_MAPPED,2686,2690,第三章 猪寄生虫病用药与处方,第二节 常见的猪寄生虫病,猪后圆线虫病,猪后圆线虫病,6,,四咪唑（驱虫净） 1克,用法：1次喂服，按1千克体重20毫克用药；或按 $10\sim 15$ 毫克/千克体重，肌注。,
HANDBOOK-RX-0121,SRC-0087,66,TOC_MAPPED,2692,2696,第三章 猪寄生虫病用药与处方,第二节 常见的猪寄生虫病,猪后圆线虫病,猪后圆线虫病,7,,伊维菌素 0.3毫克/千克体重,用法：1次皮下注射。,
HANDBOOK-RX-0122,SRC-0087,66,TOC_MAPPED,2698,2704,第三章 猪寄生虫病用药与处方,第二节 常见的猪寄生虫病,猪后圆线虫病,猪后圆线虫病,8,,碘片 1克 碘化钾 2克；蒸馏水 1500毫升,用法：混匀灭菌后气管内注射，按1千克体重0.5毫升用药，间隔 $2\sim 3$ 天后重复使用1次，连用3次。,
HANDBOOK-RX-0123,SRC-0087,66,TOC_MAPPED,2706,2710,第三章 猪寄生虫病用药与处方,第二节 常见的猪寄生虫病,猪后圆线虫病,猪后圆线虫病,9,,百部 24～60克,用法：煎汁，1次灌服，每日1剂，连用 $2\sim 3$ 剂。,
HANDBOOK-RX-0124,SRC-0087,67,TOC_MAPPED,2730,2734,第三章 猪寄生虫病用药与处方,第二节 常见的猪寄生虫病,猪毛首线虫病,猪毛首线虫病,1,,羟嘧啶 2毫克/千克体重,用法：混入饲料喂服。,
HANDBOOK-RX-0125,SRC-0087,67,TOC_MAPPED,2736,2740,第三章 猪寄生虫病用药与处方,第二节 常见的猪寄生虫病,猪毛首线虫病,猪毛首线虫病,2,,左旋咪唑（左咪唑） 8毫克/千克体重,用法：混饲或混饮。,
HANDBOOK-RX-0126,SRC-0087,67,TOC_MAPPED,2760,2764,第三章 猪寄生虫病用药与处方,第二节 常见的猪寄生虫病,猪旋毛虫病,猪旋毛虫病,1,,阿苯达唑（丙硫咪唑） 750毫克,用法：按1千克体重15毫克喂服，每日1次，连喂3周。,
HANDBOOK-RX-0127,SRC-0087,67,TOC_MAPPED,2766,2770,第三章 猪寄生虫病用药与处方,第二节 常见的猪寄生虫病,猪旋毛虫病,猪旋毛虫病,2,,阿维菌素或伊维菌素 按0.3毫克/千克体重给药,用法：皮下注射或喂服。,
HANDBOOK-RX-0128,SRC-0087,68,TOC_MAPPED,2791,2795,第三章 猪寄生虫病用药与处方,第二节 常见的猪寄生虫病,猪食道口线虫病,猪食道口线虫病,1,,美曲麟酯（敌百虫） 0.1克/千克体重,用法：拌入饲料中喂服。,
HANDBOOK-RX-0129,SRC-0087,68,TOC_MAPPED,2797,2801,第三章 猪寄生虫病用药与处方,第二节 常见的猪寄生虫病,猪食道口线虫病,猪食道口线虫病,2,,阿苯达唑（丙硫咪唑） 10毫克/千克体重,用法：拌入饲料中喂服。,
HANDBOOK-RX-0130,SRC-0087,68,TOC_MAPPED,2803,2807,第三章 猪寄生虫病用药与处方,第二节 常见的猪寄生虫病,猪食道口线虫病,猪食道口线虫病,3,,左旋咪唑（左咪唑） 8毫克/千克体重,用法：拌入饲料中喂服。,
HANDBOOK-RX-0131,SRC-0087,68,TOC_MAPPED,2809,2813,第三章 猪寄生虫病用药与处方,第二节 常见的猪寄生虫病,猪食道口线虫病,猪食道口线虫病,4,,噻嘧啶 30～40毫克/千克体重,用法：拌入饲料中喂服。,
HANDBOOK-RX-0132,SRC-0087,68,TOC_MAPPED,2815,2819,第三章 猪寄生虫病用药与处方,第二节 常见的猪寄生虫病,猪食道口线虫病,猪食道口线虫病,5,,氟苯咪唑 5毫克/千克体重,用法：拌入饲料中喂服，或以每吨饲料30克混饲，连用5天。,
HANDBOOK-RX-0133,SRC-0087,68,TOC_MAPPED,2821,2825,第三章 猪寄生虫病用药与处方,第二节 常见的猪寄生虫病,猪食道口线虫病,猪食道口线虫病,6,,阿维菌素、伊维菌素或多拉菌素 0.3毫克/千克体重,用法：皮下注射或喂服。,
HANDBOOK-RX-0134,SRC-0087,69,TOC_MAPPED,2845,2849,第三章 猪寄生虫病用药与处方,第二节 常见的猪寄生虫病,猪胃线虫病,猪胃线虫病,1,,左旋咪唑（左咪唑） 7.5毫克/千克体重,用法：口服或肌内注射。,
HANDBOOK-RX-0135,SRC-0087,69,TOC_MAPPED,2851,2855,第三章 猪寄生虫病用药与处方,第二节 常见的猪寄生虫病,猪胃线虫病,猪胃线虫病,2,,酒石酸噻嘧啶 22毫克/千克体重,用法：混入饲料喂服。,
HANDBOOK-RX-0136,SRC-0087,69,TOC_MAPPED,2857,2861,第三章 猪寄生虫病用药与处方,第二节 常见的猪寄生虫病,猪胃线虫病,猪胃线虫病,3,,芬苯达唑 $5\sim 7.5$ 毫克/千克,用法：混入饲料喂服，驱虫率达 $100\%$ 。,
HANDBOOK-RX-0137,SRC-0087,69,TOC_MAPPED,2863,2867,第三章 猪寄生虫病用药与处方,第二节 常见的猪寄生虫病,猪胃线虫病,猪胃线虫病,4,,阿维菌素、伊维菌素或多拉菌素 0.3毫克/千克体重,用法：皮下注射或喂服。,
HANDBOOK-RX-0138,SRC-0087,69,TOC_MAPPED,2869,2873,第三章 猪寄生虫病用药与处方,第二节 常见的猪寄生虫病,猪胃线虫病,猪胃线虫病,5,,阿苯达唑（丙硫咪唑） 250毫克,用法：空腹1次喂服，按1千克体重5毫克用药。,
HANDBOOK-RX-0139,SRC-0087,69,TOC_MAPPED,2875,2879,第三章 猪寄生虫病用药与处方,第二节 常见的猪寄生虫病,猪胃线虫病,猪胃线虫病,6,,噻苯唑 2.5~5克,用法：1次喂服，按1千克体重 $50\sim 100$ 毫克用药。,
HANDBOOK-RX-0140,SRC-0087,70,TOC_MAPPED,2902,2906,第三章 猪寄生虫病用药与处方,第二节 常见的猪寄生虫病,猪棘头虫病,猪棘头虫病,1,,左旋咪唑 200～400毫克,用法：1次肌内注射，按1千克体重 $4\sim 8$ 毫克用药。,
HANDBOOK-RX-0141,SRC-0087,70,TOC_MAPPED,2908,2912,第三章 猪寄生虫病用药与处方,第二节 常见的猪寄生虫病,猪棘头虫病,猪棘头虫病,2,,噻咪唑（驱虫净） 1克,用法：1次喂服，按1千克体重20毫克用药。,
HANDBOOK-RX-0142,SRC-0087,70,TOC_MAPPED,2914,2918,第三章 猪寄生虫病用药与处方,第二节 常见的猪寄生虫病,猪棘头虫病,猪棘头虫病,3,,阿苯达唑（丙硫咪唑） 250毫克,用法：1次口服，按1千克体重5毫克用药。,
HANDBOOK-RX-0143,SRC-0087,70,TOC_MAPPED,2920,2924,第三章 猪寄生虫病用药与处方,第二节 常见的猪寄生虫病,猪棘头虫病,猪棘头虫病,4,,雷丸5克 槟榔5克 鹤虱5克,用法：共研末，1次喂服。,
HANDBOOK-RX-0144,SRC-0087,71,TOC_MAPPED,2946,2950,第三章 猪寄生虫病用药与处方,第二节 常见的猪寄生虫病,猪冠尾线虫病,猪冠尾线虫病,1,,阿苯达唑（丙硫咪唑） 1克,用法：拌料，1次喂服，按1千克体重20毫克用药。,
HANDBOOK-RX-0145,SRC-0087,71,TOC_MAPPED,2952,2956,第三章 猪寄生虫病用药与处方,第二节 常见的猪寄生虫病,猪冠尾线虫病,猪冠尾线虫病,2,,噻咪唑（驱虫净） 1克,用法：1次喂服，按1千克体重20毫克用药。,
HANDBOOK-RX-0146,SRC-0087,71,TOC_MAPPED,2958,2962,第三章 猪寄生虫病用药与处方,第二节 常见的猪寄生虫病,猪冠尾线虫病,猪冠尾线虫病,3,,美曲膦酯（敌百虫） 100毫克/千克体重,用法：配成 $10\% \sim 20\%$ 溶液肌内注射，每天1次，连续注射3次。,
HANDBOOK-RX-0147,SRC-0087,71,TOC_MAPPED,2964,2968,第三章 猪寄生虫病用药与处方,第二节 常见的猪寄生虫病,猪冠尾线虫病,猪冠尾线虫病,4,,构橼酸乙胺嗪（海群生）30毫克/千克体重,用法：1次喂服。,
HANDBOOK-RX-0148,SRC-0087,71,TOC_MAPPED,2970,2984,第三章 猪寄生虫病用药与处方,第二节 常见的猪寄生虫病,猪冠尾线虫病,猪冠尾线虫病,5,,槟榔9克；贯众9克；蛇床子9克；鹤虱9克；苦楝皮9克；甘草6克,用法：水煎， $10\sim 20$ 千克幼猪1次灌服。,
HANDBOOK-RX-0149,SRC-0087,72,TOC_MAPPED,3007,3011,第三章 猪寄生虫病用药与处方,第二节 常见的猪寄生虫病,弓形虫病,弓形虫病,1,,磺胺-5-甲氧嘧啶 $3\sim 4$ 克,用法：一次肌内注射，按1千克体重 $60\sim 80$ 毫克用药，首次倍量，连用 $3\sim 5$ 天以上。,
HANDBOOK-RX-0150,SRC-0087,72,TOC_MAPPED,3013,3023,第三章 猪寄生虫病用药与处方,第二节 常见的猪寄生虫病,弓形虫病,弓形虫病,2,,磺胺嘧啶；3.5克；二甲氧苄氨嘧啶；0.7克,用法：混匀1次喂服，磺胺嘧啶按1千克体重70毫克用药，二甲氧苄氨嘧啶按1千克体重14毫克用药。每日2次，连用3天以上。,
HANDBOOK-RX-0151,SRC-0087,72,TOC_MAPPED,3025,3029,第三章 猪寄生虫病用药与处方,第二节 常见的猪寄生虫病,弓形虫病,7克,3,,增效磺胺-5-甲氧嘧啶注射液（内含 $10\%$ 磺胺-5-甲氧嘧啶和 $2\%$ 甲氧苄氨嘧啶）,用法：每10千克体重不超过2毫升，每日1次，连续 $3\sim 5$ 天。,
HANDBOOK-RX-0152,SRC-0087,72,TOC_MAPPED,3031,3035,第三章 猪寄生虫病用药与处方,第二节 常见的猪寄生虫病,弓形虫病,7克,4,,鸭跖草、地锦草、败酱草、旱莲草、翻白草各等份,用法：水煎灌服，按每次每头猪 $50\sim 100$ 克，每日1次，连用 $3\sim 5$ 天。,
HANDBOOK-RX-0153,SRC-0087,73,TOC_MAPPED,3058,3062,第三章 猪寄生虫病用药与处方,第二节 常见的猪寄生虫病,球虫病,球虫病,1,,百球清 $20\sim 30$ 毫克/千克体重,用法：1次喂服。,
HANDBOOK-RX-0154,SRC-0087,73,TOC_MAPPED,3064,3068,第三章 猪寄生虫病用药与处方,第二节 常见的猪寄生虫病,球虫病,球虫病,2,,磺胺二甲嘧啶 100毫克/千克体重,用法：1次喂服，每天1次，连用 $3\sim 7$ 天。,
HANDBOOK-RX-0155,SRC-0087,73,TOC_MAPPED,3070,3074,第三章 猪寄生虫病用药与处方,第二节 常见的猪寄生虫病,球虫病,球虫病,3,,氨丙啉 $15\sim 40$ 毫克/千克体重,用法：1次喂服，每天1次，连用 $5\sim 6$ 天。,
HANDBOOK-RX-0156,SRC-0087,73,TOC_MAPPED,3076,3080,第三章 猪寄生虫病用药与处方,第二节 常见的猪寄生虫病,球虫病,球虫病,4,,鸭跖草、地锦草、败酱草、旱莲草、翻白草各等份,用法：水煎灌服，按每次每头猪 $50\sim 100$ 克，每日1次，连用 $3\sim 5$ 天。,
HANDBOOK-RX-0157,SRC-0087,74,TOC_MAPPED,3099,3103,第三章 猪寄生虫病用药与处方,第二节 常见的猪寄生虫病,小袋纤毛虫病,小袋纤毛虫病,1,,盐酸土霉素 1.5～2.5克,用法：按每日1千克体重 $30\sim 50$ 毫克用药，分 $2\sim 3$ 次喂服。,
HANDBOOK-RX-0158,SRC-0087,74,TOC_MAPPED,3105,3123,第三章 猪寄生虫病用药与处方,第二节 常见的猪寄生虫病,小袋纤毛虫病,小袋纤毛虫病,2,,牛乳；1000毫升；碘片；5克；碘化钾；10克；水；100毫升,用法：混匀让其自饮。,
HANDBOOK-RX-0159,SRC-0087,74,TOC_MAPPED,3125,3131,第三章 猪寄生虫病用药与处方,第二节 常见的猪寄生虫病,小袋纤毛虫病,小袋纤毛虫病,3,,二甲硝咪唑；2克,用法：一次喂服，按1千克体重40毫克用药，肌内注射减半。,
HANDBOOK-RX-0160,SRC-0087,74,TOC_MAPPED,3133,3145,第三章 猪寄生虫病用药与处方,第二节 常见的猪寄生虫病,小袋纤毛虫病,小袋纤毛虫病,4,,青蒿片（每片含原生药2.4克，200毫克/千克体重）；次硝酸铋；5克；酵母片；5克,用法：1次喂服，每日2次，连续2次。,
HANDBOOK-RX-0161,SRC-0087,75,TOC_MAPPED,3165,3169,第三章 猪寄生虫病用药与处方,第二节 常见的猪寄生虫病,猪疥螨病,猪疥螨病,1,,$0.5\% \sim 1\%$ 敌百虫,用法：喷洒或擦洗猪体。用敌百虫治疗时，不可用碱性水洗刷，否则会引起中毒。隔1周重复治疗1次。,
HANDBOOK-RX-0162,SRC-0087,75,TOC_MAPPED,3171,3175,第三章 猪寄生虫病用药与处方,第二节 常见的猪寄生虫病,猪疥螨病,猪疥螨病,2,,蝇毒磷乳剂,用法：用 $0.025\% \sim 0.05\%$ 药液喷洒或药浴。,
HANDBOOK-RX-0163,SRC-0087,75,TOC_MAPPED,3177,3183,第三章 猪寄生虫病用药与处方,第二节 常见的猪寄生虫病,猪疥螨病,猪疥螨病,3,,阿维菌素或伊维菌素；0.3毫克/千克体重,用法：皮下注射或用浇泼剂在皮肤上浇注。拌入饲料，每天0.1毫克/千克体重，连用7天。,
HANDBOOK-RX-0164,SRC-0087,75,TOC_MAPPED,3185,3189,第三章 猪寄生虫病用药与处方,第二节 常见的猪寄生虫病,猪疥螨病,3毫克/千克体重,4,,双甲脒,用法： $0.025\% \sim 0.05\%$ 涂擦或泼洒患部， $7 \sim 10$ 天后再重复1次。,
HANDBOOK-RX-0165,SRC-0087,75,TOC_MAPPED,3191,3195,第三章 猪寄生虫病用药与处方,第二节 常见的猪寄生虫病,猪疥螨病,3毫克/千克体重,5,,多拉菌素 0.3毫克/千克体重,用法：皮下或肌内注射。,
HANDBOOK-RX-0166,SRC-0087,75,TOC_MAPPED,3197,3205,第三章 猪寄生虫病用药与处方,第二节 常见的猪寄生虫病,猪疥螨病,3毫克/千克体重,6,,狼毒、白矾、白芷、硫磺各45克；花椒 60克；大枫子、铜绿各30克,用法：研细为末，棉籽油调，涂患部。如全身患病，每次只涂四分之一，以防中毒。,
HANDBOOK-RX-0167,SRC-0087,75,TOC_MAPPED,3207,3211,第三章 猪寄生虫病用药与处方,第二节 常见的猪寄生虫病,猪疥螨病,3毫克/千克体重,7,,川椒、石灰、硫磺各50克,用法：共研细末，加桐油搽用，每日1次。,
HANDBOOK-RX-0168,SRC-0087,75,TOC_MAPPED,3213,3217,第三章 猪寄生虫病用药与处方,第二节 常见的猪寄生虫病,猪疥螨病,3毫克/千克体重,8,,烟叶梗子、黄花菜根、大麻子仁各200克，苦楝根皮250克，硫磺100克,用法：加水2千克。煎至红赤色，去渣涂擦患处。,
HANDBOOK-RX-0169,SRC-0087,75,TOC_MAPPED,3219,3225,第三章 猪寄生虫病用药与处方,第二节 常见的猪寄生虫病,猪疥螨病,3毫克/千克体重,9,,蛇床子15克 白藓皮15克 当归15克 百部15克 地肤子12克 紫草12克 荆芥12克 狼毒12克,用法：各药混合，共研为细末，另用硫磺20克、冰片12克、棉籽油或猪脂500毫升，将前8味药放入油内炸3分钟，待温后再将硫磺、冰片加入，拌匀即可。用时先用温肥皂水洗净患处，待干后将药物分次涂擦，每次面积不可过大，以免中毒。,说明：本法用于治疗仔猪疥螨病。
HANDBOOK-RX-0170,SRC-0087,76,TOC_MAPPED,3246,3250,第三章 猪寄生虫病用药与处方,第二节 常见的猪寄生虫病,猪蠕形螨病,猪蠕形螨病,1,,$0.5\% \sim 1\%$ 敌百虫,用法：喷洒或擦洗猪体。用敌百虫治疗时，不可用碱性水洗刷，否则会引起中毒。隔1周重复治疗1次。,
HANDBOOK-RX-0171,SRC-0087,76,TOC_MAPPED,3252,3256,第三章 猪寄生虫病用药与处方,第二节 常见的猪寄生虫病,猪蠕形螨病,猪蠕形螨病,2,,蝇毒磷乳剂,用法：用 $0.025\% \sim 0.05\%$ 药液喷洒或药浴。,
HANDBOOK-RX-0172,SRC-0087,76,TOC_MAPPED,3258,3262,第三章 猪寄生虫病用药与处方,第二节 常见的猪寄生虫病,猪蠕形螨病,猪蠕形螨病,3,,阿维菌素或伊维菌素0.3毫克/千克体重,用法：皮下注射或用浇泼剂在皮肤上浇注。拌入饲料，每天0.1毫克/千克体重，连用7天。,
HANDBOOK-RX-0173,SRC-0087,76,TOC_MAPPED,3264,3268,第三章 猪寄生虫病用药与处方,第二节 常见的猪寄生虫病,猪蠕形螨病,猪蠕形螨病,4,,双甲脒,用法：用 $0.025\% \sim 0.05\%$ 涂擦或泼洒患部， $7 \sim 10$ 天后再重复1次。,
HANDBOOK-RX-0174,SRC-0087,76,TOC_MAPPED,3270,3274,第三章 猪寄生虫病用药与处方,第二节 常见的猪寄生虫病,猪蠕形螨病,猪蠕形螨病,5,,多拉菌素 0.3毫克/千克体重,用法：皮下或肌内注射。,
HANDBOOK-RX-0175,SRC-0087,76,TOC_MAPPED,3276,3284,第三章 猪寄生虫病用药与处方,第二节 常见的猪寄生虫病,猪蠕形螨病,猪蠕形螨病,6,,狼毒、白矾、白芷、硫磺各45克；花椒60克；大枫子、铜绿各30克,用法：研细为末，棉籽油调，涂患部。如全身患病，每次只涂四分之一，以防中毒。,
HANDBOOK-RX-0176,SRC-0087,76,TOC_MAPPED,3286,3290,第三章 猪寄生虫病用药与处方,第二节 常见的猪寄生虫病,猪蠕形螨病,猪蠕形螨病,7,,川椒、石灰、硫磺各50克,用法：共研细末，加桐油搽，每日1次。,
HANDBOOK-RX-0177,SRC-0087,76,TOC_MAPPED,3292,3296,第三章 猪寄生虫病用药与处方,第二节 常见的猪寄生虫病,猪蠕形螨病,猪蠕形螨病,8,,烟叶梗子、黄花菜根、大麻子仁各200克，苦楝根皮250克，硫磺100克,用法：加水2千克，煎至红赤色，去渣涂擦患处。,
HANDBOOK-RX-0178,SRC-0087,76,TOC_MAPPED,3298,3306,第三章 猪寄生虫病用药与处方,第二节 常见的猪寄生虫病,猪蠕形螨病,猪蠕形螨病,9,,蛇床子15克 白藓皮15克 当归15克 百部15克 地肤子12克 紫草12克 荆芥12克 狼毒12克；温肥皂水洗净患处，待干后将药物分次涂擦，每次面积不可过大，以免中毒。,用法：各药混合，共研为细末，另用硫磺20克、冰片12克、棉籽油或猪脂500毫升，将前8味药放入油内炸3分钟，待温后再将硫磺、冰片加入，拌匀即可。用时先用,说明：本法用于治疗仔猪疥螨病。
HANDBOOK-RX-0179,SRC-0087,78,TOC_MAPPED,3326,3330,第三章 猪寄生虫病用药与处方,第二节 常见的猪寄生虫病,猪虱病,猪虱病,1,,敌百虫,用法： $0.5\% \sim 1\%$ 的水溶液喷洒或药浴 $1 \sim 2$ 次。,
HANDBOOK-RX-0180,SRC-0087,78,TOC_MAPPED,3332,3336,第三章 猪寄生虫病用药与处方,第二节 常见的猪寄生虫病,猪虱病,猪虱病,2,,溴氰菊酯或敌虫菊酯乳剂,用法：喷洒猪体。,
HANDBOOK-RX-0181,SRC-0087,78,TOC_MAPPED,3338,3342,第三章 猪寄生虫病用药与处方,第二节 常见的猪寄生虫病,猪虱病,猪虱病,3,,双甲脒,用法： $0.025\% \sim 0.05\%$ 涂擦或泼洒患部， $7 \sim 10$ 天后重复治疗1次。,
HANDBOOK-RX-0182,SRC-0087,78,TOC_MAPPED,3344,3348,第三章 猪寄生虫病用药与处方,第二节 常见的猪寄生虫病,猪虱病,猪虱病,4,,阿维菌素或伊维菌素 0.3毫克/千克体重,用法：皮下注射或用浇泼剂在皮肤上浇注。拌入饲料，每天0.1毫克/千克体重，连用7天。,
HANDBOOK-RX-0183,SRC-0087,78,TOC_MAPPED,3350,3356,第三章 猪寄生虫病用药与处方,第二节 常见的猪寄生虫病,猪虱病,猪虱病,5,,百部 60克；烧酒 1千克,用法：百部浸酒内24小时后，滤出百部渣，用滤液涂擦患部。,
HANDBOOK-RX-0184,SRC-0087,78,TOC_MAPPED,3358,3362,第三章 猪寄生虫病用药与处方,第二节 常见的猪寄生虫病,猪虱病,猪虱病,6,,侧柏叶 500克,用法：研末煮沸，候冷洗涤猪身体 $1\sim 3$ 次。,
HANDBOOK-RX-0185,SRC-0087,78,TOC_MAPPED,3364,3368,第三章 猪寄生虫病用药与处方,第二节 常见的猪寄生虫病,猪虱病,猪虱病,7,,百部250克 苍术125克 雄黄60克，精油250毫升,用法：百部加水2000毫升，煮沸1小时，过滤，加入粉碎为细末的苍术、雄黄，再加清油调匀，每次用适量涂搽患部。,
HANDBOOK-RX-0186,SRC-0087,80,TOC_MAPPED,3391,3401,第四章 猪内科病用药与处方,第一节 普通内科病,咽炎,咽炎,1,,氯化胺；3克；人工盐；5克,用法：做成舐剂，一次服用，每天2次，连用 $2\sim 3$ 天。,
HANDBOOK-RX-0187,SRC-0087,80,TOC_MAPPED,3403,3423,第四章 猪内科病用药与处方,第一节 普通内科病,咽炎,咽炎,2,,（1）鱼石脂软膏；适量；或止痛消炎膏；适量；（2）注射用青霉素钠；100万单位；注射用水；5毫升,用法：咽喉部涂布，每天1次，连用 $3\sim 5$ 天。；用法：一次肌内注射，每天2次，连用 $3\sim 5$ 天。,
HANDBOOK-RX-0188,SRC-0087,80,TOC_MAPPED,3425,3435,第四章 猪内科病用药与处方,第一节 普通内科病,咽炎,咽炎,3,,0.25%普鲁卡因溶液；$10\sim 20$ 毫升；注射用青霉素钠；40万～80万单位,用法：混合后一次喉头周围封闭，每天2次，连用 $3\sim 5$ 天。,
HANDBOOK-RX-0189,SRC-0087,80,TOC_MAPPED,3437,3453,第四章 猪内科病用药与处方,第一节 普通内科病,咽炎,25%普鲁卡因溶液,4,,山豆根10克；麦冬10克；射干10克；桔梗10克；芒硝60克；胖大海6克；甘草12克,用法：水煎，1次灌服。,
HANDBOOK-RX-0190,SRC-0087,81,TOC_MAPPED,3499,3505,第四章 猪内科病用药与处方,第一节 普通内科病,胃肠卡他,胃肠卡他,1,,干酵母（食母生） 10克；碳酸氢钠（小苏打）3克,用法：分6次服用，每天2次。,
HANDBOOK-RX-0191,SRC-0087,81,TOC_MAPPED,3507,3511,第四章 猪内科病用药与处方,第一节 普通内科病,胃肠卡他,胃肠卡他,2,,黄连素注射液 $9\sim 10$ 毫升,用法：1次肌内注射，按1千克体重 $0.16\sim 0.2$ 毫升用药。每天2次，连用 $3\sim$ 4天。,
HANDBOOK-RX-0192,SRC-0087,81,TOC_MAPPED,3513,3523,第四章 猪内科病用药与处方,第一节 普通内科病,胃肠卡他,胃肠卡他,3,,麦芽30克 焦山楂15克；神曲30克；莱菔子30克；大黄15克 芒硝30克,用法：共研细末，每次 $30\sim 50$ 克拌料内服，每天2次，连服 $5\sim 7$ 天。,
HANDBOOK-RX-0193,SRC-0087,81,TOC_MAPPED,3525,3529,第四章 猪内科病用药与处方,第一节 普通内科病,胃肠卡他,胃肠卡他,4,针灸,穴位：后三里、后海、百会、脾俞、玉堂；针法：白针、血针。,,
HANDBOOK-RX-0194,SRC-0087,17,TOC_MAPPED,3554,3590,第四章 猪内科病用药与处方,第一节 普通内科病,胃肠炎,胃肠炎,1,,$①$ 氟苯尼考；适量；$②$ $5\%$ 葡萄糖溶液或生理盐水；$100\sim 300$ 毫升；$10\% \sim 25\%$ 葡萄糖注射液；$30\sim 50$ 毫升；5%碳酸氢钠注射液；$30\sim 50$ 毫升；$③$ 次硝酸铋 $2\sim 6$ 克；$④$ $10\%$ 安钠咖或樟脑磺酸钠注射液 $5\sim 10$ 毫升；⑤ 硫酸阿托品注射液 $2\sim 4$ 毫克,用法：按1千克体重 $10\sim 15$ 毫克拌料内服，每天2次，连用 $3\sim 4$ 天。；用法：一次静脉注射。；用法：1次内服。；用法：1次肌内注射。；用法：1次皮下注射。,说明：也可注射磺胺嘧啶钠（0.1～0.15克/千克）或 $10\%$ 增效磺胺嘧啶（0.2～0.3毫升/千克）或口服呋喃唑酮（痢特灵）（10毫克/千克）。；说明：也可用鞣酸蛋白 $2\sim 5$ 克或木炭末、锅底灰 $10\sim 30$ 克内服。
HANDBOOK-RX-0195,SRC-0087,17,TOC_MAPPED,3592,3600,第四章 猪内科病用药与处方,第一节 普通内科病,胃肠炎,胃肠炎,2,郁金散加味,郁金15克 诃子10克 黄连6克 黄芩10克；黄柏10克 桅子10克 大黄15克 白芍10克；罂粟壳6克 乌梅20克,用法：煎汁去渣，1次灌服。,
HANDBOOK-RX-0196,SRC-0087,17,TOC_MAPPED,3602,3610,第四章 猪内科病用药与处方,第一节 普通内科病,胃肠炎,胃肠炎,3,,槐花12克 地榆12克 黄芩20克 薯香20克；青蒿20克 茯苓12克 车前草20克,用法：煎汤去渣，1次灌服。,说明：用于有便血症状时。
HANDBOOK-RX-0197,SRC-0087,17,TOC_MAPPED,3612,3616,第四章 猪内科病用药与处方,第一节 普通内科病,胃肠炎,胃肠炎,4,针灸,穴位：脾俞、百会、后海；针法：白针,,
HANDBOOK-RX-0198,SRC-0087,85,TOC_MAPPED,3664,3670,第四章 猪内科病用药与处方,第一节 普通内科病,肠便秘,肠便秘,1,,硫酸钠 6克 人工盐 6克,用法：拌料给药，每天3次。,说明：也可用大黄苏打片60克，分2次喂服。或用硫酸镁40克，分两次拌料给药。
HANDBOOK-RX-0199,SRC-0087,85,TOC_MAPPED,3672,3678,第四章 猪内科病用药与处方,第一节 普通内科病,肠便秘,肠便秘,2,,食盐 100～200克；鱼石脂（用酒精溶解） $20\sim 25$ 克,用法：加温水 $8\sim 10$ 千克，待食盐化开后，1次灌服。,
HANDBOOK-RX-0200,SRC-0087,85,TOC_MAPPED,3680,3684,第四章 猪内科病用药与处方,第一节 普通内科病,肠便秘,肠便秘,3,,温肥皂水 适量,用法：深部灌肠。,
HANDBOOK-RX-0201,SRC-0087,85,TOC_MAPPED,3686,3694,第四章 猪内科病用药与处方,第一节 普通内科病,肠便秘,肠便秘,4,,槟榔6克 枳实9克 厚朴9克 大黄15克；芒硝30克,用法：水煎至 $500\sim 1000$ 毫升，1次灌服。,说明：也可使用木槟硝黄散（木香8克，槟榔6克，大黄15克，芒硝30克）。
HANDBOOK-RX-0202,SRC-0087,85,TOC_MAPPED,3696,3702,第四章 猪内科病用药与处方,第一节 普通内科病,肠便秘,肠便秘,5,,蜂蜜100克 麻油100毫升,用法：加温水适量，调匀，1次灌服。,说明：用于瘦弱、怀孕后期的母猪。
HANDBOOK-RX-0203,SRC-0087,85,TOC_MAPPED,3704,3708,第四章 猪内科病用药与处方,第一节 普通内科病,肠便秘,肠便秘,6,针灸,穴位：山根、玉堂、脾俞、后海、百会、后三里、尾尖；针法：血针、白针。,,
HANDBOOK-RX-0204,SRC-0087,86,TOC_MAPPED,3733,3739,第四章 猪内科病用药与处方,第一节 普通内科病,支气管肺炎,支气管肺炎,1,,左旋咪唑；400毫克,用法：1次喂服，按1千克体重8毫克用药。,
HANDBOOK-RX-0205,SRC-0087,86,TOC_MAPPED,3741,3747,第四章 猪内科病用药与处方,第一节 普通内科病,支气管肺炎,支气管肺炎,2,,四咪唑（驱虫净）；1克,用法：1次喂服，按1千克体重20毫克用药。,
HANDBOOK-RX-0206,SRC-0087,86,TOC_MAPPED,3749,3761,第四章 猪内科病用药与处方,第一节 普通内科病,支气管肺炎,支气管肺炎,3,,碘片；1克；碘化钾；2克；蒸馏水 1500毫升,用法：混匀灭菌后气管内注射，按1千克体重0.5毫升用药，间隔 $2\sim 3$ 天后重复使用1次，连用3次。,
HANDBOOK-RX-0207,SRC-0087,86,TOC_MAPPED,3763,3767,第四章 猪内科病用药与处方,第一节 普通内科病,支气管肺炎,支气管肺炎,4,,百部 24～60克,用法：煎汁1次灌服，每日1剂，连用 $2\sim 3$ 剂。,
HANDBOOK-RX-0208,SRC-0087,86,TOC_MAPPED,3769,3773,第四章 猪内科病用药与处方,第一节 普通内科病,支气管肺炎,支气管肺炎,5,,苍耳子、桑白皮各50克，茄子根100克,用法：煎水灌服。,
HANDBOOK-RX-0209,SRC-0087,86,TOC_MAPPED,3775,3779,第四章 猪内科病用药与处方,第一节 普通内科病,支气管肺炎,支气管肺炎,6,,板蓝根35克、大青叶30克、忍冬藤30克，煎水灌服；桑根皮、枸杞根皮、瓜萎根20克，蒲公英40克,用法：共研细末，开水冲调，1次灌服。,
HANDBOOK-RX-0210,SRC-0087,88,TOC_MAPPED,3808,3812,第四章 猪内科病用药与处方,第一节 普通内科病,纤维素性肺炎,纤维素性肺炎,1,,三棵针皮20克、麻黄5克、生姜13克，水煎汁去渣，加豆腐200克,用法：灌服，1次/天。,
HANDBOOK-RX-0211,SRC-0087,88,TOC_MAPPED,3814,3818,第四章 猪内科病用药与处方,第一节 普通内科病,纤维素性肺炎,纤维素性肺炎,2,,三棵针皮30克、鲜蒲公英40克、紫皮大蒜20克，共捣烂，加蛋清2个，食醋100毫升,用法：调匀，1次灌服。,
HANDBOOK-RX-0212,SRC-0087,89,TOC_MAPPED,3843,3849,第四章 猪内科病用药与处方,第一节 普通内科病,支气管炎,支气管炎,1,,硫酸卡那霉素注射液 50万单位,用法：1次肌内注射，按1千克体重1万单位用药。每天2次，连用 $3\sim 5$ 天。,说明：也可用庆大霉素、青霉素或环丙沙星配合地塞米松治疗。
HANDBOOK-RX-0213,SRC-0087,89,TOC_MAPPED,3851,3855,第四章 猪内科病用药与处方,第一节 普通内科病,支气管炎,支气管炎,2,,$3\%$ 盐酸麻黄素 $1\sim 2$ 毫升,用法：1次肌内注射，每天1次，连用 $3\sim 5$ 天。,
HANDBOOK-RX-0214,SRC-0087,89,TOC_MAPPED,3857,3861,第四章 猪内科病用药与处方,第一节 普通内科病,支气管炎,支气管炎,3,,复方甘草合剂 $15\sim 30$ 毫升,用法：1次灌服，每天 $2\sim 3$ 次，连用 $\acute{3}\sim 5$ 天。,
HANDBOOK-RX-0215,SRC-0087,89,TOC_MAPPED,3863,3867,第四章 猪内科病用药与处方,第一节 普通内科病,支气管炎,支气管炎,4,,癞蛤蟆 若于,用法：除去内脏，装满白矾末，用麻线扎好，阴干，用时焙干为末，每天取2克与适量白萝卜、小米煮稀饭喂饲。,
HANDBOOK-RX-0216,SRC-0087,89,TOC_MAPPED,3869,3875,第四章 猪内科病用药与处方,第一节 普通内科病,支气管炎,支气管炎,5,,款冬花15克 知母15克 川贝母15克 马兜铃15克；桔梗20克 杏仁15克 金银花15克,用法：水煎1次灌服，每天1剂。,
HANDBOOK-RX-0217,SRC-0087,89,TOC_MAPPED,3877,3883,第四章 猪内科病用药与处方,第一节 普通内科病,支气管炎,支气管炎,6,,紫菀6克 炙百部9克 白前9克 桔梗3克；橘红3克 甘草3克,用法：煎汁，1次灌服，每天1剂。,
HANDBOOK-RX-0218,SRC-0087,89,TOC_MAPPED,3885,3889,第四章 猪内科病用药与处方,第一节 普通内科病,支气管炎,支气管炎,7,针灸,穴位：苏气、大椎、风池、山根、耳尖、尾尖；针法：白针、血针。,,
HANDBOOK-RX-0219,SRC-0087,91,TOC_MAPPED,3912,3918,第四章 猪内科病用药与处方,第一节 普通内科病,膀胱炎,膀胱炎,1,,青霉素G钠 100万单位 链霉素 100万单位；注射用水 5毫升,用法：一次肌内注射，每天2次，连用 $3\sim 5$ 天。,
HANDBOOK-RX-0220,SRC-0087,91,TOC_MAPPED,3920,3926,第四章 猪内科病用药与处方,第一节 普通内科病,膀胱炎,膀胱炎,2,,$20\%$ 乌洛托品注射液 $20\sim 30$ 毫升,用法：一次静脉注射，每天1次，连用 $3\sim 5$ 天。,说明：也可用呋喃妥因（呋喃咀啶）。
HANDBOOK-RX-0221,SRC-0087,91,TOC_MAPPED,3928,3934,第四章 猪内科病用药与处方,第一节 普通内科病,膀胱炎,膀胱炎,3,,黄芩15克 桅子15克 车前子10克 木通10克；甘草15克 知母15克 黄柏15克 猪苓10克,用法：煎汤灌服，每天1剂。,
HANDBOOK-RX-0222,SRC-0087,92,TOC_MAPPED,3955,3965,第四章 猪内科病用药与处方,第一节 普通内科病,尿道结石,尿道结石,1,,青霉素；100万单位；注射用水；5毫升,用法：1次肌内注射，每天2次，连用 $3\sim 5$ 天。,
HANDBOOK-RX-0223,SRC-0087,92,TOC_MAPPED,3967,3973,第四章 猪内科病用药与处方,第一节 普通内科病,尿道结石,尿道结石,2,,1%速尿注射液；$5\sim 10$ 毫升,用法：1次肌内注射。按1千克体重 $1\sim 2$ 毫克用药，每天2次，连用 $3\sim 5$ 天。,
HANDBOOK-RX-0224,SRC-0087,92,TOC_MAPPED,3975,3979,第四章 猪内科病用药与处方,第一节 普通内科病,尿道结石,尿道结石,3,,明矾水或 $0.1\%$ 依沙吖啶（雷佛奴尔）溶液 适量,用法：冲洗尿道。,
HANDBOOK-RX-0225,SRC-0087,92,TOC_MAPPED,3981,3993,第四章 猪内科病用药与处方,第一节 普通内科病,尿道结石,尿道结石,4,,车前子12克；滑石12克；黄连12克；栀子12克；木通10克 甘草10克,用法：煎汤灌服，每天1剂。,
HANDBOOK-RX-0226,SRC-0087,93,TOC_MAPPED,4015,4019,第四章 猪内科病用药与处方,第一节 普通内科病,脑膜脑炎,脑膜脑炎,1,抑菌消炎,$10\%$ 磺胺嘧啶钠液 $20\sim 40$ 毫升 $40\%$ 乌洛托品液 $10\sim 20$ 毫升,用法：静脉注射，2次/天。,
HANDBOOK-RX-0227,SRC-0087,93,TOC_MAPPED,4021,4027,第四章 猪内科病用药与处方,第一节 普通内科病,脑膜脑炎,脑膜脑炎,2,降低颅内压，减轻脑水肿,$25\%$ 山梨醇或 $20\%$ 甘露醇 $50\sim 100$ 毫升,用法：静脉注射，1次/天。,说明：兴奋症状明显时，可应用溴化钠或溴化钾 $2\sim 5$ 克内服，或用 $10\%$ 水合氯醛 $50\sim 100$ 毫升灌肠，或用氯丙嗪按 $1\sim 3$ 毫升/千克体重肌内注射；也可服用盐类泻剂以排除秘结的积粪。
HANDBOOK-RX-0228,SRC-0087,93,TOC_MAPPED,4053,4061,第四章 猪内科病用药与处方,第一节 普通内科病,日射病与热射病,日射病与热射病,1,,(1) $10\%$ 樟脑磺酸钠注射液 4～6毫升；(2） $5\%$ 葡萄糖生理盐水 $200\sim 500$ 毫升,用法：1次肌内注射，每天2次。；用法：耳静脉放血 $100\sim 300$ 毫升后1次静脉注射， $4\sim 6$ 小时后重复1次。,
HANDBOOK-RX-0229,SRC-0087,93,TOC_MAPPED,4063,4067,第四章 猪内科病用药与处方,第一节 普通内科病,日射病与热射病,日射病与热射病,2,,鱼腥草100克 野菊花100克 淡竹叶100克 陈皮25克,用法：煎水1000毫升，1次灌服。,
HANDBOOK-RX-0230,SRC-0087,93,TOC_MAPPED,4069,4075,第四章 猪内科病用药与处方,第一节 普通内科病,日射病与热射病,日射病与热射病,3,,生石膏25克 鲜芦根70克 薯香10克 佩兰10克；青蒿10克 薄荷10克 鲜荷叶70克,用法：水煎灌服，每日1剂。,
HANDBOOK-RX-0231,SRC-0087,93,TOC_MAPPED,4077,4081,第四章 猪内科病用药与处方,第一节 普通内科病,日射病与热射病,日射病与热射病,4,针灸,穴位：山根、天门、血印、耳尖、尾尖、鼻梁、涌泉、滴水、蹄头；针法：血针。,,
HANDBOOK-RX-0232,SRC-0087,57,TOC_MAPPED,4117,4125,第四章 猪内科病用药与处方,第一节 普通内科病,猪应激综合征,诊断,1,,盐酸氯丙嗪 $1\sim 2$ 毫克/千克体重；或安定 $1\sim 7$ 毫克/千克体重,用法：一次肌内注射。,说明：也可应用维生素C与亚硒酸钠维生素E合剂、盐酸苯海拉明、水杨酸等。静脉注射 $5\%$ 碳酸氢钠溶液可防止酸中毒。
HANDBOOK-RX-0233,SRC-0087,96,TOC_MAPPED,4154,4162,第四章 猪内科病用药与处方,第二节 营养代谢性疾病,新生仔猪低血糖症,新生仔猪低血糖症,1,,$①$ $50\%$ 葡萄糖注射液 20毫升；② 维生素 $\mathrm{B}_{12}$ 注射液 $2\sim 3$ 毫升,用法：1次静脉注射，每天1次；用法：一次肌内注射，每天1次。,
HANDBOOK-RX-0234,SRC-0087,96,TOC_MAPPED,4164,4174,第四章 猪内科病用药与处方,第二节 营养代谢性疾病,新生仔猪低血糖症,新生仔猪低血糖症,2,,当归20克；黄芪20克；红糖30克,用法：当归、黄芪加水煎成100毫升，加入红糖混匀后一次灌服。,说明：痉挛者加钩藤20克，四肢无力者加牛膝20克、木瓜20克。
HANDBOOK-RX-0235,SRC-0087,96,TOC_MAPPED,4176,4182,第四章 猪内科病用药与处方,第二节 营养代谢性疾病,新生仔猪低血糖症,新生仔猪低血糖症,3,,鸡血藤50克；食糖25克,用法：鸡血藤加水煎成50毫升，加糖混匀，1次灌服，每天3次。,
HANDBOOK-RX-0236,SRC-0087,99,TOC_MAPPED,4235,4239,第四章 猪内科病用药与处方,第二节 营养代谢性疾病,佝偻病,佝偻病,1,,$10\%$ 葡萄糖酸钙注射液 $20\sim 50$ 毫升,用法：1次静脉注射，每天1次，连用 $5\sim 7$ 天。,
HANDBOOK-RX-0237,SRC-0087,99,TOC_MAPPED,4241,4245,第四章 猪内科病用药与处方,第二节 营养代谢性疾病,佝偻病,佝偻病,2,,维丁胶性钙 8～10毫升,用法：按1千克体重0.2毫升1次肌内注射或脾俞穴注射，每天1次，连用 $5\sim$ 7天。,
HANDBOOK-RX-0238,SRC-0087,99,TOC_MAPPED,4247,4251,第四章 猪内科病用药与处方,第二节 营养代谢性疾病,佝偻病,佝偻病,3,,维生素A、D合剂 $2\sim 4$ 毫升,用法：1次肌内注射，每天1次，连用 $5\sim 7$ 天。,
HANDBOOK-RX-0239,SRC-0087,99,TOC_MAPPED,4253,4271,第四章 猪内科病用药与处方,第二节 营养代谢性疾病,佝偻病,佝偻病,4,健骨散,骨粉 $70\%$；小麦麸 $18\%$；仙灵脾 $1.5\%$；五加皮 $1.5\%$；茯苓 $2.5\%$；白芍 $2.5\%$；苍术 $1.5\%$；大黄 $2.5\%$,用法：共研细末，加入骨粉混匀，每天取 $30\sim 50$ 克，分2次拌料喂服，连喂1周。,
HANDBOOK-RX-0240,SRC-0087,100,TOC_MAPPED,4296,4300,第四章 猪内科病用药与处方,第二节 营养代谢性疾病,骨软病,骨软病,1,,骨粉、磷酸盐,用法：采用骨粉、磷酸盐饲喂，配合注射200单位维生素D，每周1次，连用2次，并在饲料中添加矿物质，调整日粮中钙、磷比例。,
HANDBOOK-RX-0241,SRC-0087,100,TOC_MAPPED,4302,4308,第四章 猪内科病用药与处方,第二节 营养代谢性疾病,骨软病,骨软病,2,,$10\%$ 氯化钙 $50 \sim 100$ 毫升或 $10\%$ 葡萄糖酸钙 $10 \sim 50$ 毫克；维生素D $1500\sim 3000$ 单位,用法：氯化钙或葡萄糖酸钙静脉注射，维生素D肌内注射。,
HANDBOOK-RX-0242,SRC-0087,100,TOC_MAPPED,4310,4314,第四章 猪内科病用药与处方,第二节 营养代谢性疾病,骨软病,骨软病,3,,维丁胶性钙 $4\sim 10$ 毫升,用法：肌内注射，2次/天，连用 $5\sim 7$ 天,
HANDBOOK-RX-0243,SRC-0087,101,TOC_MAPPED,4349,4353,第四章 猪内科病用药与处方,第二节 营养代谢性疾病,维生素A缺乏症,维生素A缺乏症,1,,精制鱼肝油 $5\sim 10$ 毫升,用法：分点皮下注射。,
HANDBOOK-RX-0244,SRC-0087,101,TOC_MAPPED,4355,4361,第四章 猪内科病用药与处方,第二节 营养代谢性疾病,维生素A缺乏症,维生素A缺乏症,2,,维生素A注射液 50万单位,用法：1次肌内注射，隔日1次。,说明：也可用维生素A、D合剂 $2\sim 5$ 毫升，隔日肌内注射1次。
HANDBOOK-RX-0245,SRC-0087,101,TOC_MAPPED,4363,4367,第四章 猪内科病用药与处方,第二节 营养代谢性疾病,维生素A缺乏症,维生素A缺乏症,3,,党参、黄芪、熟地、焦白术、甘草各25克,用法：1次煎服。,
HANDBOOK-RX-0246,SRC-0087,101,TOC_MAPPED,4369,4373,第四章 猪内科病用药与处方,第二节 营养代谢性疾病,维生素A缺乏症,维生素A缺乏症,4,,胡萝卜150克、韭菜120克,用法：1次混入饲料中饲喂，1次/天。,
HANDBOOK-RX-0247,SRC-0087,101,TOC_MAPPED,4375,4381,第四章 猪内科病用药与处方,第二节 营养代谢性疾病,维生素A缺乏症,维生素A缺乏症,5,,苍术粉；$5\sim 10$ 克,用法：仔猪1次内服，每天2次，连用数天。,
HANDBOOK-RX-0248,SRC-0087,103,TOC_MAPPED,4402,4406,第四章 猪内科病用药与处方,第二节 营养代谢性疾病,维生素B缺乏症,维生素B缺乏症,1,,硫胺素 0.25～0.5毫克/千克,用法：对于严重缺乏者，应肌内注射或静脉注射，每3小时1次，连用 $3\sim 4$ 天。,
HANDBOOK-RX-0249,SRC-0087,103,TOC_MAPPED,4408,4412,第四章 猪内科病用药与处方,第二节 营养代谢性疾病,维生素B缺乏症,维生素B缺乏症,2,,丙硫酸胺,用法：肌内注射， $0.25\sim 0.5$ 毫克/千克体重。,
HANDBOOK-RX-0250,SRC-0087,103,TOC_MAPPED,4414,4418,第四章 猪内科病用药与处方,第二节 营养代谢性疾病,维生素B缺乏症,维生素B缺乏症,3,,呋喃硫胺,用法：肌内注射， $0.1\sim 0.3$ 毫克/千克体重。,
HANDBOOK-RX-0251,SRC-0087,103,TOC_MAPPED,4420,4426,第四章 猪内科病用药与处方,第二节 营养代谢性疾病,维生素B缺乏症,维生素B缺乏症,4,,当归素；# （二）维生素 $\mathbf{B}_2$ （ $\mathrm{VB}_2$ ，核黄素）缺乏症,用法：肌内注射， $2\sim 4$ 毫升，作为辅助治疗。,
HANDBOOK-RX-0252,SRC-0087,103,TOC_MAPPED,4441,4445,第四章 猪内科病用药与处方,第二节 营养代谢性疾病,维生素B缺乏症,维生素B缺乏症,1,,维生素 $\mathbf{B}_2$ 针剂 0.02~0.03克,用法：肌内注射，1次/天，连用3天。严重病例，按仔猪 $5\sim 6$ 毫克/头、成年猪 $50\sim 70$ 毫克/头在饲料中添加维生素 $\mathbf{B}_2$ ，连用 $8\sim 15$ 天。,
HANDBOOK-RX-0253,SRC-0087,103,TOC_MAPPED,4447,4453,第四章 猪内科病用药与处方,第二节 营养代谢性疾病,维生素B缺乏症,维生素B缺乏症,2,,饲用酵母；# （三）维生素 $\mathbf{B}_3$ （ $\mathrm{VB}_3$ ，泛酸）缺乏症,用法：饲料中添加，仔猪 $10\sim 20$ 克/头，成年猪 $30\sim 60$ 克/头，2次/天，连用 $7\sim$ 15天。,
HANDBOOK-RX-0254,SRC-0087,103,TOC_MAPPED,4469,4473,第四章 猪内科病用药与处方,第二节 营养代谢性疾病,维生素B缺乏症,维生素B缺乏症,1,,泛酸钙,用法：在猪饲料中添加，500 微克/千克体重，或 $10 \sim 12$ 克/千克饲料。,
HANDBOOK-RX-0255,SRC-0087,103,TOC_MAPPED,4475,4481,第四章 猪内科病用药与处方,第二节 营养代谢性疾病,维生素B缺乏症,维生素B缺乏症,2,,维生素 $\mathrm{B}_{3}$；# （四）维生素 $\mathrm{B_4}$ （ $\mathrm{VB}_4$ ，胆碱）缺乏症,用法：在饲料中按 $11\sim 13.2$ 克/千克饲料添加，用于处于生长发育阶段的猪；在饲料中按 $3.2\sim 16.5$ 克/千克饲料添加，用于繁殖泌乳阶段的猪。,
HANDBOOK-RX-0256,SRC-0087,103,TOC_MAPPED,4512,4518,第四章 猪内科病用药与处方,第二节 营养代谢性疾病,维生素B缺乏症,维生素B缺乏症,9,,烟酸；# （六）维生素 $\mathrm{B}_6$ （ $\mathrm{VB}_6$ ，吡哆醇）缺乏症,用法：在饲料中添加。生长期猪对烟酸的需要量为 $0.6 \sim 1$ 毫克/千克体重，而成年猪则为 $0.1 \sim 0.4$ 毫克/千克体重。对于烟酸缺乏的病猪，饲料中添加量一般为 $10 \sim 20$ 克/千克。,
HANDBOOK-RX-0257,SRC-0087,103,TOC_MAPPED,4532,4538,第四章 猪内科病用药与处方,第二节 营养代谢性疾病,维生素B缺乏症,维生素B缺乏症,10,,吡哆醇；# （七）维生素 $\mathbf{B}_7$ （ $\mathrm{VB}_7$ ，生物素）缺乏症,用法：在饲料中添加，猪对吡哆醇的需要量为1毫克/千克饲料，或0.1毫克/千克体重。,
HANDBOOK-RX-0258,SRC-0087,103,TOC_MAPPED,4568,4574,第四章 猪内科病用药与处方,第二节 营养代谢性疾病,维生素B缺乏症,维生素B缺乏症,11,,叶酸；# （九）维生素 $\mathrm{B}_{12}$ （ $\mathrm{VB}_{12}$ ，氰钴胺，钴胺素）缺乏症,用法：对于已经出现叶酸缺乏症的病猪，则需肌内注射叶酸制剂， $0.1\sim 0.2$ 毫克/千克体重，1次/月，同时给予维生素 $\mathbf{B}_{12}$ 疗效更佳。,
HANDBOOK-RX-0259,SRC-0087,103,TOC_MAPPED,4590,4594,第四章 猪内科病用药与处方,第二节 营养代谢性疾病,维生素B缺乏症,维生素B缺乏症,12,,维生素 $\mathbf{B}_{12}$,用法：病情严重者，应补给氰钴胺或羟钴胺进行治疗，猪对维生素 $\mathbf{B}_{12}$ 的需要量为 $20\sim 40$ 微克/天，治疗量为 $300\sim 400$ 微克/天；或肌内注射维生素 $\mathbf{B}_{12}$ ，也可配合注射铁钴注射液。,
HANDBOOK-RX-0260,SRC-0087,108,TOC_MAPPED,4634,4644,第四章 猪内科病用药与处方,第二节 营养代谢性疾病,硒-维生素E缺乏症,硒-维生素E缺乏症,1,,(1) $0.1\%$ 亚硒酸钠溶液 $0.02 \sim 0.04$ 毫升；（2）维生素E注射液 $100\sim 300$ 毫克；注：亚硒酸钠的治疗量和中毒量非常接近，因此用药时一定要慎重。,用法：1次皮下注射，按 $0.001\sim 0.003$ 克用药，隔日重复1次。；用法：1次肌内注射，隔日1次。,
HANDBOOK-RX-0261,SRC-0087,108,TOC_MAPPED,4646,4650,第四章 猪内科病用药与处方,第二节 营养代谢性疾病,硒-维生素E缺乏症,硒-维生素E缺乏症,2,,熟地15克，当归15克，川芎12克，白芍15克，川断12克，杜仲10克，麦芽30克，山楂30克，黄芪20克，枸杞子15克，阿胶12克，首乌15克,用法：水煎去渣，加阿胶烊化，灌服，1剂/天。,
HANDBOOK-RX-0262,SRC-0087,108,TOC_MAPPED,4652,4656,第四章 猪内科病用药与处方,第二节 营养代谢性疾病,硒-维生素E缺乏症,硒-维生素E缺乏症,3,,熟地12克，当归15克，生地12克，首乌15克，枸杞子12克，女贞子12克，阿胶15克，肉苁蓉15克，菟丝子15克，甘草10克,用法：水煎去渣，加阿胶烊化，灌服，1剂/天。,
HANDBOOK-RX-0263,SRC-0087,110,TOC_MAPPED,4675,4681,第四章 猪内科病用药与处方,第二节 营养代谢性疾病,维生素K缺乏症,维生素K缺乏症,1,,维生素 $\mathbf{K}_3$,用法：肌内注射维生素 $\mathrm{K}_{3}$ （亚硫酸氢钠甲萘醌） $10\sim 30$ 毫克， $1\sim 2$ 次/天，连用 $3\sim 5$ 天； $5\%$ 氯化钙 $1\sim 5$ 克， $5\%$ 葡萄糖 $250\sim 500$ 毫升，静脉注射。,对病猪治疗时应注意胰、胆的分泌功能，以利于维生素K的吸收。
HANDBOOK-RX-0264,SRC-0087,110,TOC_MAPPED,4707,4713,第四章 猪内科病用药与处方,第二节 营养代谢性疾病,仔猪营养性贫血,仔猪营养性贫血,1,,右旋糖苷铁注射液 $2\sim 3$ 毫升,用法：1次肌内注射。,说明：也可用葡聚糖苷铁、焦磷酸铁、生血素或血多素等。
HANDBOOK-RX-0265,SRC-0087,110,TOC_MAPPED,4715,4719,第四章 猪内科病用药与处方,第二节 营养代谢性疾病,仔猪营养性贫血,仔猪营养性贫血,2,,硫酸亚铁 5克 酵母粉（食母生） 10克,用法：混匀后，分成10包，每天1包，拌料内服。,
HANDBOOK-RX-0266,SRC-0087,110,TOC_MAPPED,4721,4731,第四章 猪内科病用药与处方,第二节 营养代谢性疾病,仔猪营养性贫血,仔猪营养性贫血,3,,(1) $0.25\%$ 硫酸亚铁水溶液；适量；(2) 维生素 $\mathrm{B}_{12}$ 注射液 $2 \sim 4$ 毫升,用法：饮服。；用法：1次肌内注射，每天1次，连用 $3\sim 5$ 天。,
HANDBOOK-RX-0267,SRC-0087,110,TOC_MAPPED,4733,4741,第四章 猪内科病用药与处方,第二节 营养代谢性疾病,仔猪营养性贫血,仔猪营养性贫血,4,,硫酸亚铁2.5克；硫酸铜1克；氧化铝2.5克,用法：加水1000毫升，以纱布过滤，每只猪每次用半匙，拌料或混在水中喂给。,
HANDBOOK-RX-0268,SRC-0087,110,TOC_MAPPED,4743,4759,第四章 猪内科病用药与处方,第二节 营养代谢性疾病,仔猪营养性贫血,仔猪营养性贫血,5,,党参10克；白术10克；茯苓10克；神曲10克；熟地10克；厚朴10克；山楂10克,用法：煎汤，1次灌服。,
HANDBOOK-RX-0269,SRC-0087,112,TOC_MAPPED,4787,4791,第四章 猪内科病用药与处方,第二节 营养代谢性疾病,碘缺乏症,碘缺乏症,1,,碘化钠或碘化钾 $0.5\sim 2$ 克,用法：灌服，连用数日。,
HANDBOOK-RX-0270,SRC-0087,113,TOC_MAPPED,4814,4822,第四章 猪内科病用药与处方,第二节 营养代谢性疾病,锌缺乏症,锌缺乏症,1,,（1）硫酸锌 $0.5\sim 1$ 克；（2）氧化锌软膏 适量,用法：1次拌料内服，每天1次，连用 $3\sim 5$ 天。；用法：外涂皮肤开裂处。,
HANDBOOK-RX-0271,SRC-0087,113,TOC_MAPPED,4824,4828,第四章 猪内科病用药与处方,第二节 营养代谢性疾病,锌缺乏症,锌缺乏症,2,,蒲公英30克，车前子30克，黄连120克，酸枣仁240克，小蓟200克，侧柏籽200克,用法：加水煎熬浓缩于30千克，可供给60头猪自饮，药渣捣碎加入饲料中让猪自由采食，1剂/天，连用4天；,
HANDBOOK-RX-0272,SRC-0087,113,TOC_MAPPED,4830,4834,第四章 猪内科病用药与处方,第二节 营养代谢性疾病,锌缺乏症,锌缺乏症,3,,陈皮50克，砂仁15克，党参80克，茯苓80克，山药80克，白扁豆80克，白术80克，莲子80克，薏苡仁80克，大枣80克，桔梗30克,用法：将其煎液与少量稀粥混合喂服，可供8头仔猪1天食用，连服3天，治疗期间不服其他补锌药品。,
HANDBOOK-RX-0273,SRC-0087,113,TOC_MAPPED,4836,4840,第四章 猪内科病用药与处方,第二节 营养代谢性疾病,锌缺乏症,锌缺乏症,4,,甜菜1500克，蒲公英150克，硫酸锌0.3克，小蓟100克，车前子100克，兰草100克,用法：将上述药切碎拌入饲料饲喂，可供给1头猪1天食用，7天为一疗程，一般 $1\sim 3$ 个疗程即可治愈。,
HANDBOOK-RX-0274,SRC-0087,114,TOC_MAPPED,4861,4865,第四章 猪内科病用药与处方,第二节 营养代谢性疾病,锰缺乏症,锰缺乏症,1,,硫酸锰 $12\sim 20$ 克/千克,用法：在饲料中添加。,
HANDBOOK-RX-0275,SRC-0087,114,TOC_MAPPED,4867,4871,第四章 猪内科病用药与处方,第二节 营养代谢性疾病,锰缺乏症,锰缺乏症,2,,1:3000的高锰酸钾,用法：饮水，可预防锰缺乏的发生。,
HANDBOOK-RX-0276,SRC-0087,115,TOC_MAPPED,4893,4899,第四章 猪内科病用药与处方,第二节 营养代谢性疾病,铜缺乏症,铜缺乏症,1,,硫酸铜 $20\sim 30$ 毫克；可将硫酸铜按 $0.5\%$ 混于食盐内让患猪舔食。,用法：灌服，1次/天，每服用 $14\sim 21$ 天需停药 $7\sim 14$ 天，直至症状完全消失。也,
HANDBOOK-RX-0277,SRC-0087,116,TOC_MAPPED,4927,4939,第四章 猪内科病用药与处方,第三节 中毒病,硝酸盐和亚硝酸盐中毒,硝酸盐和亚硝酸盐中毒,1,,$①$ $1 \%$ 亚甲蓝（美蓝）溶液 50毫升；$②$ $10\%$ 葡萄糖注射液 300毫升 $5 \%$ 维生素C注射液 $10\sim 20$ 毫升；$10\%$ 安钠咖注射液 $5\sim 10$ 毫升,用法：1次静脉注射，按1千克体重1毫升用药。；用法：混合后1次静脉注射。,说明：也可用甲苯胺蓝（5毫克/千克）静脉注射。
HANDBOOK-RX-0278,SRC-0087,116,TOC_MAPPED,4941,4945,第四章 猪内科病用药与处方,第三节 中毒病,硝酸盐和亚硝酸盐中毒,硝酸盐和亚硝酸盐中毒,2,,绿豆200克 小苏打100克 食盐60克 木炭末100克,用法：研碎，加少量水调匀后1次灌服，每天1剂，连用2天。,
HANDBOOK-RX-0279,SRC-0087,116,TOC_MAPPED,4947,4951,第四章 猪内科病用药与处方,第三节 中毒病,硝酸盐和亚硝酸盐中毒,硝酸盐和亚硝酸盐中毒,3,,绿豆粉250克 甘草末100克,用法：开水冲调后加菜油200毫升，1次灌服。,
HANDBOOK-RX-0280,SRC-0087,116,TOC_MAPPED,4953,4957,第四章 猪内科病用药与处方,第三节 中毒病,硝酸盐和亚硝酸盐中毒,硝酸盐和亚硝酸盐中毒,4,,十滴水 $5\sim 15$ 毫升,用法：先给病猪断尾或尾尖、耳尖针刺放血，然后按小猪 $5\sim 10$ 毫升、大猪15毫升1次灌服。,
HANDBOOK-RX-0281,SRC-0087,116,TOC_MAPPED,4959,4963,第四章 猪内科病用药与处方,第三节 中毒病,硝酸盐和亚硝酸盐中毒,硝酸盐和亚硝酸盐中毒,5,针灸,穴位：耳尖、尾尖、蹄头；针法：放血。,,
HANDBOOK-RX-0282,SRC-0087,117,TOC_MAPPED,4988,5008,第四章 猪内科病用药与处方,第三节 中毒病,氢氰酸中毒,氢氰酸中毒,1,,$①$ 亚硝酸钠；$0.1\sim 0.2$ 克；注射用水；5毫升；② 硫代硫酸钠；$1\sim 3$ 克；注射用水；$10\sim 20$ 毫升,用法：1次静脉注射。；用法：1次静脉注射。,
HANDBOOK-RX-0283,SRC-0087,117,TOC_MAPPED,5010,5018,第四章 猪内科病用药与处方,第三节 中毒病,氢氰酸中毒,氢氰酸中毒,2,,绿豆50克；蔗糖30克；鲜鸡蛋3枚,用法：绿豆水煎后加蔗糖、鸡蛋，混合1次投服。,
HANDBOOK-RX-0284,SRC-0087,118,TOC_MAPPED,5042,5058,第四章 猪内科病用药与处方,第三节 中毒病,棉籽饼中毒,棉籽饼中毒,1,,$①$ $0.03\%$ 高锰酸钾溶液 适量 或 $5 \%$ 碳酸氢钠溶液 适量或 $3 \%$ 过氧化氢（加 $10\sim 20$ 倍水稀释） 适量；$②$ 硫酸钠 $50\sim 100$ 克 健胃散 $5\sim 10$ 克；$③$ $50\%$ 次亚硫酸钠溶液 $10\sim 20$ 毫升,用法：反复洗胃。；用法：混合后加适量温水1次投服。；用法：1次静脉注射，每天 $2\sim 3$ 次。,说明：洗胃后可灌服多量 $5\%$ 碳酸氢钠溶液。出现肺水肿时可静脉注射甘露醇或山梨醇。；说明：也可用硫酸镁 $60\sim 120$ 克、人工盐 $10\sim 20$ 克混合后加适量温水投服。
HANDBOOK-RX-0285,SRC-0087,118,TOC_MAPPED,5060,5064,第四章 猪内科病用药与处方,第三节 中毒病,棉籽饼中毒,棉籽饼中毒,2,,5%氯化钙注射液 20毫升 $40\%$ 乌洛托品注射液 10毫升,用法：1次静脉注射。,
HANDBOOK-RX-0286,SRC-0087,118,TOC_MAPPED,5066,5070,第四章 猪内科病用药与处方,第三节 中毒病,棉籽饼中毒,棉籽饼中毒,3,,绿豆粉500克 苏打粉45克,用法：水调1次灌服，或混于泄水中喂服。,
HANDBOOK-RX-0287,SRC-0087,119,TOC_MAPPED,5094,5102,第四章 猪内科病用药与处方,第三节 中毒病,菜籽饼中毒,菜籽饼中毒,1,,$①$ $0.1\% \sim 1\%$ 的单宁酸或 $0.05\%$ 高锰酸钾液适量；$②$ 蛋清、牛奶或豆浆 适量,用法：洗胃。；用法：1次灌服。,
HANDBOOK-RX-0288,SRC-0087,119,TOC_MAPPED,5104,5108,第四章 猪内科病用药与处方,第三节 中毒病,菜籽饼中毒,菜籽饼中毒,2,,硫酸钠 $35\sim 50$ 克 小苏打 $5\sim 8$ 克 鱼石脂1克,用法：加水100毫升，1次灌服。,
HANDBOOK-RX-0289,SRC-0087,119,TOC_MAPPED,5110,5114,第四章 猪内科病用药与处方,第三节 中毒病,菜籽饼中毒,菜籽饼中毒,3,,$20\%$ 樟脑油 $3\sim 6$ 毫升,用法：1次皮下注射。,
HANDBOOK-RX-0290,SRC-0087,119,TOC_MAPPED,5116,5120,第四章 猪内科病用药与处方,第三节 中毒病,菜籽饼中毒,菜籽饼中毒,4,,甘草60克 绿豆60克,用法：水煎去渣，1次灌服。,
HANDBOOK-RX-0291,SRC-0087,119,TOC_MAPPED,5122,5128,第四章 猪内科病用药与处方,第三节 中毒病,菜籽饼中毒,菜籽饼中毒,5,,绿豆1000克 甘草500克 山栀200克,用法：加水适量，煮沸0.5小时，取汁加蜂蜜1000克，候温让猪自饮，每3小时1次，连饮至愈。,说明：适合轻症病例。
HANDBOOK-RX-0292,SRC-0087,121,TOC_MAPPED,5151,5155,第四章 猪内科病用药与处方,第三节 中毒病,酒糟中毒,酒糟中毒,1,,硫酸镁 $50\sim 100$ 克 大黄末 $20\sim 30$ 克,用法：加水溶解，1次灌服。,
HANDBOOK-RX-0293,SRC-0087,121,TOC_MAPPED,5157,5167,第四章 猪内科病用药与处方,第三节 中毒病,酒糟中毒,酒糟中毒,2,,$①$ $25\%$ 葡萄糖注射液 $30\sim 50$ 毫升 $10\%$ 氯化钙注射液 $10\sim 20$ 毫升；$10\%$ 安钠咖注射液 $5\sim 10$ 毫升；$②$ $1\%$ 碳酸氢钠溶液 $300\sim 500$ 毫升,用法：1次静脉注射。；用法：1次灌服。,
HANDBOOK-RX-0294,SRC-0087,121,TOC_MAPPED,5169,5175,第四章 猪内科病用药与处方,第三节 中毒病,酒糟中毒,酒糟中毒,3,,葛根150克 甘草20克；注：对局部病变进行外科处理。,用法：水煎取汁，1次灌服。,
HANDBOOK-RX-0295,SRC-0087,121,TOC_MAPPED,5177,5183,第四章 猪内科病用药与处方,第三节 中毒病,酒糟中毒,酒糟中毒,4,,金银花150克 野菊花150克 土茯苓100克 千里光150克；木通50克 紫花地丁100克,用法：水煎后灌服，每日2次，每剂用1天，连服3剂。,
HANDBOOK-RX-0296,SRC-0087,122,TOC_MAPPED,5219,5229,第四章 猪内科病用药与处方,第三节 中毒病,黄曲霉毒素中毒,黄曲霉毒素中毒,1,,茵陈20克；栀子20克；大黄20克,用法：水煎去渣，待凉后加葡萄糖 $30\sim 60$ 克、维生素 $\mathrm{C}0.1\sim 0.5$ 克混合，1次灌服。,说明：同时更换饲料，环境消毒。
HANDBOOK-RX-0297,SRC-0087,122,TOC_MAPPED,5231,5239,第四章 猪内科病用药与处方,第三节 中毒病,黄曲霉毒素中毒,黄曲霉毒素中毒,2,,防风15克；甘草30克；绿豆500克,用法：水煎取汁，加入白糖60克，混匀后1次灌服。,
HANDBOOK-RX-0298,SRC-0087,124,TOC_MAPPED,5270,5282,第四章 猪内科病用药与处方,第三节 中毒病,食盐中毒,食盐中毒,1,,20%甘露醇溶液；$100\sim 250$ 毫升；25%硫酸镁溶液；$10\sim 25$ 毫升,用法：混合后1次静脉注射，按1千克体重前者5毫升、后者0.5毫升用药。,说明：也可用溴化钙 $1\sim 2$ 克溶于 $10\sim 20$ 毫升蒸馏水中，过滤，煮沸灭菌后，耳静脉注射。
HANDBOOK-RX-0299,SRC-0087,124,TOC_MAPPED,5284,5294,第四章 猪内科病用药与处方,第三节 中毒病,食盐中毒,食盐中毒,2,,生石膏35克；天花粉35克；鲜芦根45克；绿豆50克,用法：煎汤1次灌服。,
HANDBOOK-RX-0300,SRC-0087,124,TOC_MAPPED,5296,5300,第四章 猪内科病用药与处方,第三节 中毒病,食盐中毒,食盐中毒,3,针灸,穴位：耳尖、尾尖、百会、天门、脑俞；针法：血针、白针。,,
HANDBOOK-RX-0301,SRC-0087,125,TOC_MAPPED,5328,5338,第四章 猪内科病用药与处方,第三节 中毒病,马铃薯中毒,马铃薯中毒,1,,硫酸镁；$30\sim 60$ 克；菜油；$60\sim 150$ 毫升,用法：加水300毫升调匀1次灌服。,
HANDBOOK-RX-0302,SRC-0087,125,TOC_MAPPED,5340,5348,第四章 猪内科病用药与处方,第三节 中毒病,马铃薯中毒,马铃薯中毒,2,,1%鞣酸溶液；$100\sim 200$ 毫升；注：根据病情配合强心、镇静、补液等治疗。,用法：1次灌服。,
HANDBOOK-RX-0303,SRC-0087,126,TOC_MAPPED,5369,5381,第四章 猪内科病用药与处方,第三节 中毒病,苦楝子中毒,苦楝子中毒,1,,$①$ $1 \%$ 硫酸铜溶液 50毫升；② $1\%$ 硫酸阿托品注射液 $2 \sim 10$ 毫升；$③$ $50\%$ 葡萄糖注射液 $50\sim 100$ 毫升 $10\%$ 安钠咖注射液 $5\sim 10$ 毫升,用法：1次灌服。；用法：1次皮下注射。；用法：1次静脉注射。,
HANDBOOK-RX-0304,SRC-0087,126,TOC_MAPPED,5383,5391,第四章 猪内科病用药与处方,第三节 中毒病,苦楝子中毒,苦楝子中毒,2,,$①$ 藜芦 $9\sim 15$ 克；$②$ 麻仁15克 莱菔子15克 玄明粉15克,用法：加水煎汤，1次灌服。；用法：前两味煎汤，冲入玄明粉1次灌服。,
HANDBOOK-RX-0305,SRC-0087,126,TOC_MAPPED,5393,5397,第四章 猪内科病用药与处方,第三节 中毒病,苦楝子中毒,苦楝子中毒,3,针灸,穴位：山根、太阳、耳尖、尾尖、涌泉、蹄头；针法：血针。,,
HANDBOOK-RX-0306,SRC-0087,127,TOC_MAPPED,5424,5430,第四章 猪内科病用药与处方,第三节 中毒病,有机磷农药中毒,有机磷农药中毒,1,,1%硫酸阿托品注射液 100~200毫克,用法：1次皮下注射，按1千克体重 $2\sim 4$ 毫克用药。,说明：注射后要注意观察瞳孔的变化，如20分钟后无明显好转，应重复注射1次。
HANDBOOK-RX-0307,SRC-0087,127,TOC_MAPPED,5432,5436,第四章 猪内科病用药与处方,第三节 中毒病,有机磷农药中毒,有机磷农药中毒,2,,$4\%$ 解磷定注射液 0.75～1.5克,用法：1次静脉注射或腹腔注射，按1千克体重 $15\sim 30$ 毫克用药。,
HANDBOOK-RX-0308,SRC-0087,127,TOC_MAPPED,5438,5440,第四章 猪内科病用药与处方,第三节 中毒病,有机磷农药中毒,有机磷农药中毒,3,,12.5%双复磷注射液 0.75~1.5克,,
HANDBOOK-RX-0309,SRC-0087,127,TOC_MAPPED,5442,5442,第四章 猪内科病用药与处方,第三节 中毒病,有机磷农药中毒,5%双复磷注射液0.75~1.5克,2,。,,,
HANDBOOK-RX-0310,SRC-0087,127,TOC_MAPPED,5444,5448,第四章 猪内科病用药与处方,第三节 中毒病,有机磷农药中毒,5%双复磷注射液0.75~1.5克,4,,绿豆（去壳）250克 甘草50克 滑石50克,用法：共为细末，开水冲调，候温1次灌服。,
HANDBOOK-RX-0311,SRC-0087,129,TOC_MAPPED,5493,5505,第四章 猪内科病用药与处方,第三节 中毒病,有机氯农药中毒,有机氯农药中毒,1,缓解兴奋用,苯巴比妥钠；4毫克/千克体重；或氯丙嗪；$1\sim 2$ 毫克/千克；体重,用法：肌内注射，并可同时采取强心、利尿和保肝措施。,
HANDBOOK-RX-0312,SRC-0087,130,TOC_MAPPED,5549,5563,第四章 猪内科病用药与处方,第三节 中毒病,磷化锌中毒,磷化锌中毒,1,,$1\%$ 硫酸铜溶液 $25\sim 50$ 毫升；$②$ 健胃散，人工盐或硫酸钠 适量；$③$ $50\%$ 葡萄糖注射液 $20\sim 30$ 毫升 $10\%$ 安钠咖注射液 $5\sim 10$ 毫升；5%碳酸氢钠注射液 $50\sim 100$ 毫升,用法：1次灌服。；用法：胃管投服。；用法：1次静脉注射。,
HANDBOOK-RX-0313,SRC-0087,130,TOC_MAPPED,5565,5569,第四章 猪内科病用药与处方,第三节 中毒病,磷化锌中毒,磷化锌中毒,2,,仙人掌 30～50克,用法：捣碎后加适量水1次灌服。,
HANDBOOK-RX-0314,SRC-0087,131,TOC_MAPPED,5592,5606,第四章 猪内科病用药与处方,第三节 中毒病,安妥中毒,安妥中毒,1,,$1\%$ 硫酸铜溶液 $25\sim 50$ 毫升；② 健胃散，人工盐或硫酸钠 适量；$③$ $50\%$ 葡萄糖注射液 $20\sim 30$ 毫升 $10\%$ 安钠咖注射液 $5\sim 10$ 毫升；$5\%$ 碳酸氢钠注射液 $50\sim 100$ 毫升,用法：1次灌服。；用法：胃管投服。；用法：1次静脉注射。,
HANDBOOK-RX-0315,SRC-0087,131,TOC_MAPPED,5608,5614,第四章 猪内科病用药与处方,第三节 中毒病,安妥中毒,安妥中毒,2,,50%葡萄糖注射液 10~30毫升 20%甘露醇注射液 100~300毫升；$10\%$ 安钠咖注射液 $5\sim 10$ 毫升,用法：1次静脉注射。,
HANDBOOK-RX-0316,SRC-0087,132,TOC_MAPPED,5639,5655,第四章 猪内科病用药与处方,第三节 中毒病,有机氟化物中毒,有机氟化物中毒,1,,$10\%$ 葡萄糖酸钙或氯化钙注射液 $50\sim 100$ 毫升；维生素C注射液 5～10毫升；② 维生素 $\mathrm{D}_{3}$ 注射液 50万～80万单位；维生素 $\mathbf{B}_1$ 注射液 $5\sim 10$ 毫升,用法：一次静脉注射，每天1次，连用 $7\sim 10$ 天。；用法：分别肌内注射，每天1次，连用 $5\sim 7$ 天。,说明：也可每天用磷酸氢钙或乳酸钙 $3\sim 8$ 克拌料饲喂，连用 $20\sim 30$ 天。；说明：用于慢性氟中毒。
HANDBOOK-RX-0317,SRC-0087,132,TOC_MAPPED,5657,5667,第四章 猪内科病用药与处方,第三节 中毒病,有机氟化物中毒,有机氟化物中毒,2,,$①$ 1：5000高锰酸钾溶液 适量；$②$ 乙酰胺（解氟灵） 5克,用法：洗胃。然后投服蛋清或氢氧化铝胶以保护胃肠黏膜，再用硫酸钠或硫酸镁导泻。；用法：1次肌内注射，按1千克体重每天0.1克用药。首次用药量要达到日用药量的一半，每天注射 $3\sim 4$ 次，至抽搐、震颤现象消失为止。再出现震颤时，可重复用药。,说明：用于有机氟中毒。如与半胱氨酸合用，效果更佳。
HANDBOOK-RX-0318,SRC-0087,132,TOC_MAPPED,5669,5675,第四章 猪内科病用药与处方,第三节 中毒病,有机氟化物中毒,有机氟化物中毒,3,,乙二醇乙酸酯（又名醋精） 100毫升,用法：溶于适量水中灌服。或肌内注射，按1千克体重0.125毫升用药。,说明：用于有机氟中毒。也可用 $5\%$ 乙醇和 $5\%$ 醋酸按1千克体重各2毫升混合口服，每天1次；或 $95\%$ 乙醇 $100\sim 200$ 毫升，加水投服，每天1次。
HANDBOOK-RX-0319,SRC-0087,133,TOC_MAPPED,5701,5705,第四章 猪内科病用药与处方,第三节 中毒病,砷中毒,砷中毒,1,急性中毒用药,$2\%$ 氧化镁溶液，或 $0.1\%$ 高锰酸钾溶液，或 $5\% \sim 10\%$ 药用活性炭,用法：反复洗胃。,
HANDBOOK-RX-0320,SRC-0087,133,TOC_MAPPED,5707,5717,第四章 猪内科病用药与处方,第三节 中毒病,砷中毒,砷中毒,2,,硫酸亚铁溶液；40克/升；氧化镁溶液；60克/升,用法：混合液灌服， $30\sim 60$ 毫升/次，每隔4小时1次，或将 $5\sim 10$ 克硫代硫酸钠溶于水后灌服，以阻止毒物进一步吸收，同时可给予硫酸镁、硫酸钠等盐类泻剂，以促进消化道毒物的排泄。,
HANDBOOK-RX-0321,SRC-0087,133,TOC_MAPPED,5719,5725,第四章 猪内科病用药与处方,第三节 中毒病,砷中毒,砷中毒,3,,二巯基丙醇注射液 $3\sim 5$ 毫升/千克体重,用法：肌内注射，最初两天每隔4小时1次，第3天6小时注射1次，以后2次/天，连用 $1\sim 2$ 周。,说明：可采用对症治疗，包括强心补液，缓解呼吸困难，镇静，利尿，调整胃肠机能。注射 $30\%$ 安乃近注射液或灌服水合氯醛缓解腹痛；对肌肉震颤的病猪，可静脉注射 $10\%$ 葡萄糖酸钙溶液；出现四肢麻痹时，可给予 $5\sim 15$ 毫克维生素 $\mathbf{B}_1$ 。
HANDBOOK-RX-0322,SRC-0087,135,TOC_MAPPED,5770,5778,第四章 猪内科病用药与处方,第三节 中毒病,铜中毒,铜中毒,1,,(1) $0.2\% \sim 0.3\%$ 亚铁氰化钾溶液 适量；（2）葡萄糖或乳糖、铁剂 适量,用法：洗胃。；用法：口服。,
HANDBOOK-RX-0323,SRC-0087,130,TOC_MAPPED,5798,5802,第四章 猪内科病用药与处方,第三节 中毒病,锌中毒,锌中毒,1,,碳酸钙 $20\sim 30$ 克,用法：和水适量1次灌服。,
HANDBOOK-RX-0324,SRC-0087,130,TOC_MAPPED,5804,5808,第四章 猪内科病用药与处方,第三节 中毒病,锌中毒,锌中毒,2,,硫酸钠或硫酸镁 40～50克,用法：和水适量1次灌服。,
HANDBOOK-RX-0325,SRC-0087,137,TOC_MAPPED,5828,5838,第四章 猪内科病用药与处方,第三节 中毒病,一氧化碳中毒,一氧化碳中毒,1,,3%双氧水；8毫升；$10\%$ 葡萄糖溶液；100毫升,用法：混合静脉给药，可间隔 $2\sim 3$ 小时重复使用，有条件的也可实施输氧疗法。,
HANDBOOK-RX-0326,SRC-0087,139,TOC_MAPPED,5881,5883,第五章 常见的猪外科和产科病用药与处方,第一节 外科疾病,创伤,创伤,1,,止血可用止血钳钳压、血管结扎、纱布压迫止血，局部撒布止血药（如肾上腺素、云南白药、止血粉等），也可结合使用全身性止血药［如止酚磺乙胺（血敏）、卡巴克络（安络血）、维生素K等]。,,
HANDBOOK-RX-0327,SRC-0087,139,TOC_MAPPED,5885,5891,第五章 常见的猪外科和产科病用药与处方,第一节 外科疾病,创伤,创伤,2,,清除创伤内污物及挫灭组织，再以化学消毒药（如 $3\%$ 双氧水、 $0.1\%$ 新洁尔灭、 $0.1\% \sim 0.5\%$ 高锰酸钾溶液）反复冲洗创口，防止感染，也可撒布抗生素，或全身应用广谱抗生素或磺胺药。经处理后，可对创伤进行缝合、包扎或引流。；完成上述治疗后应坚持3天左右的抗生素或磺胺药的治疗（包括局部和全身）。局部创口可应用碘酊消毒。；（2）陈旧创和化脓创治疗原则是控制感染、除去坏死组织、消灭创囊、保证排脓通畅，防止转为全身感染、促进创伤的愈合。,,
HANDBOOK-RX-0328,SRC-0087,139,TOC_MAPPED,5893,5903,第五章 常见的猪外科和产科病用药与处方,第一节 外科疾病,创伤,创伤,3,手术疗法,"(1) 扩创术: 对创腔大而创口狭小的创伤, 应将创口扩大以使脓汁及坏死组织顺利；排出。；② 创腔修整：以手术刀或剪刀将坏死组织切除。对比较顽固的化脓创，在冲洗引流效果（后述）不佳的情况下（如形成瘘管、窦道或脓肿包膜肥厚），可先注入龙胆紫，然后行包囊及瘘管切除，使创面形成新鲜创，在无菌条件下缝合。；③ 开反对孔：对创伤大或创道长的创伤，可在创底位下端开一个口（俗称反对孔）以利于冲洗创腔和使创液排出。；④ 引流：对创腔大、创道深的创伤应用灭菌纱布条引流，不仅可将创液引流出来，同时可沾一些抗菌和促生长的药（如土霉素鱼肝油），也可撒布中药生肌散（煅石膏50克、轻粉50克、赤石膏50克、黄丹10克、龙骨15克、血竭15克、乳香15克、冰片15克，共为末，混匀装瓶备用），以抑制细菌的生长，促进肉芽生长。；常用于引流的药有土霉素鱼肝油（土霉素1克、清鱼肝油10克）、魏氏流膏（松馏油5克、蓖麻油100毫升、碘仿3克）、硫呋液（ $0.1\%$ 呋喃西林100毫升，硫酸镁 $10\sim 20$ 克）。",,
HANDBOOK-RX-0329,SRC-0087,140,TOC_MAPPED,5929,5933,第五章 常见的猪外科和产科病用药与处方,第一节 外科疾病,脓肿,脓肿,1,,复方醋酸铅（醋酸铅100.0克，明矾50.0克，樟脑20.0克，薄荷油10.0克，白陶土820.0克）,用法：用醋调和，外敷。,
HANDBOOK-RX-0330,SRC-0087,140,TOC_MAPPED,5935,5941,第五章 常见的猪外科和产科病用药与处方,第一节 外科疾病,脓肿,脓肿,2,,$2\%$ 普鲁卡因100毫升；青霉素160万单位,用法：脓肿周边（不要刺到包膜）封闭。,
HANDBOOK-RX-0331,SRC-0087,141,TOC_MAPPED,5963,5963,第五章 常见的猪外科和产科病用药与处方,第一节 外科疾病,蜂窝织炎,蜂窝织炎,1,,,,
HANDBOOK-RX-0332,SRC-0087,141,TOC_MAPPED,5969,5977,第五章 常见的猪外科和产科病用药与处方,第一节 外科疾病,蜂窝织炎,5%普鲁卡因+抗生素,2,,鱼石脂10克；$95\%$ 乙醇100毫升,用法：将鱼石脂加入 $95\%$ 乙醇，充分混合摇匀，直接涂敷或用纱布湿敷患处。,说明：此方用于蜂窝织炎早期，可控制炎症发展，促进炎症产物吸收。
HANDBOOK-RX-0333,SRC-0087,57,TOC_MAPPED,6074,6080,第五章 常见的猪外科和产科病用药与处方,第一节 外科疾病,疝,诊断,1,,$1\%$ 普鲁卡因注射液 $10\sim 15$ 毫升,用法：适当保定，术部浸润麻醉，切开皮肤，将肠管整复入腹腔，纽扣状缝合疝孔和切口。,说明：阴囊疝结合阉割同时进行。陈旧性疝轮需切除部分，以利肌层愈合。
HANDBOOK-RX-0334,SRC-0087,146,TOC_MAPPED,6104,6108,第五章 常见的猪外科和产科病用药与处方,第一节 外科疾病,风湿病,风湿病,1,,复方水杨酸钠注射液 $10\sim 20$ 毫升,用法：1次静脉注射，每天1次，连用 $3\sim 5$ 天。,
HANDBOOK-RX-0335,SRC-0087,146,TOC_MAPPED,6110,6116,第五章 常见的猪外科和产科病用药与处方,第一节 外科疾病,风湿病,风湿病,2,,复方安乃近注射液 $5\sim 10$ 毫升；2.5%醋酸可的松注射液 $5\sim 10$ 毫升,用法：分别肌内注射，每天1次，连用 $2\sim 3$ 次。,
HANDBOOK-RX-0336,SRC-0087,146,TOC_MAPPED,6118,6136,第五章 常见的猪外科和产科病用药与处方,第一节 外科疾病,风湿病,5%醋酸可的松注射液$5\sim10$毫升,3,,独活50克；羌活50克；木瓜50克；制川乌40克；制草乌40克；薏苡仁50克；牛膝50克；甘草20克,用法：川乌、草乌加新鲜带肉猪骨500克文火炖4小时，再下余药煎汁，每天分2次灌服，连服5天。,
HANDBOOK-RX-0337,SRC-0087,146,TOC_MAPPED,6138,6142,第五章 常见的猪外科和产科病用药与处方,第一节 外科疾病,风湿病,5%醋酸可的松注射液$5\sim10$毫升,4,针灸,穴位：前肢的抢风穴、膊尖穴、膊栏穴、冲天穴、前蹄叉等；后肢和腰胯部的百会穴、大胯穴、小胯穴、后三里穴、肾门等。；针法：白针、电针、火针或水针，水针可注射川芎注射液、红花注射液，也可选用西药。还可施行醋酒灸、醋麸灸。,,
HANDBOOK-RX-0338,SRC-0087,148,TOC_MAPPED,6160,6164,第五章 常见的猪外科和产科病用药与处方,第一节 外科疾病,直肠脱,直肠脱,1,整复,0.1%温高锰酸钾水溶液 500毫升 或 $1\%$ 温明矾水 300毫升,用法：保持动物前低后高姿势，清洗脱出的黏膜，然后整入腹腔。,
HANDBOOK-RX-0339,SRC-0087,148,TOC_MAPPED,6166,6173,第五章 常见的猪外科和产科病用药与处方,第一节 外科疾病,直肠脱,1%温高锰酸钾水溶液500毫升或$1\%$温明矾水300毫升,2,固定,（1）整复肛门缝合（烟包缝合）；（2）针灸；穴位：后海、阴俞、肛脱穴。；针法：电针或水针。水针注入 $95\%$ 乙醇，每穴2毫升。,,
HANDBOOK-RX-0340,SRC-0087,148,TOC_MAPPED,6175,6195,第五章 常见的猪外科和产科病用药与处方,第一节 外科疾病,直肠脱,1%温高锰酸钾水溶液500毫升或$1\%$温明矾水300毫升,3,补中益气汤,党参30克；黄芪30克；白术30克；柴胡20克；升麻30克；当归20克；陈皮20克；甘草15克,用法：水煎或研末开水冲调，1次灌服。每天1剂，连用 $2\sim 3$ 剂。,说明：整复、固定后服用。
HANDBOOK-RX-0341,SRC-0087,149,TOC_MAPPED,6233,6237,第五章 常见的猪外科和产科病用药与处方,第一节 外科疾病,关节滑膜炎(关节炎),关节滑膜炎(关节炎),1,,0.5%普鲁卡因青霉素 5~10毫升,用法：关节腔内注射，注射前放出一些关节液。,
HANDBOOK-RX-0342,SRC-0087,149,TOC_MAPPED,6239,6249,第五章 常见的猪外科和产科病用药与处方,第一节 外科疾病,关节滑膜炎(关节炎),5%普鲁卡因青霉素5~10毫升,2,,地塞米松；5毫克；青霉素；80万单位,用法：关节腔内注射。,
HANDBOOK-RX-0343,SRC-0087,150,TOC_MAPPED,6267,6273,第五章 常见的猪外科和产科病用药与处方,第一节 外科疾病,黏液囊炎,黏液囊炎,1,,$3\% \sim 5\%$ 福尔马林酒精溶液；适量,用法：肿胀处消毒后，先穿刺排液，再注入 $3\% \sim 5\%$ 福尔马林酒精溶液，保持1小时左右，再排出药液，装上压迫绷带。,
HANDBOOK-RX-0344,SRC-0087,150,TOC_MAPPED,6275,6277,第五章 常见的猪外科和产科病用药与处方,第一节 外科疾病,黏液囊炎,黏液囊炎,2,手术疗法,肿胀处消毒，剃毛，在肿胀一侧切开皮肤，分离黏液囊，直至完全取出黏液囊，冲洗创腔，切除皮肤，缝合皮肤切口。,,
HANDBOOK-RX-0345,SRC-0087,150,TOC_MAPPED,6297,6301,第五章 常见的猪外科和产科病用药与处方,第一节 外科疾病,腐蹄病,腐蹄病,1,,10%硫酸铜溶液,用法：对患蹄作蹄浴。全身应用抗生素或磺胺药。,
HANDBOOK-RX-0346,SRC-0087,150,TOC_MAPPED,6303,6307,第五章 常见的猪外科和产科病用药与处方,第一节 外科疾病,腐蹄病,腐蹄病,2,,0.1%高锰酸钾溶液,用法：清洗创部或有病蹄底，同时涂擦消炎及促进创伤愈合、促进肉芽生长的药物，如土霉素、鱼肝油制剂、生肌散、血竭粉等。全身应用抗生素或磺胺药。,
HANDBOOK-RX-0347,SRC-0087,151,TOC_MAPPED,6325,6337,第五章 常见的猪外科和产科病用药与处方,第一节 外科疾病,蹄叶炎,蹄叶炎,1,,芒硝70克；芦荟2克；干姜6克；小苏打30克,用法：水调1次灌服。,说明：治疗蹄叶炎初期，蹄部急痛增温时期。
HANDBOOK-RX-0348,SRC-0087,151,TOC_MAPPED,6339,6347,第五章 常见的猪外科和产科病用药与处方,第一节 外科疾病,蹄叶炎,蹄叶炎,2,,血余炭10克；松香32克；黄蜡47克,用法：前2味药研末，黄蜡溶后调成膏，将膏涂于蹄心、蹄壁，用烙铁轻烙，数日后换药，再处理1次。,
HANDBOOK-RX-0349,SRC-0087,151,TOC_MAPPED,6367,6383,第五章 常见的猪外科和产科病用药与处方,第一节 外科疾病,公猪尿石尿闭,公猪尿石尿闭,1,,金钱草120克；瞿麦60克；通草60克；大黄40克；龙胆草30克；细辛20克；丁香30克,用法：研末或水煎取汁，将此剂量分 $2\sim 3$ 次灌服。,
HANDBOOK-RX-0350,SRC-0087,151,TOC_MAPPED,6385,6397,第五章 常见的猪外科和产科病用药与处方,第一节 外科疾病,公猪尿石尿闭,公猪尿石尿闭,2,,金钱草100克；鲜车前草100克；海金沙50克；（2）手术治疗 如果结石较大，排尿极困难时，则以导尿管通冲，若仍不行则实行手术治疗。；仔细触摸结石阻塞部位（可借助X光诊断），切开皮肤、尿道，取出石块，并通入导尿管，上下通畅后，仔细缝合切口（内可置导尿管保留1周，其导尿管下端应长出龟头），连续抗菌消炎 $6\sim 7$ 天，并由导管送入泌尿管消毒药，冲洗尿道及膀胱，7天后抽出导尿管。这样，伤口得以充分休息及修复。若切开皮肤及尿道，发现严重坏死，则可上移切口，行尿道皮肤造口术(“公猪改母猪”）；也有人将结石以导尿管推入膀胱后行膀胱插管冲洗术（ $7\sim 10$ 天后摘管）。,用法：煎水待冷灌服。,
HANDBOOK-RX-0351,SRC-0087,152,TOC_MAPPED,6415,6421,第五章 常见的猪外科和产科病用药与处方,第二节 产科疾病,母猪配种过敏症,母猪配种过敏症,1,,$10\%$ 安钠咖；10毫升,用法：肌内注射。,
HANDBOOK-RX-0352,SRC-0087,152,TOC_MAPPED,6423,6427,第五章 常见的猪外科和产科病用药与处方,第二节 产科疾病,母猪配种过敏症,母猪配种过敏症,2,,地塞米松 75毫克,用法：肌内注射或随液静脉注射。,
HANDBOOK-RX-0353,SRC-0087,152,TOC_MAPPED,6429,6443,第五章 常见的猪外科和产科病用药与处方,第二节 产科疾病,母猪配种过敏症,母猪配种过敏症,3,,$10\%$ 葡萄糖酸钙液；$20\sim 50$ 毫升；维生素C；$10\sim 20$ 毫升；地塞米松；5毫克,用法：混合静脉注射。,
HANDBOOK-RX-0354,SRC-0087,152,TOC_MAPPED,6445,6449,第五章 常见的猪外科和产科病用药与处方,第二节 产科疾病,母猪配种过敏症,母猪配种过敏症,4,,5%葡萄糖盐水 500毫升,用法：静脉注射。,
HANDBOOK-RX-0355,SRC-0087,152,TOC_MAPPED,6451,6453,第五章 常见的猪外科和产科病用药与处方,第二节 产科疾病,母猪配种过敏症,母猪配种过敏症,5,针灸,针刺抢风穴和蹄叉穴。,,
HANDBOOK-RX-0356,SRC-0087,154,TOC_MAPPED,6497,6501,第五章 常见的猪外科和产科病用药与处方,第二节 产科疾病,假孕,假孕,1,,氯丙嗪,用法：肌内注射， $1\sim 2$ 毫克/千克体重。,
HANDBOOK-RX-0357,SRC-0087,154,TOC_MAPPED,6503,6507,第五章 常见的猪外科和产科病用药与处方,第二节 产科疾病,假孕,假孕,2,,益母草煎剂 $4\sim 8$ 毫升或红花 $1\sim 2$ 毫升,用法：灌服，每日2次。,
HANDBOOK-RX-0358,SRC-0087,154,TOC_MAPPED,6529,6535,第五章 常见的猪外科和产科病用药与处方,第二节 产科疾病,阴道脱出,阴道脱出,1,整复,0.1%温高锰酸钾水溶液 500毫升；或 $1\%$ 温明矾水 300毫升,用法：清洗脱出的黏膜，然后整复入腹腔。,
HANDBOOK-RX-0359,SRC-0087,154,TOC_MAPPED,6537,6544,第五章 常见的猪外科和产科病用药与处方,第二节 产科疾病,阴道脱出,1%温高锰酸钾水溶液500毫升,2,固定,① 整复阴道缝合（纽扣状缝合、圆枕缝合、双内翻缝合）；$②$ 针灸；穴位：后海、阴俞穴；针法：电针或水针。水针注入 $70\%$ 乙醇，每穴2毫升。,,
HANDBOOK-RX-0360,SRC-0087,154,TOC_MAPPED,6546,6552,第五章 常见的猪外科和产科病用药与处方,第二节 产科疾病,阴道脱出,1%温高锰酸钾水溶液500毫升,3,补中益气汤,党参30克 黄芪30克 白术30克 柴胡20克 升麻30克 当归20克 陈皮20克 甘草15克,用法：水煎，或研末开水冲调，1次灌服。每天1剂，连用 $2\sim 3$ 剂。,说明：整复、固定后服用。
HANDBOOK-RX-0361,SRC-0087,158,TOC_MAPPED,6642,6646,第五章 常见的猪外科和产科病用药与处方,第二节 产科疾病,胎衣不下,胎衣不下,1,,垂体后叶激素 $20\sim 40$ 单位,用法；1次肌内注射。,
HANDBOOK-RX-0362,SRC-0087,158,TOC_MAPPED,6648,6662,第五章 常见的猪外科和产科病用药与处方,第二节 产科疾病,胎衣不下,胎衣不下,2,,当归15克；香附15克；川芎10克；红花6克；桃仁6克；炮姜9克,用法：水煎，1次灌服。,
HANDBOOK-RX-0363,SRC-0087,159,TOC_MAPPED,6682,6702,第五章 常见的猪外科和产科病用药与处方,第二节 产科疾病,子宫内翻及脱出,子宫内翻及脱出,1,补中益气汤,党参30克；黄芪30克；白术30克；柴胡20克；升麻30克；当归20克；陈皮20克；甘草15克,用法：水煎，或研末后开水冲调，1次灌服。每天1剂，连用 $2\sim 3$ 剂。,说明：整复、固定后服用。
HANDBOOK-RX-0364,SRC-0087,159,TOC_MAPPED,6704,6710,第五章 常见的猪外科和产科病用药与处方,第二节 产科疾病,子宫内翻及脱出,子宫内翻及脱出,2,针灸,穴位：阴俞、阴脱穴；针法：电针或水针。水针注入 $95\%$ 酒精，每穴2毫升。；注：猪子宫全脱出整复较困难，可在腹胁部切开腹壁，从腹腔内牵拉整复，无生产价值的老母猪，可行子宫切除术。,,
HANDBOOK-RX-0365,SRC-0087,160,TOC_MAPPED,6728,6732,第五章 常见的猪外科和产科病用药与处方,第二节 产科疾病,生产瘫痪,生产瘫痪,1,,$10\%$ 葡萄糖酸钙 $150 \sim 200$ 毫升或 $10\%$ 氯化钙注射液 $20 \sim 30$ 毫升,用法：静脉注射，注射时注意不要漏至皮下，必要时可重复注射（第2～第3天）。,
HANDBOOK-RX-0366,SRC-0087,160,TOC_MAPPED,6734,6748,第五章 常见的猪外科和产科病用药与处方,第二节 产科疾病,生产瘫痪,生产瘫痪,2,,$5\%$ 葡萄糖注射液；500毫升；维生素C；适量；20%安钠咖；10毫升,用法：静脉注射。,
HANDBOOK-RX-0367,SRC-0087,160,TOC_MAPPED,6750,6754,第五章 常见的猪外科和产科病用药与处方,第二节 产科疾病,生产瘫痪,生产瘫痪,3,,独活30克，桑寄生45克，杜仲30克，牛膝30克，秦艽30克，茯苓30克，桂心30克，当归30克，防风25克，芍药25克，细辛10克，党参30克，川芎15克，熟地45克，甘草20克,用法：煎汤灌服，每次 $60\sim 90$ 毫升。,
HANDBOOK-RX-0368,SRC-0087,160,TOC_MAPPED,6782,6802,第五章 常见的猪外科和产科病用药与处方,第二节 产科疾病,子宫内膜炎,子宫内膜炎,1,,0.05%新洁尔灭溶液；适量；青霉素钠；200万单位；链霉素；200万单位；催产素；10单位,用法：母猪倒卧保定，用输精管插入子宫，接注射器注入新洁尔灭液，然后抽出，反复冲洗干净，排尽洗液后注入稀释的40万单位青霉素，剩余青霉素、链霉素一并肌内注射，1小时后再肌内注射催产素。次日和第5天再重复1次。,说明：冲洗前可肌内注射氯前列烯醇1.5毫升；冲洗子宫也可用新洁尔灭，或 $0.1\%$ 高锰酸钾，或者呋喃西林或青霉素等。抗生素也可用金霉素、四环素、磺胺噻唑、甲硝唑葡萄糖注射液等。
HANDBOOK-RX-0369,SRC-0087,160,TOC_MAPPED,6804,6818,第五章 常见的猪外科和产科病用药与处方,第二节 产科疾病,子宫内膜炎,05%新洁尔灭溶液,2,,益母草15克；野菊花15克；白扁豆10克；蒲公英10克；白鸡冠花10克；玉米须10克,用法：加水煎汁，加红糖200克，1次灌服。,
HANDBOOK-RX-0370,SRC-0087,161,TOC_MAPPED,6842,6848,第五章 常见的猪外科和产科病用药与处方,第二节 产科疾病,母猪产后尿闭,母猪产后尿闭,1,,乌洛托品 $2\sim 5$ 克（或呋喃妥因）；$10\%$ 磺胺-5-甲氧嘧啶 20毫升,用法：乌洛托品 $2\sim 5$ 克（或呋喃妥因）灌服， $10\%$ 磺胺5-甲氧嘧啶20毫升肌内注射。,
HANDBOOK-RX-0371,SRC-0087,161,TOC_MAPPED,6850,6854,第五章 常见的猪外科和产科病用药与处方,第二节 产科疾病,母猪产后尿闭,母猪产后尿闭,2,,茯苓50克，泽泻、木通、车前子各30克，黄芩20克，甘草15克,用法：煎汤去渣，分3次在1日内服完。,
HANDBOOK-RX-0372,SRC-0087,161,TOC_MAPPED,6856,6860,第五章 常见的猪外科和产科病用药与处方,第二节 产科疾病,母猪产后尿闭,母猪产后尿闭,3,,$10\%$ 苯甲酸钠咖啡因 5毫升,用法：在后海（交巢）穴注射，每天1次，连用 $1\sim 2$ 次,
HANDBOOK-RX-0373,SRC-0087,162,TOC_MAPPED,6878,6884,第五章 常见的猪外科和产科病用药与处方,第二节 产科疾病,母猪产后不食,母猪产后不食,1,,甲基硫酸新斯的明注射液；$2\sim 6$ 毫克,用法：1日1次肌内或皮下注射，促进胃肠兴奋及蠕动。,
HANDBOOK-RX-0374,SRC-0087,162,TOC_MAPPED,6886,6892,第五章 常见的猪外科和产科病用药与处方,第二节 产科疾病,母猪产后不食,母猪产后不食,2,,人工盐30克、复合维生素B片15片（每片含维生素 $\mathrm{B}_{1}$ 1毫克、维生素23毫克、；维生素 $\mathrm{B}_{6}2$ 毫克、维生素 $\mathrm{B}_{12}10$ 微克、烟酸3毫克、泛酸2.5毫克、叶酸0.5毫克及维生素C1.5毫克)、陈皮酊20毫升,用法：喂服。,
HANDBOOK-RX-0375,SRC-0087,163,TOC_MAPPED,6908,6918,第五章 常见的猪外科和产科病用药与处方,第二节 产科疾病,卵泡囊肿,卵泡囊肿,1,,促黄体素；150单位；或人绒毛膜促性腺激素（hCG）；$1000\sim 2000$ 单位,用法：肌内注射。,
HANDBOOK-RX-0376,SRC-0087,163,TOC_MAPPED,6920,6924,第五章 常见的猪外科和产科病用药与处方,第二节 产科疾病,卵泡囊肿,卵泡囊肿,2,,氯前列烯醇 0.5～1毫克,用法：肌内注射。,
HANDBOOK-RX-0377,SRC-0087,163,TOC_MAPPED,6940,6944,第五章 常见的猪外科和产科病用药与处方,第二节 产科疾病,持久黄体,持久黄体,1,,前列腺素（如氯前列烯醇）,用法：肌内注射，1次1支（ $1\sim 2$ 毫克）。,
HANDBOOK-RX-0378,SRC-0087,164,TOC_MAPPED,6962,6968,第五章 常见的猪外科和产科病用药与处方,第二节 产科疾病,卵巢静止及卵巢萎缩,卵巢静止及卵巢萎缩,1,,促黄体素释放激素（LRH） 150单位；或孕马血清促性腺激素（PMSG） $500\sim 1000$ 单位和人绒毛膜促性腺激素（hCG）组合治疗,用法：肌内注射。,
HANDBOOK-RX-0379,SRC-0087,164,TOC_MAPPED,6970,6974,第五章 常见的猪外科和产科病用药与处方,第二节 产科疾病,卵巢静止及卵巢萎缩,卵巢静止及卵巢萎缩,2,,促孕灌注液 $15\sim 20$ 毫升,用法：子宫内灌注。,
HANDBOOK-RX-0380,SRC-0087,164,TOC_MAPPED,7000,7006,第五章 常见的猪外科和产科病用药与处方,第二节 产科疾病,乳房炎,乳房炎,1,,青霉素 40万～80万单位；0.25%普鲁卡因（奴夫卡因）注射液 20~40毫升,用法：乳房周围分点封闭注射。,
HANDBOOK-RX-0381,SRC-0087,164,TOC_MAPPED,7008,7016,第五章 常见的猪外科和产科病用药与处方,第二节 产科疾病,乳房炎,25%普鲁卡因(奴夫卡因)注射液20~40毫升,2,,青霉素G钠 80万单位；链霉素 50万～100万单位；注射用水 $5\sim 10$ 毫升,用法：1次肌内注射，每天 $1\sim 2$ 次，连用3天。,
HANDBOOK-RX-0382,SRC-0087,164,TOC_MAPPED,7018,7026,第五章 常见的猪外科和产科病用药与处方,第二节 产科疾病,乳房炎,25%普鲁卡因(奴夫卡因)注射液20~40毫升,3,,蒲公英15克 金银花12克 连翘9克 丝瓜络15克；通草9克 穿山甲9克 芙蓉花9克,用法：共为末，开水冲调，候温1次灌服。,说明：脓肿已成者，尽早切开，外科处理。
HANDBOOK-RX-0383,SRC-0087,164,TOC_MAPPED,7028,7032,第五章 常见的猪外科和产科病用药与处方,第二节 产科疾病,乳房炎,25%普鲁卡因(奴夫卡因)注射液20~40毫升,4,,“得米先”长效注射液 10毫升,用法：母猪产后8小时内肌内注射，对预防该病有较好的效果。,
HANDBOOK-RX-0384,SRC-0087,164,TOC_MAPPED,7034,7038,第五章 常见的猪外科和产科病用药与处方,第二节 产科疾病,乳房炎,25%普鲁卡因(奴夫卡因)注射液20~40毫升,5,,黄花地丁60克，紫花地丁、芙蓉花各50克，大蓟40克,用法：煎汁喂服，每日1剂，其渣可敷于患处；也可取新鲜鱼腥草 $100\sim 150$ 克（干的减半）和铁马鞭 $50\sim 100$ 克，洗净后加 $2\sim 3$ 倍清水煎熬后拌料喂母猪，连用 $3\sim 4$ 次。,
HANDBOOK-RX-0385,SRC-0087,164,TOC_MAPPED,7040,7044,第五章 常见的猪外科和产科病用药与处方,第二节 产科疾病,乳房炎,25%普鲁卡因(奴夫卡因)注射液20~40毫升,6,,瓜萎60克，牛蒡子、花粉、金银花、连翘各30克，黄芩、栀子、柴胡、当归、赤芍、王不留行、穿山甲、青皮各25克，甘草15克,用法：共研末，每日1剂，分 $2\sim 3$ 次灌服，用于热度壅盛型乳房炎。,
HANDBOOK-RX-0386,SRC-0087,164,TOC_MAPPED,7046,7052,第五章 常见的猪外科和产科病用药与处方,第二节 产科疾病,乳房炎,25%普鲁卡因(奴夫卡因)注射液20~40毫升,7,,当归、赤芍、白芍、柴胡、香附、郁金、丝瓜络、王不留行各30克，陈皮、青皮；各25克，甘草15克,用法：共研末，每日1剂，分 $2\sim 3$ 次灌服，用于气血淤滞型乳房炎。,
HANDBOOK-RX-0387,SRC-0087,164,TOC_MAPPED,7054,7058,第五章 常见的猪外科和产科病用药与处方,第二节 产科疾病,乳房炎,25%普鲁卡因(奴夫卡因)注射液20~40毫升,8,,桃仁、金银花、栀子各45克，连翘30克，红花、生地、赤芍、当归、川芎、王不留行、穿山甲、陈皮各25克，甘草15克,用法：共研末，每日1剂，分 $2\sim 3$ 次灌服，用于子宫内膜炎继发乳房炎。,
HANDBOOK-RX-0388,SRC-0087,166,TOC_MAPPED,7076,7080,第五章 常见的猪外科和产科病用药与处方,第二节 产科疾病,母猪产后无乳或泌乳不足,母猪产后无乳或泌乳不足,1,,垂体后叶素或催产素 $20\sim 30$ 单位,用法：肌内注射，每日1次，连用3次。同时热敷及按摩乳房。,
HANDBOOK-RX-0389,SRC-0087,166,TOC_MAPPED,7082,7084,第五章 常见的猪外科和产科病用药与处方,第二节 产科疾病,母猪产后无乳或泌乳不足,母猪产后无乳或泌乳不足,2,,,王不留行40克，通草、山甲、白术各15克，白芍、黄芪、党参、当归各20克用法：共研末，调在饲料中喂给。,
HANDBOOK-RX-0390,SRC-0087,166,TOC_MAPPED,7086,7090,第五章 常见的猪外科和产科病用药与处方,第二节 产科疾病,母猪产后无乳或泌乳不足,母猪产后无乳或泌乳不足,3,,黄芪60克，党参40克，通草30克，川芎30克，白术30克，川断30克，川甲珠30克，当归60克，王不留行60克，木通20克，杜仲20克，甘草20克，阿胶60克,用法：共研末，加黄酒100克，调服，母猪每次用量 $60\sim 90$ 克。,
HANDBOOK-RX-0391,SRC-0087,166,TOC_MAPPED,7112,7116,第五章 常见的猪外科和产科病用药与处方,第二节 产科疾病,新生仔猪窒息,新生仔猪窒息,1,,尼可刹米1毫升（0.25克）或肾上腺素0.1毫升均可,用法：皮下或肌内注射。,
HANDBOOK-RX-0392,SRC-0087,166,TOC_MAPPED,7118,7120,第五章 常见的猪外科和产科病用药与处方,第二节 产科疾病,新生仔猪窒息,新生仔猪窒息,2,,针刺（毫针）仔猪山根穴（人中）、鼻中穴。,,
HANDBOOK-RX-0393,SRC-0087,167,TOC_MAPPED,7136,7140,第五章 常见的猪外科和产科病用药与处方,第二节 产科疾病,新生仔猪便秘,新生仔猪便秘,1,,温肥皂水 $100\sim 300$ 毫升，或石蜡油 $50\sim 100$ 毫升,用法：直肠灌注，直肠灌注后，轻揉肛门或热敷腹部。,
HANDBOOK-RX-0394,SRC-0087,167,TOC_MAPPED,7142,7186,第五章 常见的猪外科和产科病用药与处方,第二节 产科疾病,新生仔猪便秘,新生仔猪便秘,2,,"食用植物油或石蜡油 $10\sim 50$ 毫升；# 参考文献；1 [美] 斯特劳 BE, [加] 阿莱尔 SD, [美] 蒙加林 WL, [英] 泰勒 DJ 主编. 赵德明, 张仲秋, 沈建忠译. 猪病学. 北京: 中国农业出版社, 2000；2 曹光荣主编．猪病防治新技术．杨凌：西北农林科技大学出版社，2005；3 冯力主编．猪病诊断与防治技术．北京：中国农业出版社，1999；4 胡元亮主编．兽医处方手册．第2版．北京：中国农业出版社，2005；5 计伦主编. 猪病诊治与验方集萃. 北京：中国农业科技出版社，1998；6 蒋立辉主编. 猪病中西医高效诊治术. 南宁: 广西科学技术出版社, 2007；7 李佑民主编．猪病防治手册．北京：金盾出版社，1993；8 刘富来主编. 猪病中西医结合治疗. 北京：金盾出版社，2006；9 史秋梅，吴建华，杨宗泽主编．猪病诊治大全．北京：中国农业出版社，2005；10 宣长和主编. 猪病学. 北京：中国农业科技出版社，2003；11 宣长和主编. 猪病诊断彩色图谱与防治. 北京：中国农业科学技术出版社，2005；12 杨小燕编著. 现代猪病诊断与防治. 北京：中国农业出版社，2004；13 姚龙涛主编. 猪病毒病. 上海：上海科学技术出版社，2000；14 张泉鑫主编. 猪病中西医综合防治大全. 北京：中国农业出版社，2000；Document generated by Anna's Archive around 2023-2024 as part of the DuXiu collection (https://annas-blog.org/duxiu-exclusive.html).；Images have been losslessly embedded. Information about the original file can be found in PDF attachments. Some stats (more in the PDF attachments):；```json；{；""filename"": ""MTE5Mzk3NTEuemlw"",；""filename_decoded"": ""11939751.zip"",；""filesize"": 22819900,；""md5"": ""c1324d9f6a0f753283c70f0948868ddb"",；""header_md5"": ""592ad1663309752dd1b6d95680429630"",；""sha1"": ""581c8243c7d715044774388315aab0d9b23a78ed"",；""sha256"": ""c080dddcc0981730e4f7e5ee58163edffabdaeaa3d130676f81b1c8b2da23b5178"",；""crc32"": 2936594713,；""zip_password"": """", ""uncompressed_size"": 23759373,；""pdg_dir_name"": """", ""pdg_main_pages_found"": 168,；""pdg_main_pages_max"": 168,；""total_pages"": 177,；""total Pixels"": 1157293258,；""pdf_generation MISSING_pages"": false；}；```",用法：灌服。,
