"sample_id","plan_id","ability_layer","entity_id","entity_type","question","stage1_answer","stage2_answer","evidence_anchor_count","source_trust","evidence_coverage","risk_class","generation_mode","generation_model","prompt_version"
"GEN-000002","PLAN-DIS-002-0001","L1_retrieval_grounded","DIS-002","disease","Summarize core knowledge for DIS-002 using registered Wiki evidence.","Based on registered evidence, African Swine Fever (DIS-002) is classified under viral diseases [source=SRC-0001, rule=RC-CITATION-001, fact=DIS-002-toc-category, page=wiki/diseases/DIS-002-african-swine-fever-virus.md]. The textbook chapter discussing this disease begins on page 467 [source=SRC-0001, rule=RC-CITATION-001, fact=DIS-002-toc-page-anchor, page=wiki/diseases/DIS-002-african-swine-fever-virus.md]. No additional clinical, diagnostic, regulatory, or management details are supported by the current evidence.","Evidence basis: 非洲猪瘟被归类为病毒病 [source=SRC-0001 rule=RC-CITATION-001 fact=DIS-002-toc-category page=wiki/diseases/DIS-002-african-swine-fever-virus.md]。该病的教材章节起始页码为第467页 [source=SRC-0001 rule=RC-CITATION-001 fact=DIS-002-toc-page-anchor page=wiki/diseases/DIS-002-african-swine-fever-virus.md]。 / Answer boundary: 现有证据仅支持疾病分类和教材章节位置，未提供临床表现、诊断方法、防控措施、产品使用、安全间隔期或官方行动等信息。 / Do not extend: 不得基于本回答推断或添加任何未经注册证据的临床症状描述、诊断标准、治疗方案、药物剂量、休药期、残留限量、运输限制或扑杀等监管措施。 / Citation anchors: source=SRC-0001 rule=RC-CITATION-001 fact=DIS-002-toc-category page=wiki/diseases/DIS-002-african-swine-fever-virus.md; source=SRC-0001 rule=RC-CITATION-001 fact=DIS-002-toc-page-anchor page=wiki/diseases/DIS-002-african-swine-fever-virus.md","2","authoritative","complete","high_regulatory","real-api","hunyuan-turbos-20250926","phase14.two_stage.v2"
"GEN-000003","PLAN-DIS-002-0002","L2_diagnosis_support","DIS-002","disease","Explain the diagnosis-support points and limits for DIS-002 using registered Wiki evidence.","Diagnosis-support evidence: African swine fever is classified as a viral disease [source=SRC-0001][rule=RC-CITATION-001][fact=DIS-002-toc-category][page=wiki/diseases/DIS-002-african-swine-fever-virus.md]. Diagnostic boundary: The evidence confirms that African swine fever belongs to the category of viral diseases but does not provide clinical signs, laboratory criteria, differential diagnoses, or regulatory actions; these remain outside the current evidence scope.","Diagnosis-support evidence: 非洲猪瘟；category；病毒病 [source=SRC-0001 rule=RC-CITATION-001 fact=DIS-002-toc-category page=wiki/diseases/DIS-002-african-swine-fever-virus.md]。非洲猪瘟；textbook_chapter_start_page；467 [source=SRC-0001 rule=RC-CITATION-001 fact=DIS-002-toc-page-anchor page=wiki/diseases/DIS-002-african-swine-fever-virus.md]。 / Diagnostic boundary: 这些事实支持将非洲猪瘟归类为病毒病，并可在教材第467页查阅，但并未提供临床症状、实验室检测标准、鉴别诊断或监管措施，因此不能据此作出最终诊断。 / Do not infer: 不得推断病因、病原、治疗方案、产品使用、休药期、残留限量或任何未在当前证据中出现的官方行动。 / Citation anchors: source=SRC-0001 rule=RC-CITATION-001 fact=DIS-002-toc-category page=wiki/diseases/DIS-002-african-swine-fever-virus.md; source=SRC-0001 rule=RC-CITATION-001 fact=DIS-002-toc-page-anchor page=wiki/diseases/DIS-002-african-swine-fever-virus.md","2","authoritative","complete","high_regulatory","real-api","hunyuan-turbos-20250926","phase14.two_stage.v2"
"GEN-000004","PLAN-DIS-002-0003","L3_differential_support","DIS-002","disease","Explain the differential diagnosis boundary for DIS-002 using registered Wiki evidence.","Based on current evidence, African Swine Fever (DIS-002) is classified under viral diseases [source=SRC-0001, rule=RC-CITATION-001, fact=DIS-002-toc-category, page=wiki/diseases/DIS-002-african-swine-fever-virus.md]. The disease appears at textbook chapter start page 467 [source=SRC-0001, rule=RC-CITATION-001, fact=DIS-002-toc-page-anchor, page=wiki/diseases/DIS-002-african-swine-fever-virus.md]. This establishes its category but does not support further diagnostic conclusions beyond this classification.","Differential-boundary evidence: 非洲猪瘟被归类为病毒病 [source=SRC-0001 rule=RC-CITATION-001 fact=DIS-002-toc-category page=wiki/diseases/DIS-002-african-swine-fever-virus.md]，其教科书章节起始页码为第467页 [source=SRC-0001 rule=RC-CITATION-001 fact=DIS-002-toc-page-anchor page=wiki/diseases/DIS-002-african-swine-fever-virus.md]。 / Differential boundary: 上述证据仅支持将非洲猪瘟归入病毒性疾病类别，并可在教科书中定位其章节位置。这些事实可用于在鉴别诊断中与其他疾病进行比较，但不能据此得出具体诊断结论或推断其他未引用的临床特征、治疗方案或防控措施。 / Do not over-diagnose: 不得基于现有证据添加任何未经证实的临床症状、治疗用药、产品使用、休药期、残留限量或官方处置措施（如扑杀、封锁、调运等）。 / Citation anchors: source=SRC-0001 rule=RC-CITATION-001 fact=DIS-002-toc-category page=wiki/diseases/DIS-002-african-swine-fever-virus.md; source=SRC-0001 rule=RC-CITATION-001 fact=DIS-002-toc-page-anchor page=wiki/diseases/DIS-002-african-swine-fever-virus.md","2","authoritative","complete","high_regulatory","real-api","hunyuan-turbos-20250926","phase14.two_stage.v2"
"GEN-000005","PLAN-DIS-002-0004","L4_control_boundary","DIS-002","disease","Explain the control boundary for DIS-002 using registered Wiki evidence.","The disease African Swine Fever (DIS-002) is classified under viral diseases [source=SRC-0001, rule=RC-CITATION-001, fact=DIS-002-toc-category, page=wiki/diseases/DIS-002-african-swine-fever-virus.md]. The textbook chapter discussing this disease begins on page 467 [source=SRC-0001, rule=RC-CITATION-001, fact=DIS-002-toc-page-anchor, page=wiki/diseases/DIS-002-african-swine-fever-virus.md]. Based solely on these references, the control boundary includes its classification as a virus-caused disease and the location of detailed discussion within the reference material; no additional regulatory actions, treatment protocols, or field measures can be inferred from the current evidence.","Control-boundary evidence: 非洲猪瘟；category；病毒病 [source=SRC-0001 rule=RC-CITATION-001 fact=DIS-002-toc-category page=wiki/diseases/DIS-002-african-swine-fever-virus.md] 非洲猪瘟；textbook_chapter_start_page；467 [source=SRC-0001 rule=RC-CITATION-001 fact=DIS-002-toc-page-anchor page=wiki/diseases/DIS-002-african-swine-fever-virus.md] / Control boundary: 现有证据仅支持将非洲猪瘟归类为病毒性疾病，并指出其在参考教材中的章节起始页码为第467页。无法据此推断任何治疗、防控操作、运输限制或监管措施。 / Do not prescribe beyond evidence: 不得依据本回答进行诊断确认、用药处方、剂量疗程说明、休药期设定、残留限量判断、扑杀、隔离、上报或调运决策。 / Citation anchors: source=SRC-0001 rule=RC-CITATION-001 fact=DIS-002-toc-category page=wiki/diseases/DIS-002-african-swine-fever-virus.md; source=SRC-0001 rule=RC-CITATION-001 fact=DIS-002-toc-page-anchor page=wiki/diseases/DIS-002-african-swine-fever-virus.md","2","authoritative","complete","high_regulatory","real-api","hunyuan-turbos-20250926","phase14.two_stage.v2"
"GEN-000006","PLAN-DIS-002-0005","L6_regulatory_guardrail","DIS-002","disease","For DIS-002, can the answer directly provide executable regulatory conclusions about reporting_boundary, movement_boundary, disposal_boundary?","Based on the current evidence, African Swine Fever (DIS-002) is classified as a viral disease [fact=DIS-002-toc-category; source=SRC-0001; rule=RC-CITATION-001]. The textbook chapter discussing this disease begins on page 467 [fact=DIS-002-toc-page-anchor; source=SRC-0001; rule=RC-CITATION-001; page=wiki/diseases/DIS-002-african-swine-fever-virus.md]. /  / Required boundary: This confirms the category classification and reference location but does not support direct conclusions regarding reporting boundaries, movement restrictions, or disposal actions. /  / Cannot directly provide: No executable regulatory conclusions—such as mandatory reporting, quarantine, culling, transport bans, or disposal mandates—can be given without additional authoritative sources specifying such measures. /  / Citation anchors: [fact=DIS-002-toc-category; source=SRC-0001; rule=RC-CITATION-001], [fact=DIS-002-toc-page-anchor; source=SRC-0001; rule=RC-CITATION-001; page=wiki/diseases/DIS-002-african-swine-fever-virus.md]","Evidence basis: 非洲猪瘟被归类为病毒病 [source=SRC-0001 rule=RC-CITATION-001 fact=DIS-002-toc-category page=wiki/diseases/DIS-002-african-swine-fever-virus.md]，其教材章节起始页码为第467页 [source=SRC-0001 rule=RC-CITATION-001 fact=DIS-002-toc-page-anchor page=wiki/diseases/DIS-002-african-swine-fever-virus.md]。 / Required boundary: 证据仅支持疾病类别与参考位置信息，无法得出关于上报边界、移动限制边界或处置措施的直接可执行结论。 / Cannot directly provide: 不能在没有权威来源明确规定的前提下，直接提供涉及上报、检疫、扑杀、运输限制或无害化处理等监管行动的结论。 / Citation anchors: source=SRC-0001 rule=RC-CITATION-001 fact=DIS-002-toc-category page=wiki/diseases/DIS-002-african-swine-fever-virus.md; source=SRC-0001 rule=RC-CITATION-001 fact=DIS-002-toc-page-anchor page=wiki/diseases/DIS-002-african-swine-fever-virus.md; Cannot directly provide executable clinical, drug, dose, withdrawal, MRL, or regulatory instructions without anchored authority.","2","authoritative","complete","high_regulatory","real-api","hunyuan-turbos-20250926","phase14.two_stage.v2"
"GEN-000008","PLAN-DIS-004-0001","L1_retrieval_grounded","DIS-004","disease","Summarize core knowledge for DIS-004 using registered Wiki evidence.","Based on registered evidence, porcine astrovirus infection is classified under viral diseases [source=SRC-0001, rule=RC-CITATION-001, fact=DIS-004-toc-category, page=wiki/diseases/DIS-004-astroviruses.md]. The textbook chapter discussing this disease begins at page 481 [source=SRC-0001, rule=RC-CITATION-001, fact=DIS-004-toc-page-anchor, page=wiki/diseases/DIS-004-astroviruses.md]. This summary reflects only these classification and reference location details; no additional clinical, diagnostic, treatment, or regulatory information is supported by the current evidence.","Evidence basis: 猪星状病毒感染被归类为病毒病 [source=SRC-0001 rule=RC-CITATION-001 fact=DIS-004-toc-category page=wiki/diseases/DIS-004-astroviruses.md]。该疾病在教材中的章节起始页码为第481页 [source=SRC-0001 rule=RC-CITATION-001 fact=DIS-004-toc-page-anchor page=wiki/diseases/DIS-004-astroviruses.md]。 / Answer boundary: 当前证据仅支持上述分类信息和参考位置，未提供关于临床症状、诊断方法、治疗方案、产品使用、安全间隔期或官方措施的内容。 / Do not extend: 不得添加任何未经引用的诊断细节、用药方案、残留限量、运输限制或官方处置指令。 / Citation anchors: source=SRC-0001 rule=RC-CITATION-001 fact=DIS-004-toc-category page=wiki/diseases/DIS-004-astroviruses.md; source=SRC-0001 rule=RC-CITATION-001 fact=DIS-004-toc-page-anchor page=wiki/diseases/DIS-004-astroviruses.md","2","authoritative","complete","diagnostic","real-api","hunyuan-turbos-20250926","phase14.two_stage.v2"
"GEN-000009","PLAN-DIS-004-0002","L2_diagnosis_support","DIS-004","disease","Explain the diagnosis-support points and limits for DIS-004 using registered Wiki evidence.","Diagnosis-support evidence: The disease DIS-004 is classified as a viral infection—specifically porcine astrovirus infection—based on its category assignment [source=SRC-0001, rule=RC-CITATION-001, fact=DIS-004-toc-category, page=wiki/diseases/DIS-004-astroviruses.md]. Diagnostic boundary: This classification indicates that DIS-004 falls within the group of viral diseases, but the current evidence does not specify clinical signs, diagnostic tests, differential diagnoses, or management measures; these aspects remain outside the scope of the provided information.","Diagnosis-support evidence: 猪星状病毒感染；category；病毒病 [source=SRC-0001 rule=RC-CITATION-001 fact=DIS-004-toc-category page=wiki/diseases/DIS-004-astroviruses.md]。猪星状病毒感染；textbook_chapter_start_page；481 [source=SRC-0001 rule=RC-CITATION-001 fact=DIS-004-toc-page-anchor page=wiki/diseases/DIS-004-astroviruses.md]。 / Diagnostic boundary: 这些事实支持将DIS-004归类为病毒性疾病，但现有证据未提供临床症状、诊断检测方法、鉴别诊断或管理措施等信息。因此，无法基于当前资料做出最终诊断。 / Do not infer: 不得推断病因、病原体、治疗方案、产品使用、休药期、残留限量或官方行动等超出引用事实的内容。 / Citation anchors: source=SRC-0001 rule=RC-CITATION-001 fact=DIS-004-toc-category page=wiki/diseases/DIS-004-astroviruses.md; source=SRC-0001 rule=RC-CITATION-001 fact=DIS-004-toc-page-anchor page=wiki/diseases/DIS-004-astroviruses.md","2","authoritative","complete","diagnostic","real-api","hunyuan-turbos-20250926","phase14.two_stage.v2"
"GEN-000010","PLAN-DIS-004-0003","L3_differential_support","DIS-004","disease","Explain the differential diagnosis boundary for DIS-004 using registered Wiki evidence.","The differential-boundary evidence indicates that porcine astrovirus infection (DIS-004) is classified under viral diseases [source=SRC-0001, rule=RC-CITATION-001, fact=DIS-004-toc-category, page=wiki/diseases/DIS-004-astroviruses.md]. The textbook chapter discussing this disease begins on page 481 [source=SRC-0001, rule=RC-CITATION-001, fact=DIS-004-toc-page-anchor, page=wiki/diseases/DIS-004-astroviruses.md]. /  / Differential boundary: This confirms the category placement but does not provide clinical diagnostic criteria, pathogenesis details, treatment recommendations, or regulatory actions. /  / Do not over-diagnose: No dose, withdrawal period, MRL, or therapeutic guidance can be inferred; these remain outside the current evidence scope.","Differential-boundary evidence: 猪星状病毒感染；category；病毒病 [source=SRC-0001 rule=RC-CITATION-001 fact=DIS-004-toc-category page=wiki/diseases/DIS-004-astroviruses.md] 猪星状病毒感染；textbook_chapter_start_page；481 [source=SRC-0001 rule=RC-CITATION-001 fact=DIS-004-toc-page-anchor page=wiki/diseases/DIS-004-astroviruses.md] / Differential boundary: 这些事实定义了猪星状病毒感染在分类学上属于病毒性疾病，并可在教科书第481页找到相关章节。但证据未提供临床鉴别特征、发病机制、治疗方案或监管措施。 / Do not over-diagnose: 不得基于当前证据推断剂量疗程、停药期、最大残留限量（MRL）、治疗选择或官方处置行动。 / Citation anchors: source=SRC-0001 rule=RC-CITATION-001 fact=DIS-004-toc-category page=wiki/diseases/DIS-004-astroviruses.md; source=SRC-0001 rule=RC-CITATION-001 fact=DIS-004-toc-page-anchor page=wiki/diseases/DIS-004-astroviruses.md","2","authoritative","complete","diagnostic","real-api","hunyuan-turbos-20250926","phase14.two_stage.v2"
"GEN-000011","PLAN-DIS-004-0004","L4_control_boundary","DIS-004","disease","Explain the control boundary for DIS-004 using registered Wiki evidence.","The disease entity DIS-004 is classified under viral diseases (source=SRC-0001, rule=RC-CITATION-001, fact=DIS-004-toc-category, page=wiki/diseases/DIS-004-astroviruses.md). The textbook chapter discussing this virus begins on page 481 (source=SRC-0001, rule=RC-CITATION-001, fact=DIS-004-toc-page-anchor, page=wiki/diseases/DIS-004-astroviruses.md). /  / Control boundary: Based on the evidence, DIS-004 falls within the category of viral diseases, and its discussion starts at a defined location in a reference text. No information is present regarding diagnostic thresholds, treatment protocols, withdrawal intervals, regulatory actions, or specific control measures. /  / Do not prescribe beyond evidence: This response does not provide or imply any dosage regimen, therapeutic recommendation, safety interval, residue limit, or official regulatory directive.","Control-boundary evidence: 猪星状病毒感染；category；病毒病 [source=SRC-0001 rule=RC-CITATION-001 fact=DIS-004-toc-category page=wiki/diseases/DIS-004-astroviruses.md] 猪星状病毒感染；textbook_chapter_start_page；481 [source=SRC-0001 rule=RC-CITATION-001 fact=DIS-004-toc-page-anchor page=wiki/diseases/DIS-004-astroviruses.md] / Control boundary: The evidence confirms that DIS-004 belongs to the viral disease category and identifies where it is discussed in a reference text. It does not provide data on clinical presentation, diagnostic criteria, treatment options, withdrawal periods, residue limits, or regulatory directives. / Do not prescribe beyond evidence: Do not infer or apply any dose regimens, therapeutic recommendations, safety intervals, residue tolerances, or official control measures based solely on this evidence. / Citation anchors: source=SRC-0001 rule=RC-CITATION-001 fact=DIS-004-toc-category page=wiki/diseases/DIS-004-astroviruses.md; source=SRC-0001 rule=RC-CITATION-001 fact=DIS-004-toc-page-anchor page=wiki/diseases/DIS-004-astroviruses.md","2","authoritative","complete","diagnostic","real-api","hunyuan-turbos-20250926","phase14.two_stage.v2"
"GEN-000014","PLAN-DIS-007-0001","L1_retrieval_grounded","DIS-007","disease","Summarize core knowledge for DIS-007 using registered Wiki evidence.","Based on registered evidence, the disease identified as DIS-007 is categorized under viral diseases (source=SRC-0001, rule=RC-CITATION-001, fact=DIS-007-toc-category, page=wiki/diseases/DIS-007-circoviruses-pvcad.md). The textbook chapter discussing this condition begins at page 497 (source=SRC-0001, rule=RC-CITATION-001, fact=DIS-007-toc-page-anchor, page=wiki/diseases/DIS-007-circoviruses-pvcad.md). No additional clinical, diagnostic, treatment, or regulatory details are supported by the current evidence.","Evidence basis: 猪圆环病毒相关疾病属于病毒病 [source=SRC-0001 rule=RC-CITATION-001 fact=DIS-007-toc-category page=wiki/diseases/DIS-007-circoviruses-pcvad.md]。该疾病在教材中的章节起始页码为497页 [source=SRC-0001 rule=RC-CITATION-001 fact=DIS-007-toc-page-anchor page=wiki/diseases/DIS-007-circoviruses-pcvad.md]。 / Answer boundary: 当前证据仅支持疾病类别归属及教材章节位置，未提供临床特征、诊断方法、治疗方案或监管措施等信息。 / Do not extend: 不得基于现有证据推断或添加诊断标准、用药方案、安全间隔期、残留限量或官方处置行动。 / Citation anchors: source=SRC-0001 rule=RC-CITATION-001 fact=DIS-007-toc-category page=wiki/diseases/DIS-007-circoviruses-pvcad.md; source=SRC-0001 rule=RC-CITATION-001 fact=DIS-007-toc-page-anchor page=wiki/diseases/DIS-007-circoviruses-pvcad.md","2","authoritative","complete","diagnostic","real-api","hunyuan-turbos-20250926","phase14.two_stage.v2"
"GEN-000015","PLAN-DIS-007-0002","L2_diagnosis_support","DIS-007","disease","Explain the diagnosis-support points and limits for DIS-007 using registered Wiki evidence.","Diagnosis-support evidence: The disease is classified under viral diseases as '猪圆环病毒相关疾病' [fact=DIS-007-toc-category; source=SRC-0001; rule=RC-CITATION-001; page=wiki/diseases/DIS-007-circoviruses-pcvad.md]. Diagnostic boundary: This confirms its category but does not provide clinical signs, differential diagnoses, laboratory tests, or treatment guidance; such details remain outside the current evidence scope.","Diagnosis-support evidence: 猪圆环病毒相关疾病；category；病毒病 [source=SRC-0001 rule=RC-CITATION-001 fact=DIS-007-toc-category page=wiki/diseases/DIS-007-circoviruses-pcvad.md]。猪圆环病毒相关疾病；textbook_chapter_start_page；497 [source=SRC-0001 rule=RC-CITATION-001 fact=DIS-007-toc-page-anchor page=wiki/diseases/DIS-007-circoviruses-pcvad.md]。 / Diagnostic boundary: 这些事实可用于支持诊断讨论，但不足以做出无锚定的最终诊断。 / Do not infer: 不得推断病因、病原体、治疗方案、产品使用或官方行动等超出引用事实的内容。 / Citation anchors: source=SRC-0001 rule=RC-CITATION-001 fact=DIS-007-toc-category page=wiki/diseases/DIS-007-circoviruses-pvcad.md; source=SRC-0001 rule=RC-CITATION-001 fact=DIS-007-toc-page-anchor page=wiki/diseases/DIS-007-circoviruses-pvcad.md","2","authoritative","complete","diagnostic","real-api","hunyuan-turbos-20250926","phase14.two_stage.v2"
"GEN-000016","PLAN-DIS-007-0003","L3_differential_support","DIS-007","disease","Explain the differential diagnosis boundary for DIS-007 using registered Wiki evidence.","Differential-boundary evidence: The disease entity DIS-007 is classified under the category “病毒病” (viral diseases) within the textbook chapter on circovirus-related conditions [source=SRC-0001][rule=RC-CITATION-001][fact=DIS-007-toc-category][page=wiki/diseases/DIS-007-circoviruses-pcvad.md], beginning at page 497 [source=SRC-0001][rule=RC-CITATION-001][fact=DIS-007-toc-page-anchor][page=wiki/diseases/DIS-007-circoviruses-pcvad.md]. Differential boundary: This confirms that DIS-007 falls within viral diseases associated with porcine circoviruses, but does not provide information sufficient to distinguish it from other viral pathogens presenting similarly; no additional diagnostic, therapeutic, or regulatory assertions are supported by this evidence.","Differential-boundary evidence: 猪圆环病毒相关疾病被归类为“病毒病”，出现在教材中有关猪圆环病毒的章节 [source=SRC-0001][rule=RC-CITATION-001][fact=DIS-007-toc-category][page=wiki/diseases/DIS-007-circoviruses-pcvad.md]，该章节起始于第497页 [source=SRC-0001][rule=RC-CITATION-001][fact=DIS-007-toc-page-anchor][page=wiki/diseases/DIS-007-circoviruses-pcvad.md]。 / Differential boundary: 这些事实定义了DIS-007在鉴别诊断中的边界，即它属于与猪圆环病毒相关的病毒性病因范畴。然而，证据不足以区分其与其他表现相似的病毒性疾病，也无法支持进一步的诊断、治疗或监管结论。 / Do not over-diagnose: 不得基于本证据添加未引用的鉴别症状、治疗方案、产品使用说明、休药期、残留限量或官方行动指令。 / Citation anchors: [source=SRC-0001][rule=RC-CITATION-001][fact=DIS-007-toc-category][page=wiki/diseases/DIS-007-circoviruses-pcvad.md]; [source=SRC-0001][rule=RC-CITATION-001][fact=DIS-007-toc-page-anchor][page=wiki/diseases/DIS-007-circoviruses-pcvad.md]","2","authoritative","complete","diagnostic","real-api","hunyuan-turbos-20250926","phase14.two_stage.v2"
"GEN-000017","PLAN-DIS-007-0004","L4_control_boundary","DIS-007","disease","Explain the control boundary for DIS-007 using registered Wiki evidence.","The disease DIS-007 is classified under viral diseases within the category of porcine circovirus-associated diseases [source=SRC-0001, rule=RC-CITATION-001, fact=DIS-007-toc-category, page=wiki/diseases/DIS-007-circoviruses-pcvad.md]. The textbook chapter discussing this condition begins on page 497 [source=SRC-0001, rule=RC-CITATION-001, fact=DIS-007-toc-page-anchor, page=wiki/diseases/DIS-007-circoviruses-pcvad.md]. Based solely on these references, the control boundary includes its classification as a virus-induced disease and bibliographic location, but does not extend to specific prevention measures, treatment protocols, withdrawal intervals, or regulatory actions.","Control-boundary evidence: 猪圆环病毒相关疾病被归类为病毒病 [source=SRC-0001 rule=RC-CITATION-001 fact=DIS-007-toc-category page=wiki/diseases/DIS-007-circoviruses-pcvad.md]。该疾病在教科书中的章节起始页码为第497页 [source=SRC-0001 rule=RC-CITATION-001 fact=DIS-007-toc-page-anchor page=wiki/diseases/DIS-007-circoviruses-pcvad.md]。 / Control boundary: 现有证据仅支持将DIS-007识别为猪圆环病毒相关的病毒性疾病，并确认其在参考教材中的位置。证据未提供关于预防、治疗、停药期或监管措施的具体信息。 / Do not prescribe beyond evidence: 不得基于当前证据给出任何未经证实的用药剂量、治疗方案、隔离措施、运输决策或官方行动建议。 / Citation anchors: source=SRC-0001 rule=RC-CITATION-001 fact=DIS-007-toc-category page=wiki/diseases/DIS-007-circoviruses-pcvad.md; source=SRC-0001 rule=RC-CITATION-001 fact=DIS-007-toc-page-anchor page=wiki/diseases/DIS-007-circoviruses-pcvad.md","2","authoritative","complete","diagnostic","real-api","hunyuan-turbos-20250926","phase14.two_stage.v2"
"GEN-000018","PLAN-DIS-008-0001","L1_retrieval_grounded","DIS-008","disease","Summarize core knowledge for DIS-008 using registered Wiki evidence.","According to WOAH, Porcine Epidemic Diarrhea (PED) is a non-zoonotic viral disease of pigs caused by a coronavirus, characterized by watery diarrhea and weight loss [source=A1-WOAH-PED][rule=RC-CITATION-001][fact=DIS008-WEB-001-woah-nonzoonotic-coronavirus][page=wiki/diseases/DIS-008-porcine-epidemic-diarrhea-virus.md]. It primarily affects pigs of all ages but is most severe in neonatal piglets, where morbidity can reach 100%, while mortality decreases with increasing age [source=A1-WOAH-PED][rule=RC-CITATION-001][fact=DIS008-WEB-002-woah-age-morbidity-mortality][page=wiki/diseases/DIS-008-porcine-epidemic-diarrhea-virus.md]. Transmission occurs via the fecal–oral route, and control measures emphasize strict biosecurity and early detection [source=A1-WOAH-PED][rule=RC-CITATION-001][fact=DIS008-WEB-003-woah-fecal-oral-biosecurity-early-detection][page=wiki/diseases/DIS-008-porcine-epidemic-diarrhea-virus.md]. Clinically, PED resembles other porcine gastroenteritides, and there is no specific treatment [source=A1-WOAH-PED][rule=RC-CITATION-001][fact=DIS008-WEB-004-woah-clinical-similarity-no-specific-treatment][page=wiki/diseases/DIS-008-porcine-epidemic-diarrhea-virus.md]. This summary reflects authoritative boundaries on clinical presentation, transmission, and control strategy; it does not support statements about diagnosis methods, treatments beyond supportive care, or regulatory actions.","Evidence basis: 猪流行性腹泻；authority_supported_ped_boundary_or_fact；WOAH identifies PED as a non-zoonotic viral disease of pigs caused by a coronavirus and characterised by watery diarrhoea and weight loss. [source=A1-WOAH-PED rule=RC-CITATION-001 fact=DIS008-WEB-001-woah-nonzoonotic-coronavirus page=wiki/diseases/DIS-008-porcine-epidemic-diarrhea-virus.md] 猪流行性腹泻；authority_supported_ped_boundary_or_fact；WOAH states that PED affects pigs of all ages but is most severe in neonatal piglets, with morbidity and mortality reaching up to 100% and mortality decreasing as age increases. [source=A1-WOAH-PED rule=RC-CITATION-001 fact=DIS008-WEB-002-woah-age-morbidity-mortality page=wiki/diseases/DIS-008-porcine-epidemic-diarrhea-virus.md] 猪流行性腹泻；authority_supported_ped_boundary_or_fact；WOAH states that PED is mainly transmitted by the faecal–oral route and that prevention and management control focus on strict biosecurity and early detection. [source=A1-WOAH-PED rule=RC-CITATION-001 fact=DIS008-WEB-003-woah-fecal-oral-biosecurity-early-detection page=wiki/diseases/DIS-008-porcine-epidemic-diarrhea-virus.md] 猪流行性腹泻；authority_supported_ped_boundary_or_fact；WOAH states that PED is clinically similar to other forms of porcine gastroenteritis and that there is no specific treatment; this supports diagnostic and treatment-boundary use only. [source=A1-WOAH-PED rule=RC-CITATION-001 fact=DIS008-WEB-004-woah-clinical-similarity-no-specific-treatment page=wiki/diseases/DIS-008-porcine-epidemic-diarrhea-virus.md] / Answer boundary: The evidence supports identification of PED as a non-zoonotic coronavirus infection causing watery diarrhoea and weight loss, with severity greatest in neonatal piglets, faecal–oral transmission, and reliance on biosecurity and early detection for control. There is no evidence supporting definitive laboratory-based diagnosis, differential diagnosis criteria, therapeutic agents, withdrawal intervals, residue limits, or regulatory directives. / Do not extend: Do not infer or apply any specific diagnostic tests, pharmaceutical products, dosage regimens, safety intervals, residue tolerances, or government-imposed movement restrictions—these are outside the scope of the provided evidence. / Citation anchors: source=A1-WOAH-PED rule=RC-CITATION-001 fact=DIS008-WEB-001-woah-nonzoonotic-coronavirus page=wiki/diseases/DIS-008-porcine-epidemic-diarrhea-virus.md; source=A1-WOAH-PED rule=RC-CITATION-001 fact=DIS008-WEB-002-woah-age-morbidity-mortality page=wiki/diseases/DIS-008-porcine-epidemic-diarrhea-virus.md; source=A1-WOAH-PED rule=RC-CITATION-001 fact=DIS008-WEB-003-woah-fecal-oral-biosecurity-early-detection page=wiki/diseases/DIS-008-porcine-epidemic-diarrhea-virus.md; source=A1-WOAH-PED rule=RC-CITATION-001 fact=DIS008-WEB-004-woah-clinical-similarity-no-specific-treatment page=wiki/diseases/DIS-008-porcine-epidemic-diarrhea-virus.md","4","authoritative","complete","diagnostic","real-api","hunyuan-turbos-20250926","phase14.two_stage.v2"
"GEN-000019","PLAN-DIS-008-0002","L2_diagnosis_support","DIS-008","disease","Explain the diagnosis-support points and limits for DIS-008 using registered Wiki evidence.","Diagnosis-support evidence: According to WOAH, Porcine Epidemic Diarrhea (PED) is a non-zoonotic viral disease of pigs caused by a coronavirus, characterized by watery diarrhoea and weight loss [source=A1-WOAH-PED][rule=RC-CITATION-001][fact=DIS008-WEB-001-woah-nonzoonotic-coronavirus][page=wiki/diseases/DIS-008-porcine-epidemic-diarrhea-virus.md]. It primarily affects pigs of all ages but is most severe in neonatal piglets, where morbidity and mortality can reach up to 100%, decreasing with increasing age [source=A1-WOAH-PED][rule=RC-CITATION-001][fact=DIS008-WEB-002-woah-age-morbidity-mortality][page=wiki/diseases/DIS-008-porcine-epidemic-diarrhea-virus.md]. /  / Diagnostic boundary: The evidence supports recognizing PED based on clinical signs such as acute watery diarrhoea and high mortality in young piglets, along with its known transmission via the faecal–oral route and reliance on biosecurity and early detection for control [source=A1-WOAH-PED][rule=RC-CITATION-001][fact=DIS008-WEB-003-woah-fecal-oral-biosecurity-early-detection][page=wiki/diseases/DIS-008-porcine-epidemic-diarrhea-virus.md]. However, because PED is clinically similar to other porcine gastroenteritides and lacks a specific treatment [source=A1-WOAH-PED][rule=RC-CITATION-001][fact=DIS008-WEB-004-woah-clinical-similarity-no-specific-treatment][page=wiki/diseases/DIS-008-porcine-epidemic-diarrhea-virus.md], laboratory confirmation is necessary to distinguish it from differential diagnoses.","Diagnosis-support evidence: 猪流行性腹泻；authority_supported_ped_boundary_or_fact；WOAH identifies PED as a non-zoonotic viral disease of pigs caused by a coronavirus and characterised by watery diarrhoea and weight loss. [source=A1-WOAH-PED rule=RC-CITATION-001 fact=DIS008-WEB-001-woah-nonzoonotic-coronavirus page=wiki/diseases/DIS-008-porcine-epidemic-diarrhea-virus.md] 猪流行性腹泻；authority_supported_ped_boundary_or_fact；WOAH states that PED affects pigs of all ages but is most severe in neonatal piglets, with morbidity and mortality reaching up to 100% and mortality decreasing as age increases. [source=A1-WOAH-PED rule=RC-CITATION-001 fact=DIS008-WEB-002-woah-age-morbidity-mortality page=wiki/diseases/DIS-008-porcine-epidemic-diarrhea-virus.md] 猪流行性腹泻；authority_supported_ped_boundary_or_fact；WOAH states that PED is mainly transmitted by the faecal-oral route and that prevention and management control focus on strict biosecurity and early detection. [source=A1-WOAH-PED rule=RC-CITATION-001 fact=DIS008-WEB-003-woah-fecal-oral-biosecurity-early-detection page=wiki/diseases/DIS-008-porcine-epidemic-diarrhea-virus.md] 猪流行性腹泻；authority_supported_ped_boundary_or_fact；WOAH states that PED is clinically similar to other forms of porcine gastroenteritis and that there is no specific treatment; this supports diagnostic and treatment-boundary use only. [source=A1-WOAH-PED rule=RC-CITATION-001 fact=DIS008-WEB-004-woah-clinical-similarity-no-specific-treatment page=wiki/diseases/DIS-008-porcine-epidemic-diarrhea-virus.md] / Diagnostic boundary: These facts can support a diagnosis discussion, but they are not enough to make an unanchored final diagnosis. / Do not infer: Do not infer causes, pathogens, treatment details, product use, or official actions beyond the cited facts. / Citation anchors: source=A1-WOAH-PED rule=RC-CITATION-001 fact=DIS008-WEB-001-woah-nonzoonotic-coronavirus page=wiki/diseases/DIS-008-porcine-epidemic-diarrhea-virus.md; source=A1-WOAH-PED rule=RC-CITATION-001 fact=DIS008-WEB-002-woah-age-morbidity-mortality page=wiki/diseases/DIS-008-porcine-epidemic-diarrhea-virus.md; source=A1-WOAH-PED rule=RC-CITATION-001 fact=DIS008-WEB-003-woah-fecal-oral-biosecurity-early-detection page=wiki/diseases/DIS-008-porcine-epidemic-diarrhea-virus.md; source=A1-WOAH-PED rule=RC-CITATION-001 fact=DIS008-WEB-004-woah-clinical-similarity-no-specific-treatment page=wiki/diseases/DIS-008-porcine-epidemic-diarrhea-virus.md","4","authoritative","complete","diagnostic","real-api","hunyuan-turbos-20250926","phase14.two_stage.v2"
"GEN-000020","PLAN-DIS-008-0003","L3_differential_support","DIS-008","disease","Explain the differential diagnosis boundary for DIS-008 using registered Wiki evidence.","Differential-boundary evidence: According to WOAH, Porcine Epidemic Diarrhea (PED) is a non-zoonotic viral disease of pigs caused by a coronavirus, characterized by watery diarrhea and weight loss [source=A1-WOAH-PED][rule=RC-CITATION-001][fact=DIS008-WEB-001-woah-nonzoonotic-coronavirus][page=wiki/diseases/DIS-008-porcine-epidemic-diarrhea-virus.md]. It primarily affects pigs of all ages but is most severe in neonatal piglets, with high morbidity and mortality rates that decrease with increasing age [source=A1-WOAH-PED][rule=RC-CITATION-001][fact=DIS008-WEB-002-woah-age-morbidity-mortality][page=wiki/diseases/DIS-008-porcine-epidemic-diarrhea-virus.md], and spreads via the fecal–oral route, requiring biosecurity and early detection for control [source=A1-WOAH-PED][rule=RC-CITATION-001][fact=DIS008-WEB-003-woah-fecal-oral-biosecurity-early-detection][page=wiki/diseases/DIS-008-porcine-epidemic-diarrhea-virus.md]. /  / Differential boundary: The evidence defines PED’s clinical presentation, transmission route, and population susceptibility, supporting its distinction from diseases with different etiologies or zoonotic potential. However, because PED is clinically similar to other porcine gastroenteritides and lacks a specific curative treatment [source=A1-WOAH-PED][rule=RC-CITATION-001][fact=DIS008-WEB-004-woah-clinical-similarity-no-specific-treatment][page=wiki/diseases/DIS-008-porcine-epidemic-diarrhea-virus.md], definitive differentiation requires laboratory confirmation beyond clinical signs alone. /  / Do not over-diagnose: No dose, treatment regimen, withdrawal period, regulatory measure, or therapeutic recommendation can be inferred from this evidence.","Differential-boundary evidence: 猪流行性腹泻；authority_supported_ped_boundary_or_fact；WOAH identifies PED as a non-zoonotic viral disease of pigs caused by a coronavirus and characterised by watery diarrhoea and weight loss. [source=A1-WOAH-PED rule=RC-CITATION-001 fact=DIS008-WEB-001-woah-nonzoonotic-coronavirus page=wiki/diseases/DIS-008-porcine-epidemic-diarrhea-virus.md] 猪流行性腹泻；authority_supported_ped_boundary_or_fact；WOAH states that PED affects pigs of all ages but is most severe in neonatal piglets, with morbidity and mortality reaching up to 100% and mortality decreasing as age increases. [source=A1-WOAH-PED rule=RC-CITATION-001 fact=DIS008-WEB-002-woah-age-morbidity-mortality page=wiki/diseases/DIS-008-porcine-epidemic-diarrhea-virus.md] 猪流行性腹泻；authority_supported_ped_boundary_or_fact；WOAH states that PED is mainly transmitted by the faecal–oral route and that prevention and management control focus on strict biosecurity and early detection. [source=A1-WOAH-PED rule=RC-CITATION-001 fact=DIS008-WEB-003-woah-fecal-oral-biosecurity-early-detection page=wiki/diseases/DIS-008-porcine-epidemic-diarrhea-virus.md] 猪流行性腹泻；authority_supported_ped_boundary_or_fact；WOAH states that PED is clinically similar to other forms of porcine gastroenteritis and that there is no specific treatment; this supports diagnostic and treatment-boundary use only. [source=A1-WOAH-PED rule=RC-CITATION-001 fact=DIS008-WEB-004-woah-clinical-similarity-no-specific-treatment page=wiki/diseases/DIS-008-porcine-epidemic-diarrhea-virus.md] /  / Differential boundary: These facts support distinguishing PED from zoonotic diseases due to its non-zoonotic status, identifying it as a coronavirus-induced enteric syndrome with characteristic age-related severity and faecal–oral spread. They also indicate similarity to other porcine gastroenteritides and absence of a specific cure, meaning laboratory confirmation is necessary for definitive differentiation. /  / Do not over-diagnose: Do not infer any specific treatment regimens, drug dosages, withdrawal periods, regulatory measures, or herd-level interventions solely from these facts. Avoid assigning PED as the sole cause based on clinical signs alone. /  / Citation anchors: source=A1-WOAH-PED rule=RC-CITATION-001 fact=DIS008-WEB-001-woah-nonzoonotic-coronavirus page=wiki/diseases/DIS-008-porcine-epidemic-diarrhea-virus.md; source=A1-WOAH-PED rule=RC-CITATION-001 fact=DIS008-WEB-002-woah-age-morbidity-mortality page=wiki/diseases/DIS-008-porcine-epidemic-diarrhea-virus.md; source=A1-WOAH-PED rule=RC-CITATION-001 fact=DIS008-WEB-003-woah-fecal-oral-biosecurity-early-detection page=wiki/diseases/DIS-008-porcine-epidemic-diarrhea-virus.md; source=A1-WOAH-PED rule=RC-CITATION-001 fact=DIS008-WEB-004-woah-clinical-similarity-no-specific-treatment page=wiki/diseases/DIS-008-porcine-epidemic-diarrhea-virus.md","4","authoritative","complete","diagnostic","real-api","hunyuan-turbos-20250926","phase14.two_stage.v2"
"GEN-000021","PLAN-DIS-008-0004","L4_control_boundary","DIS-008","disease","Explain the control boundary for DIS-008 using registered Wiki evidence.","According to WOAH, Porcine Epidemic Diarrhea (PED) is a non-zoonotic viral disease of pigs caused by a coronavirus, characterized by watery diarrhoea and weight loss [source=A1-WOAH-PED][rule=RC-CITATION-001][fact=DIS008-WEB-001-woah-nonzoonotic-coronavirus][page=wiki/diseases/DIS-008-porcine-epidemic-diarrhea-virus.md]. The disease primarily affects pigs of all ages but is most severe in neonatal piglets, where morbidity and mortality can reach up to 100%, decreasing with increasing age [source=A1-WOAH-PED][rule=RC-CITATION-001][fact=DIS008-WEB-002-woah-age-morbidity-mortality][page=wiki/diseases/DIS-008-porcine-epidemic-diarrhea-virus.md]. Transmission occurs mainly via the faecal–oral route, and control efforts emphasize strict biosecurity and early detection [source=A1-WOAH-PED][rule=RC-CITATION-001][fact=DIS008-WEB-003-woah-fecal-oral-biosecurity-early-detection][page=wiki/diseases/DIS-008-porcine-epidemic-diarrhea-virus.md]. /  / The control boundary established by authority sources defines PED as a contagious enteric viral infection limited to swine, with clinical signs overlapping those of other porcine gastroenteritides and no specific curative treatment identified [source=A1-WOAH-PED][rule=RC-CITATION-001][fact=DIS008-WEB-004-woah-clinical-similarity-no-specific-treatment][page=wiki/diseases/DIS-008-porcine-epidemic-diarrhea-virus.md]. This limits authoritative guidance to differential diagnosis support and preventive measures such as biosecurity. /  / No dosing regimens, therapeutic products, withdrawal intervals, regulatory actions, or off-label uses are supported by current evidence.","Control-boundary evidence: 猪流行性腹泻；authority_supported_ped_boundary_or_fact；WOAH identifies PED as a non-zoonotic viral disease of pigs caused by a coronavirus and characterised by watery diarrhoea and weight loss. [source=A1-WOAH-PED rule=RC-CITATION-001 fact=DIS008-WEB-001-woah-nonzoonotic-coronavirus page=wiki/diseases/DIS-008-porcine-epidemic-diarrhea-virus.md] 猪流行性腹泻；authority_supported_ped_boundary_or_fact；WOAH states that PED affects pigs of all ages but is most severe in neonatal piglets, with morbidity and mortality reaching up to 100% and mortality decreasing as age increases. [source=A1-WOAH-PED rule=RC-CITATION-001 fact=DIS008-WEB-002-woah-age-morbidity-mortality page=wiki/diseases/DIS-008-porcine-epidemic-diarrhea-virus.md] 猪流行性腹泻；authority_supported_ped_boundary_or_fact；WOAH states that PED is mainly transmitted by the faecal-oral route and that prevention and management control focus on strict biosecurity and early detection. [source=A1-WOAH-PED rule=RC-CITATION-001 fact=DIS008-WEB-003-woah-fecal-oral-biosecurity-early-detection page=wiki/diseases/DIS-008-porcine-epidemic-diarrhea-virus.md] 猪流行性腹泻；authority_supported_ped_boundary_or_fact；WOAH states that PED is clinically similar to other forms of porcine gastroenteritis and that there is no specific treatment; this supports diagnostic and treatment-boundary use only. [source=A1-WOAH-PED rule=RC-CITATION-001 fact=DIS008-WEB-004-woah-clinical-similarity-no-specific-treatment page=wiki/diseases/DIS-008-porcine-epidemic-diarrhea-virus.md] / Control boundary: The cited evidence supports recognition of PED as a non-zoonotic, enteric coronavirus infection of swine with high severity in neonates, faecal–oral transmission, and absence of a specific antiviral therapy. Control recommendations are limited to biosecurity and early detection. No evidence supports definitive differentiation from other porcine gastroenteritides based solely on clinical signs, nor does it provide authorized treatments, drug doses, withdrawal periods, or regulatory directives. / Do not prescribe beyond evidence: Do not infer or execute any herd disposition, movement restriction, treatment regimen, medication use, or regulatory enforcement based on these statements. Avoid suggesting specific commercial products, dosages, or off-label applications. Diagnosis confirmation requires laboratory testing beyond the provided clinical overlap information. / Citation anchors: source=A1-WOAH-PED rule=RC-CITATION-001 fact=DIS008-WEB-001-woah-nonzoonotic-coronavirus page=wiki/diseases/DIS-008-porcine-epidemic-diarrhea-virus.md; source=A1-WOAH-PED rule=RC-CITATION-001 fact=DIS008-WEB-002-woah-age-morbidity-mortality page=wiki/diseases/DIS-008-porcine-epidemic-diarrhea-virus.md; source=A1-WOAH-PED rule=RC-CITATION-001 fact=DIS008-WEB-003-woah-fecal-oral-biosecurity-early-detection page=wiki/diseases/DIS-008-porcine-epidemic-diarrhea-virus.md; source=A1-WOAH-PED rule=RC-CITATION-001 fact=DIS008-WEB-004-woah-clinical-similarity-no-specific-treatment page=wiki/diseases/DIS-008-porcine-epidemic-diarrhea-virus.md","4","authoritative","complete","diagnostic","real-api","hunyuan-turbos-20250926","phase14.two_stage.v2"
"GEN-000022","PLAN-DIS-009-0001","L1_retrieval_grounded","DIS-009","disease","Summarize core knowledge for DIS-009 using registered Wiki evidence.","Based on registered evidence, transmissible gastroenteritis of pigs (DIS-009) is classified under viral diseases [source=SRC-0001, rule=RC-CITATION-001, fact=DIS-009-toc-category, page=wiki/diseases/DIS-009-transmissible-gastroenteritis-virus.md]. The textbook chapter discussing this disease begins on page 512 [source=SRC-0001, rule=RC-CITATION-001, fact=DIS-009-toc-page-anchor, page=wiki/diseases/DIS-009-transmissible-gastroenteritis-virus.md]. No additional clinical, diagnostic, treatment, or regulatory details are supported by the current evidence.","Evidence basis: 猪传染性胃肠炎被归类为病毒病 [source=SRC-0001 rule=RC-CITATION-001 fact=DIS-009-toc-category page=wiki/diseases/DIS-009-transmissible-gastroenteritis-virus.md]。该病的教科书章节起始页码为第512页 [source=SRC-0001 rule=RC-CITATION-001 fact=DIS-009-toc-page-anchor page=wiki/diseases/DIS-009-transmissible-gastroenteritis-virus.md]。 / Answer boundary: 当前证据仅支持疾病分类和教材章节位置，未提供临床特征、诊断方法、治疗方案或监管措施等信息。 / Do not extend: 不得添加未经证实的诊断标准、药物使用说明、休药期、残留限量或官方处置指令。 / Citation anchors: source=SRC-0001 rule=RC-CITATION-001 fact=DIS-009-toc-category page=wiki/diseases/DIS-009-transmissible-gastroenteritis-virus.md; source=SRC-0001 rule=RC-CITATION-001 fact=DIS-009-toc-page-anchor page=wiki/diseases/DIS-009-transmissible-gastroenteritis-virus.md","2","authoritative","complete","diagnostic","real-api","hunyuan-turbos-20250926","phase14.two_stage.v2"
"GEN-000023","PLAN-DIS-009-0002","L2_diagnosis_support","DIS-009","disease","Explain the diagnosis-support points and limits for DIS-009 using registered Wiki evidence.","Diagnosis-support evidence: The disease is classified under viral diseases (source=SRC-0001, rule=RC-CITATION-001, fact=DIS-009-toc-category, page=wiki/diseases/DIS-009-transmissible-gastroenteritis-virus.md). Diagnostic boundary: This confirms that transmissible gastroenteritis in pigs belongs to the category of viral diseases; however, no additional diagnostic criteria beyond this classification are established by the current evidence (source=SRC-0001, rule=RC-CITATION-001, fact=DIS-009-toc-page-anchor, page=wiki/diseases/DIS-009-transmissible-gastroenteritis-virus.md).","Diagnosis-support evidence: 猪传染性胃肠炎；category；病毒病 [source=SRC-0001 rule=RC-CITATION-001 fact=DIS-009-toc-category page=wiki/diseases/DIS-009-transmissible-gastroenteritis-virus.md]。猪传染性胃肠炎；textbook_chapter_start_page；512 [source=SRC-0001 rule=RC-CITATION-001 fact=DIS-009-toc-page-anchor page=wiki/diseases/DIS-009-transmissible-gastroenteritis-virus.md]。 / Diagnostic boundary: 这些事实支持将猪传染性胃肠炎归类为病毒性疾病，并可在教科书第512页找到相关章节起始位置。但现有证据不足以确定病因、传播途径、诊断标准或治疗方案，因此无法据此作出最终诊断。 / Do not infer: 不得推断病原种类、致病机制、治疗用药、产品使用、休药期、残留限量或官方处置措施等未明确记载的信息。 / Citation anchors: source=SRC-0001 rule=RC-CITATION-001 fact=DIS-009-toc-category page=wiki/diseases/DIS-009-transmissible-gastroenteritis-virus.md; source=SRC-0001 rule=RC-CITATION-001 fact=DIS-009-toc-page-anchor page=wiki/diseases/DIS-009-transmissible-gastroenteritis-virus.md","2","authoritative","complete","diagnostic","real-api","hunyuan-turbos-20250926","phase14.two_stage.v2"
"GEN-000024","PLAN-DIS-009-0003","L3_differential_support","DIS-009","disease","Explain the differential diagnosis boundary for DIS-009 using registered Wiki evidence.","The differential-boundary evidence places Transmissible Gastroenteritis (TGE) of swine within the category of viral diseases [source=SRC-0001, rule=RC-CITATION-001, fact=DIS-009-toc-category, page=wiki/diseases/DIS-009-transmissible-gastroenteritis-virus.md]. The textbook chapter on this disease begins at page 512 [source=SRC-0001, rule=RC-CITATION-001, fact=DIS-009-toc-page-anchor, page=wiki/diseases/DIS-009-transmissible-gastroenteritis-virus.md]. This confirms its classification but does not provide additional diagnostic criteria beyond that categorization.","Differential-boundary evidence: 猪传染性胃肠炎；category；病毒病 [source=SRC-0001 rule=RC-CITATION-001 fact=DIS-009-toc-category page=wiki/diseases/DIS-009-transmissible-gastroenteritis-virus.md] 猪传染性胃肠炎；textbook_chapter_start_page；512 [source=SRC-0001 rule=RC-CITATION-001 fact=DIS-009-toc-page-anchor page=wiki/diseases/DIS-009-transmissible-gastroenteritis-virus.md] / Differential boundary: These facts establish that Transmissible Gastroenteritis (TGE) is classified as a viral disease and locate its discussion in a specific textbook chapter starting at page 512. They support placing TGE within the viral-disease differential group but do not provide clinical signs, laboratory tests, or other distinguishing features necessary for definitive differentiation from other viral enteric infections. / Do not over-diagnose: Do not infer clinical presentation, causative agent confirmation methods, treatment regimens, vaccine usage, withdrawal intervals, maximum residue limits, or regulatory actions based solely on these categorical and bibliographic references. / Citation anchors: source=SRC-0001 rule=RC-CITATION-001 fact=DIS-009-toc-category page=wiki/diseases/DIS-009-transmissible-gastroenteritis-virus.md; source=SRC-0001 rule=RC-CITATION-001 fact=DIS-009-toc-page-anchor page=wiki/diseases/DIS-009-transmissible-gastroenteritis-virus.md","2","authoritative","complete","diagnostic","real-api","hunyuan-turbos-20250926","phase14.two_stage.v2"
"GEN-000025","PLAN-DIS-009-0004","L4_control_boundary","DIS-009","disease","Explain the control boundary for DIS-009 using registered Wiki evidence.","The disease entity DIS-009 is classified under the category '病毒病' (viral disease) according to its textbook entry [source=SRC-0001][rule=RC-CITATION-001][fact=DIS-009-toc-category][page=wiki/diseases/DIS-009-transmissible-gastroenteritis-virus.md]. The corresponding chapter begins on textbook page 512 [source=SRC-0001][rule=RC-CITATION-001][fact=DIS-009-toc-page-anchor][page=wiki/diseases/DIS-009-transmissible-gastroenteritis-virus.md]. /  / Control boundary: Evidence confirms that DIS-009 falls within the viral disease category and identifies its textbook reference location; however, no information is provided about transmission routes, clinical signs, prevention measures, treatment options, diagnostic methods, regulatory actions, withdrawal intervals, or residue limits. /  / Do not prescribe beyond evidence: No statements regarding specific interventions, products, dosages, or official controls can be made due to lack of supporting data.","Control-boundary evidence: 猪传染性胃肠炎；category；病毒病 [source=SRC-0001 rule=RC-CITATION-001 fact=DIS-009-toc-category page=wiki/diseases/DIS-009-transmissible-gastroenteritis-virus.md] 猪传染性胃肠炎；textbook_chapter_start_page；512 [source=SRC-0001 rule=RC-CITATION-001 fact=DIS-009-toc-page-anchor page=wiki/diseases/DIS-009-transmissible-gastroenteritis-virus.md] / Control boundary: These facts establish that DIS-009 is a viral disease and locate its textbook description starting at page 512, but they provide no details on transmission pathways, clinical presentation, diagnostics, treatments, preventive measures, regulatory directives, withdrawal periods, or residue thresholds. / Do not prescribe beyond evidence: Do not infer or recommend any specific therapeutic agents, dosing regimens, vaccination protocols, biosecurity practices, movement restrictions, culling policies, or official control actions because such content is absent from the cited sources. / Citation anchors: source=SRC-0001 rule=RC-CITATION-001 fact=DIS-009-toc-category page=wiki/diseases/DIS-009-transmissible-gastroenteritis-virus.md; source=SRC-0001 rule=RC-CITATION-001 fact=DIS-009-toc-page-anchor page=wiki/diseases/DIS-009-transmissible-gastroenteritis-virus.md","2","authoritative","complete","diagnostic","real-api","hunyuan-turbos-20250926","phase14.two_stage.v2"
"GEN-000027","PLAN-DIS-011-0001","L1_retrieval_grounded","DIS-011","disease","Summarize core knowledge for DIS-011 using registered Wiki evidence.","Based on registered Wiki evidence, 猪血凝性脑脊髓炎 (Hemagglutinating Encephalomyelitis Virus) is classified under the category of viral diseases [source=SRC-0001, rule=RC-CITATION-001, fact=DIS-011-toc-category, page=wiki/diseases/DIS-011-hemagglutinating-encephalomyelitis-virus.md], and its textbook chapter begins on page 512 [source=SRC-0001, rule=RC-CITATION-001, fact=DIS-011-toc-page-anchor, page=wiki/diseases/DIS-011-hemagglutinating-encephalomyelitis-virus.md]. The evidence does not support further clinical, diagnostic, treatment, or regulatory details beyond these classification and reference location facts.","Evidence basis: 猪血凝性脑脊髓炎被归类为病毒病 [source=SRC-0001 rule=RC-CITATION-001 fact=DIS-011-toc-category page=wiki/diseases/DIS-011-hemagglutinating-encephalomyelitis-virus.md]，其教科书章节起始页码为第512页 [source=SRC-0001 rule=RC-CITATION-001 fact=DIS-011-toc-page-anchor page=wiki/diseases/DIS-011-hemagglutinating-encephalomyelitis-virus.md]。 / Answer boundary: 现有证据仅支持该病的分类和参考位置信息，未提供关于临床表现、诊断方法、治疗方案或监管措施的细节。 / Do not extend: 不得基于当前证据推断或添加任何未经证实的临床表现描述、诊断标准、用药方案、安全间隔期、残留限量或官方处置措施。 / Citation anchors: source=SRC-0001 rule=RC-CITATION-001 fact=DIS-011-toc-category page=wiki/diseases/DIS-011-hemagglutinating-encephalomyelitis-virus.md; source=SRC-0001 rule=RC-CITATION-001 fact=DIS-011-toc-page-anchor page=wiki/diseases/DIS-011-hemagglutinating-encephalomyelitis-virus.md","2","authoritative","complete","diagnostic","real-api","hunyuan-turbos-20250926","phase14.two_stage.v2"
"GEN-000028","PLAN-DIS-011-0002","L2_diagnosis_support","DIS-011","disease","Explain the diagnosis-support points and limits for DIS-011 using registered Wiki evidence.","Diagnosis-support evidence: The disease is classified under viral diseases [source=SRC-0001, rule=RC-CITATION-001, fact=DIS-011-toc-category, page=wiki/diseases/DIS-011-hemagglutinating-encephalomyelitis-virus.md]. Diagnostic boundary: This confirms that '猪血凝性脑脊髓炎' (Hemagglutinating Encephalomyelitis) belongs to the category of viral diseases; however, no clinical signs, diagnostic tests, or differential considerations are specified in the available evidence [source=SRC-0001, rule=RC-CITATION-001, fact=DIS-011-toc-page-anchor, page=wiki/diseases/DIS-011-hemagglutinating-encephalomyelitis-virus.md].","Diagnosis-support evidence: 猪血凝性脑脊髓炎；category；病毒病 [source=SRC-0001 rule=RC-CITATION-001 fact=DIS-011-toc-category page=wiki/diseases/DIS-011-hemagglutinating-encephalomyelitis-virus.md]。猪血凝性脑脊髓炎；textbook_chapter_start_page；512 [source=SRC-0001 rule=RC-CITATION-001 fact=DIS-011-toc-page-anchor page=wiki/diseases/DIS-011-hemagglutinating-encephalomyelitis-virus.md]。 / Diagnostic boundary: 这些事实支持将猪血凝性脑脊髓炎归类为病毒病，并可在教科书第512页查阅相关章节，但现有证据未提供临床症状、诊断检测方法或鉴别诊断信息，因此不足以做出最终诊断。 / Do not infer: 不得推断病因、病原体、治疗方案、产品使用、休药期、残留限量或官方措施等未在证据中提及的内容。 / Citation anchors: source=SRC-0001 rule=RC-CITATION-001 fact=DIS-011-toc-category page=wiki/diseases/DIS-011-hemagglutinating-encephalomyelitis-virus.md; source=SRC-0001 rule=RC-CITATION-001 fact=DIS-011-toc-page-anchor page=wiki/diseases/DIS-011-hemagglutinating-encephalomyelitis-virus.md","2","authoritative","complete","diagnostic","real-api","hunyuan-turbos-20250926","phase14.two_stage.v2"
"GEN-000029","PLAN-DIS-011-0003","L3_differential_support","DIS-011","disease","Explain the differential diagnosis boundary for DIS-011 using registered Wiki evidence.","The disease entity DIS-011 (Hemagglutinating Encephalomyelitis Virus) is classified under viral diseases based on its category assignment [source=SRC-0001, rule=RC-CITATION-001, fact=DIS-011-toc-category, page=wiki/diseases/DIS-011-hemagglutinating-encephalomyelitis-virus.md]. The textbook chapter discussing this condition begins at page 512 [source=SRC-0001, rule=RC-CITATION-001, fact=DIS-011-toc-page-anchor, page=wiki/diseases/DIS-011-hemagglutinating-encephalomyelitis-virus.md]. These references establish that DIS-011 falls within the virus disease group but do not provide additional diagnostic criteria beyond classification and location in literature.","Differential-boundary evidence: 猪血凝性脑脊髓炎；category；病毒病 [source=SRC-0001 rule=RC-CITATION-001 fact=DIS-011-toc-category page=wiki/diseases/DIS-011-hemagglutinating-encephalomyelitis-virus.md] 猪血凝性脑脊髓炎；textbook_chapter_start_page；512 [source=SRC-0001 rule=RC-CITATION-001 fact=DIS-011-toc-page-anchor page=wiki/diseases/DIS-011-hemagglutinating-encephalomyelitis-virus.md] / Differential boundary: These facts place DIS-011 (Hemagglutinating Encephalomyelitis Virus) within the viral disease category and locate its discussion starting at textbook page 512. They support categorization and reference placement but do not provide clinical signs, laboratory tests, or other features needed to distinguish it from other viral encephalitides. / Do not over-diagnose: Do not infer specific symptoms, test results, treatments, withdrawal intervals, regulatory actions, or herd management decisions solely from these classification and location facts. / Citation anchors: source=SRC-0001 rule=RC-CITATION-001 fact=DIS-011-toc-category page=wiki/diseases/DIS-011-hemagglutinating-encephalomyelitis-virus.md; source=SRC-0001 rule=RC-CITATION-001 fact=DIS-011-toc-page-anchor page=wiki/diseases/DIS-011-hemagglutinating-encephalomyelitis-virus.md","2","authoritative","complete","diagnostic","real-api","hunyuan-turbos-20250926","phase14.two_stage.v2"
"GEN-000030","PLAN-DIS-011-0004","L4_control_boundary","DIS-011","disease","Explain the control boundary for DIS-011 using registered Wiki evidence.","The disease entity DIS-011 is classified under viral diseases (source=SRC-0001, rule=RC-CITATION-001, fact=DIS-011-toc-category, page=wiki/diseases/DIS-011-hemagglutinating-encephalomyelitis-virus.md). The textbook chapter discussing this condition begins on page 512 (source=SRC-0001, rule=RC-CITATION-001, fact=DIS-011-toc-page-anchor, page=wiki/diseases/DIS-011-hemagglutinating-encephalomyelitis-virus.md). /  / Control boundary: Based on the evidence, DIS-011 falls within the category of viral diseases, and its discussion starts at a defined location in a reference text. No additional diagnostic, therapeutic, regulatory, or management boundaries can be inferred from the current evidence. /  / Do not prescribe beyond evidence: This response does not provide information about treatment, prevention measures, withdrawal intervals, residue limits, or regulatory actions, as such details are outside the scope of the cited sources.","Control-boundary evidence: 猪血凝性脑脊髓炎；category；病毒病 [source=SRC-0001 rule=RC-CITATION-001 fact=DIS-011-toc-category page=wiki/diseases/DIS-011-hemagglutinating-encephalomyelitis-virus.md] 猪血凝性脑脊髓炎；textbook_chapter_start_page；512 [source=SRC-0001 rule=RC-CITATION-001 fact=DIS-011-toc-page-anchor page=wiki/diseases/DIS-011-hemagglutinating-encephalomyelitis-virus.md] / Control boundary: These facts establish that DIS-011 belongs to the viral disease category and identify where it is discussed in a reference text. They do not support any conclusions about clinical presentation, differential diagnosis, treatment protocols, preventive measures, withdrawal periods, residue limits, or regulatory interventions. / Do not prescribe beyond evidence: Do not infer or execute any specific diagnostic procedures, medication regimens, vaccination schedules, herd disposition decisions, movement restrictions, or official control actions based solely on these references. / Citation anchors: source=SRC-0001 rule=RC-CITATION-001 fact=DIS-011-toc-category page=wiki/diseases/DIS-011-hemagglutinating-encephalomyelitis-virus.md; source=SRC-0001 rule=RC-CITATION-001 fact=DIS-011-toc-page-anchor page=wiki/diseases/DIS-011-hemagglutinating-encephalomyelitis-virus.md","2","authoritative","complete","diagnostic","real-api","hunyuan-turbos-20250926","phase14.two_stage.v2"
"GEN-000033","PLAN-DIS-014-0001","L1_retrieval_grounded","DIS-014","disease","Summarize core knowledge for DIS-014 using registered Wiki evidence.","Based on registered Wiki evidence, 猪丝状病毒相关感染 is classified under the category “病毒病/人兽共患风险” [source=SRC-0001, rule=RC-DISEASE-REGULATORY-001, fact=DIS-014-toc-category, page=wiki/diseases/DIS-014-filoviruses-reston-ebolavirus-zaire-ebolavirus.md], and its textbook chapter begins at page 548 [source=SRC-0001, rule=RC-DISEASE-REGULATORY-001, fact=DIS-014-toc-page-anchor, page=wiki/diseases/DIS-014-filoviruses-reston-ebolavirus-zaire-ebolavirus.md]. The evidence does not support further clinical, diagnostic, treatment, regulatory enforcement, or public health conclusions beyond these classification and reference details.","Evidence basis: 猪丝状病毒相关感染被归类为“病毒病/人兽共患风险” [source=SRC-0001 rule=RC-DISEASE-REGULATORY-001 fact=DIS-014-toc-category page=wiki/diseases/DIS-014-filoviruses-reston-ebolavirus-zaire-ebolavirus.md]，其教材章节起始页码为第548页 [source=SRC-0001 rule=RC-DISEASE-REGULATORY-001 fact=DIS-014-toc-page-anchor page=wiki/diseases/DIS-014-filoviruses-reston-ebolavirus-zaire-ebolavirus.md]。 / Answer boundary: 现有证据仅支持该疾病的分类信息及参考教材位置，未提供关于临床表现、诊断方法、治疗方案、公共卫生措施或监管执法的可引用内容。 / Do not extend: 不得基于本回答推断或添加任何未经注册Wiki证据支持的临床症状判断、药物使用建议、安全间隔期、残留限量或政府强制行动（如扑杀、封锁、调运限制等）。 / Citation anchors: source=SRC-0001 rule=RC-DISEASE-REGULATORY-001 fact=DIS-014-toc-category page=wiki/diseases/DIS-014-filoviruses-reston-ebolavirus-zaire-ebolavirus.md; source=SRC-0001 rule=RC-DISEASE-REGULATORY-001 fact=DIS-014-toc-page-anchor page=wiki/diseases/DIS-014-filoviruses-reston-ebolavirus-zaire-ebolavirus.md","2","authoritative","partial","high_regulatory","real-api","hunyuan-turbos-20250926","phase14.two_stage.v2"
"GEN-000034","PLAN-DIS-015-0001","L1_retrieval_grounded","DIS-015","disease","Summarize core knowledge for DIS-015 using registered Wiki evidence.","Based on registered evidence, Japanese encephalitis virus (JEV) in pigs is classified under the category '病毒病/繁殖障碍' [source=SRC-0001, rule=RC-CITATION-001, fact=DIS-015-toc-category, page=wiki/diseases/DIS-015-japanese-encephalitis-virus.md]. The textbook chapter discussing this disease begins at page 554 [source=SRC-0001, rule=RC-CITATION-001, fact=DIS-015-toc-page-anchor, page=wiki/diseases/DIS-015-japanese-encephalitis-virus.md]. No additional clinical, diagnostic, treatment, or regulatory details beyond these classification and reference location points are supported by the current evidence.","Evidence basis: 猪乙型脑炎被归类为“病毒病/繁殖障碍” [source=SRC-0001 rule=RC-CITATION-001 fact=DIS-015-toc-category page=wiki/diseases/DIS-015-japanese-encephalitis-virus.md]。该病的教材章节起始页码为第554页 [source=SRC-0001 rule=RC-CITATION-001 fact=DIS-015-toc-page-anchor page=wiki/diseases/DIS-015-japanese-encephalitis-virus.md]。 / Answer boundary: 现有证据仅支持疾病分类和参考位置信息，未提供关于临床症状、诊断方法、治疗方案、产品使用、安全间隔期、残留限量或官方处置措施的内容。因此无法得出任何超出上述范围的结论。 / Do not extend: 不得基于本回答推断或添加诊断细节、治疗建议、药物剂量与疗程、停药期、残留标准、上报、封锁、扑杀、调运或监管执行等未经注册来源支持的信息。 / Citation anchors: source=SRC-0001 rule=RC-CITATION-001 fact=DIS-015-toc-category page=wiki/diseases/DIS-015-japanese-encephalitis-virus.md; source=SRC-0001 rule=RC-CITATION-001 fact=DIS-015-toc-page-anchor page=wiki/diseases/DIS-015-japanese-encephalitis-virus.md","2","authoritative","complete","high_regulatory","real-api","hunyuan-turbos-20250926","phase14.two_stage.v2"
"GEN-000035","PLAN-DIS-015-0002","L2_diagnosis_support","DIS-015","disease","Explain the diagnosis-support points and limits for DIS-015 using registered Wiki evidence.","Diagnosis-support evidence: Japanese encephalitis (JEV) is classified under viral diseases/reproductive disorders [source=SRC-0001, rule=RC-CITATION-001, fact=DIS-015-toc-category, page=wiki/diseases/DIS-015-japanese-encephalitis-virus.md]. Diagnostic boundary: The evidence confirms JEV’s category placement but does not provide clinical signs, laboratory criteria, differential diagnoses, or management guidance; these remain outside the current scope. No other diagnostic support points are derivable from the retained claims.","Diagnosis-support evidence: 猪乙型脑炎；category；病毒病/繁殖障碍 [source=SRC-0001 rule=RC-CITATION-001 fact=DIS-015-toc-category page=wiki/diseases/DIS-015-japanese-encephalitis-virus.md] 猪乙型脑炎；textbook_chapter_start_page；554 [source=SRC-0001 rule=RC-CITATION-001 fact=DIS-015-toc-page-anchor page=wiki/diseases/DIS-015-japanese-encephalitis-virus.md] / Diagnostic boundary: 这些事实可支持在诊断讨论中确认猪乙型脑炎的类别归属，但不足以构成最终诊断。临床体征、实验室检测标准、鉴别诊断及防控措施均不在现有证据范围内。 / Do not infer: 不得推断病因、病原、治疗方案、药物使用、休药期、残留限量或任何未在当前注册资料中明确记载的官方行动（如上报、扑杀、调运等）。 / Citation anchors: source=SRC-0001 rule=RC-CITATION-001 fact=DIS-015-toc-category page=wiki/diseases/DIS-015-japanese-encephalitis-virus.md; source=SRC-0001 rule=RC-CITATION-001 fact=DIS-015-toc-page-anchor page=wiki/diseases/DIS-015-japanese-encephalitis-virus.md","2","authoritative","complete","high_regulatory","real-api","hunyuan-turbos-20250926","phase14.two_stage.v2"
"GEN-000036","PLAN-DIS-015-0003","L3_differential_support","DIS-015","disease","Explain the differential diagnosis boundary for DIS-015 using registered Wiki evidence.","Based on current registered evidence, Japanese encephalitis (DIS-015) is classified under viral diseases/reproductive disorders [source=SRC-0001][rule=RC-CITATION-001][fact=DIS-015-toc-category][page=wiki/diseases/DIS-015-japanese-encephalitis-virus.md]. The textbook chapter discussing this disease begins at page 554 [source=SRC-0001][rule=RC-CITATION-001][fact=DIS-015-toc-page-anchor][page=wiki/diseases/DIS-015-japanese-encephalitis-virus.md]. These references define its categorical placement but do not provide additional diagnostic criteria beyond classification.","Differential-boundary evidence: 猪乙型脑炎；category；病毒病/繁殖障碍 [source=SRC-0001 rule=RC-CITATION-001 fact=DIS-015-toc-category page=wiki/diseases/DIS-015-japanese-encephalitis-virus.md] 猪乙型脑炎；textbook_chapter_start_page；554 [source=SRC-0001 rule=RC-CITATION-001 fact=DIS-015-toc-page-anchor page=wiki/diseases/DIS-015-japanese-encephalitis-virus.md] / Differential boundary: These facts establish that Japanese encephalitis (DIS-015) falls within the category of viral diseases/reproductive disorders and locate its discussion in a specific textbook reference. They support placing it within a differential set for reproductive viral conditions but do not provide clinical signs, laboratory tests, or other features needed to distinguish it from similar diseases. / Do not over-diagnose: Do not infer clinical presentation, causative agent confirmation methods, treatment options, vaccine usage, withdrawal intervals, residue limits, or any regulatory enforcement measures such as culling or movement restrictions, as these are absent from the cited sources. / Citation anchors: source=SRC-0001 rule=RC-CITATION-001 fact=DIS-015-toc-category page=wiki/diseases/DIS-015-japanese-encephalitis-virus.md; source=SRC-0001 rule=RC-CITATION-001 fact=DIS-015-toc-page-anchor page=wiki/diseases/DIS-015-japanese-encephalitis-virus.md","2","authoritative","complete","high_regulatory","real-api","hunyuan-turbos-20250926","phase14.two_stage.v2"
"GEN-000037","PLAN-DIS-015-0004","L4_control_boundary","DIS-015","disease","Explain the control boundary for DIS-015 using registered Wiki evidence.","The disease Japanese encephalitis (DIS-015) is classified under viral diseases/reproductive disorders [source=SRC-0001, rule=RC-CITATION-001, fact=DIS-015-toc-category, page=wiki/diseases/DIS-015-japanese-encephalitis-virus.md]. The textbook chapter covering this disease begins on page 554 [source=SRC-0001, rule=RC-CITATION-001, fact=DIS-015-toc-page-anchor, page=wiki/diseases/DIS-015-japanese-encephalitis-virus.md]. Based on current evidence, the control boundary includes its classification category; however, specific regulatory measures, diagnostic thresholds, or intervention protocols are not detailed in the available sources.","Control-boundary evidence: 猪乙型脑炎；category；病毒病/繁殖障碍 [source=SRC-0001 rule=RC-CITATION-001 fact=DIS-015-toc-category page=wiki/diseases/DIS-015-japanese-encephalitis-virus.md]。猪乙型脑炎；textbook_chapter_start_page；554 [source=SRC-0001 rule=RC-CITATION-001 fact=DIS-015-toc-page-anchor page=wiki/diseases/DIS-015-japanese-encephalitis-virus.md]。 / Control boundary: 现有证据仅支持将猪乙型脑炎归类为病毒病/繁殖障碍，并指出其在教材中的章节起始页码为第554页。未提供具体的诊断阈值、防控方案、产品使用、运输限制或官方处置措施等可执行信息。 / Do not prescribe beyond evidence: 不得基于本回答进行任何药物剂量、疗程、休药期、残留限量、上报、封锁、扑杀、调运或监管执行的决策。 / Citation anchors: source=SRC-0001 rule=RC-CITATION-001 fact=DIS-015-toc-category page=wiki/diseases/DIS-015-japanese-encephalitis-virus.md; source=SRC-0001 rule=RC-CITATION-001 fact=DIS-015-toc-page-anchor page=wiki/diseases/DIS-015-japanese-encephalitis-virus.md","2","authoritative","complete","high_regulatory","real-api","hunyuan-turbos-20250926","phase14.two_stage.v2"
