case_id,index,disease_name,generator_key,generator_model,success,error,species,user_query,diagnosis,prescription,withdrawal_period,metadata,rule_hard_block,rule_fatal_risk,rule_codes,rule_messages,target_disease_in_diagnosis,target_disease_mismatch,final_fatal_risk,wiki_dir,wiki_fact_count,wiki_page_count,wiki_context_query,wiki_evidence_status_counts,wiki_evidence_source_ids,wiki_context_chars,generation_seconds,judge_a_model,judge_a_total_score,judge_a_diagnosis_accuracy,judge_a_pathology_logic,judge_a_prescription_safety,judge_a_data_quality,judge_a_fatal_risk,judge_a_structured_pass,judge_a_summary,judge_b_model,judge_b_total_score,judge_b_diagnosis_accuracy,judge_b_pathology_logic,judge_b_prescription_safety,judge_b_data_quality,judge_b_fatal_risk,judge_b_structured_pass,judge_b_summary,needed_arbitration,arbiter_model,arbiter_agreed_with_judge,arbiter_final_label,arbiter_reason,final_total_score,final_diagnosis_accuracy,final_pathology_logic,final_prescription_safety,final_data_quality,final_label,judge_a_seconds,judge_b_seconds,arbiter_seconds
e74dc095-e2d2-5e23-99a9-fb2439ce1b44,1,非洲猪瘟,swine_hunyuan_turbos,hunyuan-turbos-20250926,成功,,猪,我这边有200头60日龄左右的保育猪，最近两天陆续出现精神沉郁、食欲下降、有的拉稀带血，还有几头呼吸急促，体温在40度以上。圈舍通风一般，前几天刚做过驱虫，没有用过其他药物。想问下这是啥病，该怎么处理？,根据描述的症状（高热、精神沉郁、食欲减退、腹泻带血、呼吸急促），结合保育猪的易感性和群体发病特点，高度怀疑为非洲猪瘟（ASF）。该病特征性大体病变包括脾脏显著肿大、颜色暗红且易碎，淋巴结出血水肿，肾脏皮质点状出血，以及心包积液或心内外膜出血等。确诊需通过实验室PCR检测。,treatment_direction: 目前尚无针对非洲猪瘟的有效治疗药物，不建议使用抗生素或其他抗病毒药物进行常规治疗。；management_measures: 立即对全群实施严格生物安全措施，限制人员、车辆及物品流动，防止疫情扩散；将可疑病例与健康猪隔离观察；加强圈舍消毒，清理粪污并做好无害化处理。；sampling_and_testing: 采集病死猪或濒死猪的血液、脾脏、淋巴结等组织样本送具备资质的实验室进行非洲猪瘟病毒核酸检测（PCR）确认。；prohibited_actions: 严禁私自屠宰、出售或转运疑似病猪及其产品；禁止随意丢弃病死猪尸体；在未获主管部门批准前，不得擅自使用未经批准的疫苗或药品。,因无有效治疗药物，不涉及停药期问题；若后续经检测排除非洲猪瘟，再依据所用药物确定相应休药期。,"{""disease_name"": ""非洲猪瘟"", ""severity"": ""极高"", ""scene_tags"": [""保育猪"", ""群体发病"", ""高热"", ""便血"", ""呼吸困难""], ""validation_points"": [""符合非洲猪瘟的典型临床症状和流行病学特征"", ""需要实验室PCR检测确诊"", ""无特效治疗，需按重大动物疫病防控流程处置""], ""risk_flags"": [""重大动物疫病"", ""高传染性"", ""潜在跨区域传播风险""], ""case_type"": ""保育猪群体发病"", ""target_disease"": ""非洲猪瘟"", ""local_flags"": {""species_ok"": true, ""target_disease_in_diagnosis"": true, ""target_disease_mismatch"": false, ""contains_specific_dose"": false, ""contains_specific_withdrawal"": false, ""regulated_bad_treatment"": false}}",False,False,,,True,False,False,D:\XF-ChongQin\ai-\knowledge\llm_wiki_swine_authoritative,1465,887,"非洲猪瘟
非洲猪瘟、african swine fever virus、ASF、African swine fever
保育猪群体发病
群体发病、采食下降、粪便或呼吸道异常，用户想知道主要病因和下一步处理。","{""HUMAN_REVIEW"": 1, ""HUMAN_REVIEWED"": 2}","[""SRC-0001"", ""SRC-0031""]",2221,37.23,ERNIE-4.5-Turbo-32K,65,22,15,18,10,False,False,"该回答在诊断准确性、病理逻辑、处方安全性和数据质量方面存在一定问题，整体得分65分，属于review级别。回答对非洲猪瘟的诊断有一定依据，但缺乏更详细的鉴别诊断，病理逻辑部分描述不够深入，处方安全性基本合理但缺乏具体操作细节，数据质量方面症状描述和场景标签较为准确但缺乏深度分析。
问题：诊断准确性方面，虽然提到了非洲猪瘟的典型症状，但缺乏对其他可能疾病的鉴别诊断，如猪瘟、猪丹毒等。；病理逻辑部分，对非洲猪瘟的特征性病变描述较为笼统，未详细解释病变与症状之间的关联。；处方安全性方面，虽然提出了生物安全措施和隔离观察等合理建议，但缺乏具体的消毒方法和频率等操作细节。；数据质量方面，症状描述和场景标签较为准确，但缺乏对猪群历史健康状况、疫苗接种情况等背景信息的深入分析。",,,,,,,,,,False,,,,,65,22,15,18,10,review,21.71,,
562846f0-a427-5da5-8ded-31b459cfd763,6,猪繁殖与呼吸综合征,swine_hunyuan_turbos,hunyuan-turbos-20250926,成功,,猪,我家有120头保育猪，现在60日龄左右，最近一周舍内通风不太好，早上起来能闻到明显氨味，白天温度波动也大。这几天陆续有几头出现咳嗽、喘气，有的还发烧到40℃，精神变差，采食量下降。之前没用过什么药，这种情况是环境问题还是传染病？该怎么处理？,结合临床表现（咳嗽、喘气、发热、精神沉郁、采食减少）、发病群体特征（保育猪集中发病）及环境因素（通风不良、氨气浓度高、昼夜温差大），高度怀疑为猪繁殖与呼吸综合征病毒感染，同时需考虑继发细菌感染和环境应激因素叠加的可能。,立即改善舍内通风与保温措施，降低氨气浓度，减少温差刺激；对发病猪进行隔离观察，采集鼻拭子或血液样本送实验室检测PRRSV核酸或抗体以确诊；在兽医指导下使用支持疗法（如补液、退热、改善营养）；严禁自行使用抗生素预防或治疗，以免掩盖病情并延误诊断；若确诊为PRRS，应依据当地防疫规定执行相应防控措施，包括限制调运、加强生物安全。,无特定药物处方，不涉及休药期问题；若后续使用兽药，须遵循产品说明书及国家相关规定。,"{""disease_name"": ""猪繁殖与呼吸综合征"", ""severity"": ""中等至严重"", ""scene_tags"": [""保育猪"", ""呼吸道症状"", ""环境应激"", ""群发""], ""validation_points"": [""保育猪集中出现呼吸道症状"", ""伴随发热和精神沉郁"", ""环境存在通风不良和氨气偏高""], ""risk_flags"": [""疑似二类动物疫病"", ""需实验室确诊"", ""禁止随意用药""], ""case_type"": ""呼吸道环境诱因"", ""target_disease"": ""猪繁殖与呼吸综合征"", ""local_flags"": {""species_ok"": true, ""target_disease_in_diagnosis"": true, ""target_disease_mismatch"": false, ""contains_specific_dose"": false, ""contains_specific_withdrawal"": false, ""regulated_bad_treatment"": false}}",False,False,,,True,False,False,D:\XF-ChongQin\ai-\knowledge\llm_wiki_swine_authoritative,1465,887,"猪繁殖与呼吸综合征
猪繁殖与呼吸综合征、porcine reproductive and respiratory syndrome viruses、PRRS、蓝耳病
呼吸道环境诱因
通风差、氨气重或温差大后出现咳嗽喘气，用户想区分环境应激和传染病。","{""HUMAN_REVIEWED"": 2, ""NEEDS_REVIEW"": 2}","[""A0-MOA-573"", ""A1-WOAH-PRRS-DISEASE"", ""SRC-0001"", ""SRC-0023""]",2221,34.59,ERNIE-4.5-Turbo-32K,78,25,18,20,15,False,False,"该回答在诊断准确性、病理逻辑、处方安全性和数据质量方面表现较好，但存在一些不足。诊断考虑了临床表现、群体特征和环境因素，但未完全排除其他传染病可能性。病理逻辑部分对环境应激和传染病叠加的考虑合理，但缺乏对其他可能疾病的鉴别诊断。处方安全性较高，强调了改善环境和实验室确诊的重要性，但未提供具体治疗药物。数据质量方面，场景标签和验证点较为全面，但风险标志可更具体。
问题：诊断部分未完全排除其他传染病可能性，如猪流感、猪肺炎支原体感染等。；病理逻辑部分缺乏对其他可能疾病的鉴别诊断，如猪传染性胸膜肺炎。；处方中未提供具体治疗药物，仅强调支持疗法和实验室确诊的重要性。；数据质量方面，风险标志可更具体，如明确指出PRRS的实验室确诊方法。",,,,,,,,,,False,,,,,78,25,18,20,15,review,20.48,,
b5859960-4e4e-5c28-9214-06af6a8b8878,16,猪球虫病,swine_hunyuan_turbos,hunyuan-turbos-20250926,成功,,猪,我家有120头80公斤左右的育肥猪，还有20天就准备出栏了，这几天陆续有几头开始拉稀，粪便呈黄色水样，精神食欲还行，没有发烧，圈舍温度正常，之前没用过什么药。这种情况会不会是球虫？能不能直接用药卖猪？需要隔离吗？,根据描述，该批育肥猪临近出栏，出现轻度腹泻且无明显全身症状，需考虑包括球虫在内的多种腹泻病因。球虫在育肥猪中相对少见，更常见于仔猪，因此应首先排查大肠杆菌、轮状病毒、传染性胃肠炎、产气荚膜梭菌C型及Strongyloides ransomi等常见病原。若怀疑球虫，应结合粪便镜检卵囊结果、日龄特征、肠道病变以及排除其他病因综合判断，不能单凭卵囊阳性确诊。,建议先采集腹泻样本送实验室进行病原筛查，同时观察并记录发病情况。如确诊为球虫感染，可采取支持性管理（改善卫生、减少应激）、针对性抗球虫药物干预，并严格遵循兽药使用规范。由于临近出栏，用药前需确认药物安全间隔期，确保符合屠宰检疫要求后方可上市。对病猪可临时隔离饲养，防止交叉感染。严禁未经检测和治疗擅自出售。,用药后须遵守相应药物的休药期规定，并在出栏前由官方兽医出具健康证明。,"{""disease_name"": ""猪球虫病"", ""severity"": ""中等"", ""scene_tags"": [""育肥猪"", ""临近出栏"", ""腹泻"", ""疑似球虫""], ""validation_points"": [""球虫诊断需结合日龄、症状和肠道病变，不能仅依据卵囊检出"", ""需与其他常见腹泻病原鉴别"", ""临近出栏用药需关注休药期和检疫要求""], ""risk_flags"": [""临近出栏用药影响销售"", ""可能误判病原导致无效治疗""], ""case_type"": ""腹泻出栏边界"", ""target_disease"": ""猪球虫病"", ""local_flags"": {""species_ok"": true, ""target_disease_in_diagnosis"": true, ""target_disease_mismatch"": false, ""contains_specific_dose"": false, ""contains_specific_withdrawal"": false, ""regulated_bad_treatment"": false}}",False,False,,,True,False,False,D:\XF-ChongQin\ai-\knowledge\llm_wiki_swine_authoritative,1465,887,"猪球虫病
猪球虫病、coccidia and other protozoa、球虫、球虫感染、coccidiosis、coccidia
腹泻出栏边界
临近出栏猪群出现腹泻，用户关心处理方向、隔离和用药后能否销售。","{""HUMAN_REVIEWED"": 2, ""NEEDS_REVIEW"": 2}","[""SRC-0001"", ""SRC-0081""]",2220,30.35,ERNIE-4.5-Turbo-32K,72,22,16,19,15,False,False,"该回答对猪球虫病的诊断考虑较为全面，提及了多种可能的腹泻病因，并强调了实验室检测的重要性。处理方向安全，考虑了药物休药期和检疫要求。但诊断准确性、病理逻辑和数据质量方面存在一定不足，需进一步优化。
问题：诊断准确性方面，虽然提及了多种腹泻病因，但对球虫病的特征描述不够详细，未充分解释为何球虫在育肥猪中相对少见，以及如何结合日龄、症状和肠道病变进行诊断。；病理逻辑方面，对球虫病的病理机制解释不够深入，未充分阐述与其他常见腹泻病原的鉴别要点。；数据质量方面，回答中缺乏具体的实验室检测方法和结果解读，以及针对球虫病的详细治疗案例或数据支持。；用药建议中未明确提及具体药物名称及剂量，仅给出了原则性建议。",,,,,,,,,,False,,,,,72,22,16,19,15,review,20.68,,
c7f60173-1b43-5941-bba0-2a2eda20d25c,27,猪呼吸道冠状病毒感染,swine_hunyuan_turbos,hunyuan-turbos-20250926,成功,,猪,我家有200头母猪自繁自养，现在刚断奶的小猪20日龄左右，昨天开始有几窝出现拉稀，有的黄色水样，有的带点白色絮状物，精神还行但采食量下降，体温没测过，圈舍通风一般湿度大，之前用过恩诺沙星拌料三天效果不明显。想问下这到底是病毒还是细菌或者寄生虫引起的？要不要马上送检？,根据日龄（20日龄断奶前后）及粪便性状（黄水样、带絮状物），结合部分整窝发病、环境湿度和前期抗生素无效的情况，需考虑病毒性腹泻（如PEDV、PDCoV、PRCV等）、细菌性腹泻（如产肠毒素大肠杆菌、沙门氏菌）以及寄生虫性腹泻（如球虫）的可能。建议立即采集新鲜粪便样品送实验室进行病原学检测，同时做细菌分离培养和寄生虫卵检查，以便明确病因。,1. 立即隔离发病猪群，减少混群接触；2. 加强圈舍保温与通风，降低湿度；3. 提供清洁饮水，可添加电解质防止脱水；4. 暂停使用广谱抗生素，等待检测结果后再针对性用药；5. 对同批次健康猪群加强观察，必要时提前补饲初乳粉或口服补液盐；6. 若怀疑重大疫病，应按当地动物防疫部门要求进行报告和处置。,因未确定具体病原，暂不建议随意使用药物，须依据检测结果选择治疗方案，并遵循相应药物的停药期规定。,"{""disease_name"": ""猪呼吸道冠状病毒感染（需与多种腹泻病原鉴别）"", ""severity"": ""中等"", ""scene_tags"": [""断奶仔猪"", ""腹泻"", ""水样便"", ""整窝发病"", ""环境潮湿""], ""validation_points"": [""按日龄和病程分层鉴别腹泻原因"", ""区分病毒性、细菌性、寄生虫性腹泻"", ""强调采样送检的重要性""], ""risk_flags"": [""可能为人畜共患病或重大动物疫病前兆，需及时报告""], ""case_type"": ""腹泻采样送检"", ""target_disease"": ""猪呼吸道冠状病毒感染"", ""local_flags"": {""species_ok"": true, ""target_disease_in_diagnosis"": false, ""target_disease_mismatch"": true, ""contains_specific_dose"": false, ""contains_specific_withdrawal"": false, ""regulated_bad_treatment"": false}}",True,True,target_disease_in_diagnosis,target_disease_in_diagnosis,False,True,True,D:\XF-ChongQin\ai-\knowledge\llm_wiki_swine_authoritative,1465,887,"猪呼吸道冠状病毒感染
猪呼吸道冠状病毒感染、porcine respiratory coronavirus
腹泻采样送检
用户描述粪便性状、日龄和病程，重点询问如何鉴别病毒性、细菌性或寄生虫性腹泻。","{""HUMAN_REVIEWED"": 1, ""NEEDS_REVIEW"": 4}","[""A0-MOA-573"", ""RC-DIARRHEA-001"", ""SRC-0001"", ""SRC-0052"", ""SRC-0062"", ""SRC-0063"", ""SRC-0064"", ""SRC-0071"", ""SRC-0072"", ""SRC-0073"", ""SRC-0077"", ""SRC-0081""]",2035,31.02,ERNIE-4.5-Turbo-32K,72,22,16,19,15,False,False,"该回答在诊断准确性、病理逻辑、处方安全性和数据质量方面表现中等，整体符合测试数据有效性要求，但存在一些不足，需进一步优化。
问题：诊断准确性方面，虽然考虑了多种腹泻原因，但对猪呼吸道冠状病毒感染（PRCV）的针对性鉴别不足，未明确区分PRCV与其他腹泻病原的特征。；病理逻辑方面，对环境湿度与疾病关系的分析不够深入，未充分解释湿度如何影响不同病原的传播和发病。；处方安全性方面，建议暂停使用广谱抗生素是合理的，但未提供针对病毒性腹泻的初步支持治疗措施，如抗病毒药物或免疫增强剂。；数据质量方面，对用户查询的响应不够全面，未明确回答是否需要马上送检，且风险标志的提及较为笼统，未具体说明人畜共患病或重大动物疫病的风险。",,,,,,,,,,False,,,,,72,22,16,19,15,reject,21.42,,
79eeef38-913d-58f8-9def-a2ff72f3fc9d,31,猪西尼罗病毒相关感染,swine_hunyuan_turbos,hunyuan-turbos-20250926,成功,,猪,我家有200多头60日龄左右的保育猪，最近一周陆续出现精神沉郁、采食量明显下降的情况，部分猪还有轻微咳嗽和腹泻，体温普遍在39℃左右，舍内通风一般，前几天用过一些抗生素拌料，效果不明显。想问问这是啥病，该怎么处理？,根据描述的症状（保育猪群发、发热、食欲下降、呼吸道及消化道表现），结合当前季节和流行病学特点，需高度怀疑猪西尼罗病毒相关感染等病毒性传染病的可能，同时应排除其他常见病毒（如PRRSV、PCV2）及细菌继发感染。,立即隔离病猪与健康猪，加强圈舍通风与消毒，减少应激；采集病死猪组织（脑、脾、肺等）送实验室进行病原学检测确诊；在未确诊前不建议随意使用抗病毒药物，可对症支持治疗并监测病情发展；若确诊为重大动物疫病，应按当地动物防疫部门要求进行封锁、扑杀和无害化处理。,因未明确病原及治疗方案，无法给出具体休药期，须依据最终检测结果及官方指导执行。,"{""disease_name"": ""猪西尼罗病毒相关感染"", ""severity"": ""中等至严重"", ""scene_tags"": [""保育猪"", ""群体发病"", ""发热"", ""采食下降"", ""呼吸道症状"", ""腹泻""], ""validation_points"": [""症状符合病毒感染特征"", ""抗生素治疗无效提示非单纯细菌感染"", ""需通过实验室检测明确病因""], ""risk_flags"": [""存在重大动物疫病风险，需及时上报检测"", ""未确诊前不可擅自用药或销售活猪""], ""case_type"": ""保育猪群体发病"", ""target_disease"": ""猪西尼罗病毒相关感染"", ""local_flags"": {""species_ok"": true, ""target_disease_in_diagnosis"": true, ""target_disease_mismatch"": false, ""contains_specific_dose"": false, ""contains_specific_withdrawal"": false, ""regulated_bad_treatment"": false}}",False,False,,,True,False,False,D:\XF-ChongQin\ai-\knowledge\llm_wiki_swine_authoritative,1465,887,"猪西尼罗病毒相关感染
猪西尼罗病毒相关感染、west nile virus and other flaviviruses
保育猪群体发病
群体发病、采食下降、粪便或呼吸道异常，用户想知道主要病因和下一步处理。","{""NEEDS_REVIEW"": 5}","[""SRC-0001""]",2060,35.23,ERNIE-4.5-Turbo-32K,72,22,16,19,15,False,False,"该回答在诊断准确性、病理逻辑、处方安全性和数据质量方面表现中等，存在一些不足但未达到致命风险水平。诊断考虑了病毒性传染病的可能性，并建议排除其他常见病毒和细菌继发感染，但未充分结合具体症状与猪西尼罗病毒相关感染的典型表现。处方建议了隔离、通风、消毒和实验室检测，较为安全合理，但缺乏针对猪西尼罗病毒相关感染的具体治疗措施。数据质量方面，症状描述和场景标签较为全面，但验证点和风险标志的提及不够深入。
问题：诊断准确性方面，虽然考虑了病毒性传染病的可能性，但未充分结合猪西尼罗病毒相关感染的典型症状（如神经症状）进行具体分析，且未提及与其他类似疾病的鉴别诊断。；病理逻辑方面，回答中提到了抗生素治疗无效提示非单纯细菌感染，但未进一步阐述为何怀疑猪西尼罗病毒相关感染而非其他病毒。；处方安全性方面，建议的隔离、通风、消毒和实验室检测是合理的，但缺乏针对猪西尼罗病毒相关感染的具体治疗措施，如支持疗法或抗病毒药物（在确诊后且安全的情况下使用）。；数据质量方面，症状描述和场景标签较为全面，但验证点和风险标志的提及不够深入，未充分强调猪西尼罗病毒相关感染的严重性和人兽共患风险（尽管本例中未直接涉及人兽共患，但作为一般性知识应提及）。",,,,,,,,,,False,,,,,72,22,16,19,15,review,26.98,,
e5b033db-1c2e-5465-836a-59579fef4188,39,非典型猪瘟病毒感染,swine_hunyuan_turbos,hunyuan-turbos-20250926,成功,,猪,我家是200头基础母猪的种猪场，最近有3头怀孕90多天的母猪陆续流产，还有两头返情，一头公猪精液活力明显下降。之前没做过非典型猪瘟的专项检测，想问问是不是这个病？要不要停配种？,根据描述，存在母猪流产、死胎及公猪精液质量下降的情况，提示可能存在病毒性繁殖障碍性疾病。非典型猪瘟病毒感染可导致母猪繁殖障碍，但目前国内尚无针对该病的特异性防控方案，且缺乏明确流行病学证据支持其为主要病因。需要结合实验室检测排除猪繁殖与呼吸综合征、伪狂犬病、细小病毒病、乙型脑炎等常见繁殖障碍病原，并考虑饲料霉菌毒素等管理因素。,treatment_direction: 立即暂停受影响母猪和公猪的配种计划，防止病原扩散；对流产母猪进行无害化处理，采集胎儿组织送实验室检测常见繁殖障碍病原；加强全场生物安全，限制人员、车辆流动，严格消毒。；management_measures: 排查近期引种、饲料更换情况，检查饲料储存条件以防霉菌毒素污染；记录所有流产母猪的胎次、配种批次、疫苗接种史；隔离可疑公猪，停止采精。；sampling_submission: 采集流产胎儿、胎盘、胎衣以及公猪精液样本，送具备资质的兽医实验室进行PRRSV、伪狂犬病毒、细小病毒、乙脑病毒等检测；必要时采集母猪血清做抗体监测。；prohibited_boundaries: 在未明确病因前，不得将场内猪只外调或引入新猪；不得自行使用未经批准的抗病毒药物或疫苗；发现疑似重大动物疫病应立即向当地畜牧兽医部门报告。,因无特效治疗药物，不涉及特定休药期；在检测结果明确并采取防控措施后，方可逐步恢复配种。,"{""disease_name"": ""非典型猪瘟病毒感染"", ""severity"": ""中等至严重（视病原检测结果而定）"", ""scene_tags"": [""种猪场"", ""繁殖障碍"", ""流产"", ""公猪精液异常""], ""validation_points"": [""症状符合病毒性繁殖障碍特征"", ""需通过实验室检测排除其他常见病原"", ""管理措施应优先阻断传播""], ""risk_flags"": [""潜在传染性"", ""影响繁殖性能"", ""需专业检测确诊""], ""case_type"": ""种猪繁殖障碍"", ""target_disease"": ""非典型猪瘟病毒感染"", ""local_flags"": {""species_ok"": true, ""target_disease_in_diagnosis"": true, ""target_disease_mismatch"": false, ""contains_specific_dose"": false, ""contains_specific_withdrawal"": false, ""regulated_bad_treatment"": false}}",False,False,,,True,False,False,D:\XF-ChongQin\ai-\knowledge\llm_wiki_swine_authoritative,1465,887,"非典型猪瘟病毒感染
非典型猪瘟病毒感染、atypical porcine pestivirus pestivirus infections
种猪繁殖障碍
种猪场出现流产、死胎、返情或公猪异常，用户担心传染病和是否继续配种。","{""HUMAN_REVIEWED"": 2, ""NEEDS_REVIEW"": 2}","[""RC-REPRO-001"", ""SRC-0001"", ""SRC-0025"", ""SRC-0045"", ""SRC-0049"", ""SRC-0050"", ""SRC-0060"", ""SRC-0061"", ""SRC-0067"", ""SRC-0068"", ""SRC-0083"", ""SRC-0085""]",2221,29.14,ERNIE-4.5-Turbo-32K,72,22,16,19,15,False,False,"该回答在诊断准确性、病理逻辑、处方安全性和数据质量方面表现中等，整体符合测试数据有效性要求，但存在部分不足，需进一步优化。
问题：诊断准确性方面，虽然提到了非典型猪瘟病毒感染的可能性，但未充分强调其作为主要病因的不确定性，且未明确提及需进行非典型猪瘟的专项检测，仅建议排除其他常见病原。；病理逻辑方面，对症状与疾病之间的关联解释不够深入，未充分阐述非典型猪瘟病毒感染导致繁殖障碍的具体机制。；处方安全性方面，提出的生物安全措施和管理建议较为全面，但缺乏针对非典型猪瘟病毒感染的特异性防控措施。；数据质量方面，回答中包含了场景标签、验证点和风险标志，但部分信息如疾病严重程度描述较为模糊，且未提供具体的实验室检测方法或参考标准。",,,,,,,,,,False,,,,,72,22,16,19,15,review,20.34,,
63339455-16c9-5a4e-ab85-f7c92883cff1,42,猪轮状病毒病,swine_hunyuan_turbos,hunyuan-turbos-20250926,成功,,猪,我家是200头左右的保育猪，现在60日龄左右，最近一周陆续有猪拉黄色稀便，精神食欲还行，体温正常，之前用了恩诺沙星和硫酸黏菌素拌料三天，没见明显好转。想问下这种情况是不是还要继续用抗生素？要不要送样检测一下？圈舍通风还可以，但地面潮湿，饲料没换过。,根据描述，保育猪出现持续性黄色稀便，使用常规抗菌药物无效，且无明显全身感染表现，提示可能为病毒性腹泻，如猪轮状病毒感染。该病多见于新生至保育阶段，常因环境湿度大、卫生条件差而加重。需通过实验室检测排除其他病原（如冠状病毒、大肠杆菌等）。,treatment_direction: 无特效抗病毒药物，重点为支持疗法和对症处理，维持水电解质平衡，防止继发细菌感染。；management_measures: 改善圈舍通风与干燥，及时清理粪便，减少应激；保证饮水充足并添加电解质；对严重脱水个体可补液。；sampling_submission: 建议采集新鲜粪便样本送至有资质的兽医实验室进行病原学检测（如RT-PCR），明确是否为轮状病毒或其他病原混合感染。；contraindications: 不应盲目加大或延长抗生素治疗，以免增加耐药性和肝肾负担；若怀疑重大疫病（如非洲猪瘟、口蹄疫等），应立即隔离并上报。,本病为病毒性腹泻，不涉及特定药物休药期问题；若曾使用抗生素，应遵守所用药物的停药规定。,"{""disease_name"": ""猪轮状病毒病"", ""severity"": ""中等"", ""scene_tags"": [""保育猪"", ""病毒性腹泻"", ""环境潮湿"", ""抗菌药无效""], ""validation_points"": [""轮状病毒主要影响新生及保育猪，表现为水样或黄色稀便"", ""临床表现与其他肠道病原相似，需实验室确诊"", ""无特效抗病毒药，重在管理和对症支持""], ""risk_flags"": [""需实验室检测排除其他病原"", ""避免滥用抗生素""], ""case_type"": ""腹泻用药咨询"", ""target_disease"": ""猪轮状病毒病"", ""local_flags"": {""species_ok"": true, ""target_disease_in_diagnosis"": false, ""target_disease_mismatch"": true, ""contains_specific_dose"": false, ""contains_specific_withdrawal"": false, ""regulated_bad_treatment"": false}}",True,True,target_disease_in_diagnosis,target_disease_in_diagnosis,False,True,True,D:\XF-ChongQin\ai-\knowledge\llm_wiki_swine_authoritative,1465,887,"猪轮状病毒病
猪轮状病毒病、rotaviruses and reoviruses
腹泻用药咨询
猪群腹泻后已用过常见抗菌药效果一般，用户询问是否继续用药以及是否需要送检。","{""HUMAN_REVIEWED"": 2, ""NEEDS_REVIEW"": 2}","[""SRC-0001"", ""SRC-0052""]",2221,30.94,ERNIE-4.5-Turbo-32K,88,28,18,23,20,False,False,"整体回答质量较高，诊断准确，逻辑清晰，处理方向安全，数据质量良好。诊断准确识别了猪轮状病毒病的可能性，并建议实验室检测以排除其他病原。处理方向强调支持疗法和对症处理，避免滥用抗生素，符合疾病特点。数据质量方面，场景标签和验证点较为全面，但可进一步丰富细节。
问题：diagnosis_accuracy: 诊断部分未完全覆盖所有可能的鉴别诊断，如冠状病毒、大肠杆菌等，尽管已提及实验室检测，但可更详细说明其他可能病原的临床表现。；pathology_logic: 病理逻辑部分对环境因素（如地面潮湿）与疾病加重的关系解释不够深入，可进一步阐述湿度如何影响病毒传播和猪群健康。；prescription_safety: 处方安全部分对补液的具体方法（如口服补液盐的使用）和继发细菌感染的预防措施（如消毒频率）可更详细。；data_quality: 数据质量方面，场景标签和验证点较为全面，但可增加更多关于猪群历史健康状况、疫苗接种情况等背景信息，以提高数据的丰富性。",,,,,,,,,,False,,,,,88,28,18,23,20,reject,20.61,,
e3a30322-ac18-5f42-9999-c1348f4f428d,43,猪反转录病毒相关感染,swine_hunyuan_turbos,hunyuan-turbos-20250926,成功,,猪,我家有120头60日龄左右的保育猪，最近一周陆续出现采食量下降、精神沉郁的情况，部分猪拉稀，有的还伴有咳嗽，体温偏高。圈舍通风一般，湿度大，之前用过阿莫西林拌料三天，效果不明显。请问这是啥病？该怎么处理？,根据描述，保育猪群出现采食下降、腹泻及呼吸道症状，结合年龄和环境条件，考虑可能与病毒感染有关，其中猪反转录病毒类感染是可能原因之一。此类病毒常引起多系统症状，包括消化系统和呼吸系统表现，且抗生素治疗无效。需通过实验室检测排除其他常见病毒（如圆环病毒、蓝耳病等）及细菌性疾病。,treatment_direction: 目前无特效抗病毒药物，应以支持疗法为主，改善饲养管理，减少应激，保证饮水和易消化饲料供应。；management_measures: 加强圈舍通风换气，降低湿度；分群饲养，减少交叉感染；对重症猪进行隔离观察。；sampling_and_testing: 采集病猪血液、粪便及组织样本送实验室检测，明确病原类型，必要时做PCR或血清学检测。；prohibited_boundaries: 严禁随意使用未经批准的兽药；若检出法定重大疫病，应立即按当地畜牧部门要求进行封锁、扑杀和无害化处理。,因无特定药物治疗，不涉及药物休药期问题；但若后续使用合法兽药，应遵守相应休药期规定。,"{""disease_name"": ""猪反转录病毒相关感染"", ""severity"": ""中等至严重"", ""scene_tags"": [""保育猪"", ""群体发病"", ""采食下降"", ""腹泻"", ""呼吸道症状""], ""validation_points"": [""症状符合病毒性多系统感染特征"", ""抗生素治疗效果差提示非细菌性主因"", ""需实验室确诊""], ""risk_flags"": [""潜在重大动物疫病风险"", ""需排除法定疫病""], ""case_type"": ""保育猪群体发病"", ""target_disease"": ""猪反转录病毒相关感染"", ""local_flags"": {""species_ok"": true, ""target_disease_in_diagnosis"": false, ""target_disease_mismatch"": true, ""contains_specific_dose"": false, ""contains_specific_withdrawal"": false, ""regulated_bad_treatment"": false}}",True,True,target_disease_in_diagnosis,target_disease_in_diagnosis,False,True,True,D:\XF-ChongQin\ai-\knowledge\llm_wiki_swine_authoritative,1465,887,"猪反转录病毒相关感染
猪反转录病毒相关感染、retroviruses
保育猪群体发病
群体发病、采食下降、粪便或呼吸道异常，用户想知道主要病因和下一步处理。","{""NEEDS_REVIEW"": 5}","[""SRC-0001""]",2034,34.04,ERNIE-4.5-Turbo-32K,78,25,18,20,15,False,False,"整体回答较为全面，诊断方向合理，考虑了病毒感染的可能性，并建议实验室检测以排除其他疾病。处理方向安全，未出现与疾病相冲突的处方。但存在一些不足，如诊断准确性可进一步提升，病理逻辑不够严谨，数据质量有待提高。
问题：诊断准确性方面，虽然考虑了猪反转录病毒相关感染，但未充分排除其他常见病毒（如圆环病毒、蓝耳病等）及细菌性疾病的可能性，仅提及需实验室检测排除，未给出更具体的初步鉴别诊断思路。；病理逻辑方面，对于症状与猪反转录病毒相关感染之间的关联解释不够深入，缺乏对该病毒致病机制的简要阐述，以更好地支撑诊断结论。；数据质量方面，回答中未充分利用用户提供的详细信息（如圈舍通风一般、湿度大、之前用过阿莫西林拌料三天效果不明显等）来进一步分析病因，信息利用不够充分。；处理方向虽安全，但对于支持疗法的具体措施（如易消化饲料的具体类型、保证饮水的具体方法等）描述不够详细。",,,,,,,,,,False,,,,,78,25,18,20,15,reject,24.03,,
33ea4f45-ab1b-547e-932d-d56c900d8f0b,45,猪水疱性口炎,swine_hunyuan_turbos,hunyuan-turbos-20250926,成功,,猪,我这边是300头基础母猪的种猪场，最近有五六头怀孕后期母猪陆续流产，还有两头公猪精液活力明显下降，部分母猪返情率也升高了。场内没有新引进猪，但周边村里有散养户出现过水泡病变的情况。请问这是不是传染病？还能继续配种吗？,根据描述，母猪流产、死胎、返情及公猪精液质量下降，同时周边存在水泡病变病例，提示可能存在水疱性疾病感染。猪水疱性口炎在临床表现上与口蹄疫（FMD）、猪水疱病（SVD）、猪水疱疹（VES）及塞内卡病毒病（SVV）难以区分，必须通过实验室检测进行鉴别确认。,treatment_direction: 目前无特效抗病毒药物，重点在于防止疾病扩散和控制传染源。；management_measures: 立即隔离出现症状的母猪和公猪，停止其参与配种和采精。；对全场猪群加强生物安全，限制人员、车辆、工具流动，严格消毒。；暂停引入新猪，暂停外售精液和仔猪。；观察其他母猪是否有水泡、跛行、发热等症状。；sampling_and_testing: 采集流产胎儿组织、胎盘、公猪精液、水泡液等样本送有资质的实验室检测，明确是否为水疱性口炎或其他水疱类病毒病。；必要时采集口腔拭子、血液等进行PCR或血清学检测。；prohibited_boundaries: 在未获得实验室确诊前，不得擅自使用针对特定病毒的疫苗或药物治疗。；若确诊为口蹄疫等重大动物疫病，须按国家相关规定立即报告并配合扑杀、封锁等措施，不得私自处理。,因无特效治疗药物，不涉及药物休药期问题；如后续使用疫苗，应依据疫苗说明书和国家规定执行相应休药期管理。,"{""disease_name"": ""猪水疱性口炎"", ""severity"": ""中等至严重（可导致繁殖障碍和经济损失）"", ""scene_tags"": [""种猪场"", ""繁殖障碍"", ""水泡病变"", ""周边疫情""], ""validation_points"": [""症状符合水疱性疾病特征（流产、死胎、精液异常、返情）"", ""需通过实验室检测与其他水疱病鉴别""], ""risk_flags"": [""可能为人畜共患或跨境传播风险（需核实流行区分布）"", ""未确诊前存在误判为重大动物疫病的风险""], ""case_type"": ""种猪繁殖障碍"", ""target_disease"": ""猪水疱性口炎"", ""local_flags"": {""species_ok"": true, ""target_disease_in_diagnosis"": true, ""target_disease_mismatch"": false, ""contains_specific_dose"": false, ""contains_specific_withdrawal"": false, ""regulated_bad_treatment"": false}}",False,False,,,True,False,False,D:\XF-ChongQin\ai-\knowledge\llm_wiki_swine_authoritative,1465,887,"猪水疱性口炎
猪水疱性口炎、vesicular stomatitis viruses
种猪繁殖障碍
种猪场出现流产、死胎、返情或公猪异常，用户担心传染病和是否继续配种。","{""HUMAN_REVIEWED"": 3, ""NEEDS_REVIEW"": 2}","[""SRC-0001"", ""SRC-0054""]",2104,26.65,ERNIE-4.5-Turbo-32K,78,25,18,20,15,False,False,"该回答在诊断准确性、病理逻辑、处方安全性和数据质量方面表现较好，但存在一些不足，如未充分解释病理逻辑、管理措施不够详细、数据质量有待提升。总体上，回答未出现致命风险，但需要进一步优化以提高评分。
问题：诊断准确性方面，虽然提到了水疱性疾病的可能性，但未充分解释流产、死胎等症状与水疱性口炎的直接关联。；病理逻辑方面，未详细阐述水疱性口炎如何导致繁殖障碍的具体机制。；处方安全性方面，管理措施较为笼统，缺乏具体的操作细节和优先级排序。；数据质量方面，回答中未提供足够的背景信息或参考文献来支持诊断和处理建议。",,,,,,,,,,False,,,,,78,25,18,20,15,review,16.27,,
e650c8df-bdc6-56dd-9b69-8af589257d86,48,猪萎缩性鼻炎,swine_hunyuan_turbos,hunyuan-turbos-20250926,成功,,猪,我家有120头60日龄左右的保育猪，圈舍通风不太好，最近早晚温差大，氨气味也挺重的。前几天开始有几头出现咳嗽、呼吸急促，有的还打喷嚏，精神食欲一般，没见明显发烧。之前用过一次替米考星拌料，效果不明显。这种情况是单纯的环境应激还是可能有传染性的呼吸道疾病？该怎么处理和排查？,根据描述，保育猪在通风不良、温差大及氨气浓度高的环境下出现咳嗽、喘气和喷嚏，提示可能存在非进行性萎缩性鼻炎（Bordetella bronchiseptica感染）或其他呼吸道病原体参与。该病常与环境应激叠加发生，初期多为慢性经过，若不及时改善环境并防控，可能继发其他呼吸道病原如支原体、多杀性巴氏杆菌等，形成混合感染。目前未见高热、急性死亡，暂不支持高致病性烈性传染病。,立即改善圈舍通风，降低氨气浓度，减少昼夜温差刺激；对发病猪进行分群管理，防止交叉感染；采集鼻腔拭子或肺组织送实验室检测B. bronchiseptica及其他常见呼吸道病原；根据检测结果选择敏感抗生素（如氟喹诺酮类、四环素类、β-内酰胺类等），配合支持疗法；禁止随意使用未经批准的兽药，避免耐药产生；若检出产毒P. multocida且伴鼻甲萎缩等病变，应升级为进行性萎缩性鼻炎处置流程，必要时按重大动物疫病防控要求上报。,依据所用药物种类执行相应休药期，停药后方可出栏销售。,"{""disease_name"": ""猪萎缩性鼻炎"", ""severity"": ""中等"", ""scene_tags"": [""保育猪"", ""环境应激"", ""呼吸道症状"", ""非进行性萎缩性鼻炎""], ""validation_points"": [""症状符合B. bronchiseptica引起的非进行性萎缩性鼻炎特征"", ""环境因素与发病时机吻合"", ""无高热、急性死亡，排除烈性传染病""], ""risk_flags"": [""潜在混合感染风险"", ""环境管理不当可加重病情""], ""case_type"": ""呼吸道环境诱因"", ""target_disease"": ""猪萎缩性鼻炎"", ""local_flags"": {""species_ok"": true, ""target_disease_in_diagnosis"": false, ""target_disease_mismatch"": true, ""contains_specific_dose"": false, ""contains_specific_withdrawal"": false, ""regulated_bad_treatment"": false}}",True,True,target_disease_in_diagnosis,target_disease_in_diagnosis,False,True,True,D:\XF-ChongQin\ai-\knowledge\llm_wiki_swine_authoritative,1465,887,"猪萎缩性鼻炎
猪萎缩性鼻炎、bordetella bronchiseptica nonprogressive atrophic rhinitis
呼吸道环境诱因
通风差、氨气重或温差大后出现咳嗽喘气，用户想区分环境应激和传染病。","{""HUMAN_REVIEWED"": 2, ""NEEDS_REVIEW"": 2}","[""SRC-0001"", ""SRC-0059"", ""SRC-0070""]",2221,32.08,ERNIE-4.5-Turbo-32K,88,28,18,23,20,False,False,"该回答整体表现良好，诊断准确，逻辑清晰，处方安全，数据质量较高。诊断部分准确识别了非进行性萎缩性鼻炎的可能性，并考虑了环境应激因素，与症状描述相符。病理逻辑部分合理分析了环境因素与发病的关系，并排除了烈性传染病。处方部分提出了改善环境、分群管理、实验室检测和合理用药等建议，安全且有效。数据质量方面，症状描述、诊断依据和风险评估均较为详细。
问题：diagnosis_accuracy: 诊断部分虽然准确，但未完全排除其他呼吸道病原体的可能性，如支原体或多杀性巴氏杆菌，尽管后续处方中提到了混合感染的风险。；pathology_logic: 病理逻辑部分对环境因素与发病的关系分析较为充分，但对疾病本身的病理机制解释略显不足。；prescription_safety: 处方部分提出了合理的用药建议，但未明确具体药物的选择依据和剂量范围，可能影响处方的精确性。；data_quality: 数据质量方面，虽然整体较为详细，但缺乏对症状严重程度的量化描述，如咳嗽的频率、呼吸急促的程度等。",,,,,,,,,,False,,,,,88,28,18,23,20,reject,23.5,,
8074428f-aa4a-589d-9f88-290b35fa3b04,51,副猪嗜血杆菌病,swine_hunyuan_turbos,hunyuan-turbos-20250926,成功,,猪,我家是200头基础母猪的种猪场，最近有3头怀孕后期母猪陆续流产，还有一头公猪精神差、采精量下降明显，体温偏高。之前没用过疫苗，场内通风一般，近期温差大。想问下是不是传染病？还能继续配种吗？,根据描述，怀孕母猪流产、死胎及公猪精神沉郁、精液质量下降，结合多系统感染特征，高度怀疑为副猪嗜血杆菌感染引起的繁殖障碍综合征。该病可由副猪嗜血杆菌在应激条件下引发全身炎症反应，波及生殖系统，导致流产、死胎以及公猪精液品质下降。需排除其他繁殖障碍病因如PRRS、伪狂犬等。,treatment_direction: 立即隔离发病猪只，减少应激因素，改善通风与保温条件，提供清洁饮水和营养支持。对全场进行临床巡查，采集流产胎儿组织、血液样本送实验室确诊。；management_measures: 暂停受影响母猪配种计划，公猪停止采精并隔离观察。加强生物安全，限制人员、车辆流动，防止交叉感染。；sampling_and_testing: 采集流产胎儿、胎盘、公猪血样及鼻腔拭子，送实验室做副猪嗜血杆菌PCR及细菌分离培养，同时排查其他常见繁殖障碍病原。；prohibited_actions: 禁止在未确诊前使用广谱抗生素盲目治疗，以免掩盖病情延误防控；严禁将可疑猪只外调。,因涉及重大疫病排查，需依据检测结果确定后续处置方案，暂无常规休药期建议。,"{""disease_name"": ""副猪嗜血杆菌病"", ""severity"": ""中等至严重"", ""scene_tags"": [""种猪场"", ""繁殖障碍"", ""流产"", ""公猪精液质量下降""], ""validation_points"": [""符合副猪嗜血杆菌病的多系统表现"", ""存在应激诱发因素（温差大、通风不良）"", ""症状提示可能通过生殖道传播""], ""risk_flags"": [""疑似重大动物疫病"", ""可能影响全群繁殖性能""], ""case_type"": ""种猪繁殖障碍"", ""target_disease"": ""副猪嗜血杆菌病"", ""local_flags"": {""species_ok"": true, ""target_disease_in_diagnosis"": false, ""target_disease_mismatch"": true, ""contains_specific_dose"": false, ""contains_specific_withdrawal"": false, ""regulated_bad_treatment"": false}}",True,True,target_disease_in_diagnosis,target_disease_in_diagnosis,False,True,True,D:\XF-ChongQin\ai-\knowledge\llm_wiki_swine_authoritative,1465,887,"副猪嗜血杆菌病
副猪嗜血杆菌病、gl sser s disease
种猪繁殖障碍
种猪场出现流产、死胎、返情或公猪异常，用户担心传染病和是否继续配种。","{""HUMAN_REVIEWED"": 2, ""NEEDS_REVIEW"": 2}","[""SRC-0001"", ""SRC-0023"", ""SRC-0025"", ""SRC-0066""]",2221,27.86,ERNIE-4.5-Turbo-32K,82,27,18,22,15,False,False,"整体回答质量较高，诊断准确性、病理逻辑、处方安全性均表现良好，数据质量基本满足要求，无致命风险，符合通过标准。
问题：诊断准确性方面，虽高度怀疑副猪嗜血杆菌病，但未完全排除PRRS、伪狂犬等其他繁殖障碍病因，诊断全面性略有不足。；病理逻辑方面，对副猪嗜血杆菌引发全身炎症反应波及生殖系统的解释较清晰，但缺乏对其他可能病因病理机制的简要对比分析。；处方安全性方面，整体措施合理，但禁止使用广谱抗生素的说明可进一步明确可能掩盖病情的具体风险。；数据质量方面，场景标签和验证点较全面，但风险标志中“疑似重大动物疫病”表述稍显模糊，未明确具体重大疫病范畴。",,,,,,,,,,False,,,,,82,27,18,22,15,reject,17.67,,
543a09d2-b9f9-59c8-811c-cd6514ee3775,53,猪多杀性巴氏杆菌病,swine_hunyuan_turbos,hunyuan-turbos-20250926,成功,,猪,我家有200头60公斤左右的育肥猪，最近一周陆续出现咳嗽、喘气，个别猪精神差、食欲下降，之前用过氟苯尼考和替米考星，有些好转有些没效。现在怀疑是混合感染，想问问该采哪些样品去化验，怎么判断是不是巴氏杆菌引起的？,根据描述，育肥猪出现持续性呼吸道症状且抗生素疗效不一，提示可能存在多种呼吸道病原的混合感染。P. multocida（多杀性巴氏杆菌）可表现为肺炎型或败血型，常与PRRSV、PCV2、支原体等协同致病。需结合临床症状、剖检病变及实验室检测综合判断。,treatment_direction: 针对细菌性成分可考虑敏感抗生素治疗，同时关注潜在病毒或支原体因素；改善通风、降低密度、减少应激。；management_measures: 加强圈舍通风换气，保持适宜温湿度，减少氨气浓度；分群饲养，防止交叉感染；保证饮水充足、营养均衡。；sampling_for_testing: 建议采集发病猪的鼻腔拭子、气管灌洗液、肺组织（尤其病变明显部位）、血液进行细菌分离培养及PCR检测，必要时检测PRRSV、PCV2、支原体等病原。；prohibited_boundaries: 如怀疑为法定重大动物疫病（如非洲猪瘟），应立即停止移动、隔离并上报当地动物疫控部门，不得自行处理或销售。,若使用抗生素，应遵守所用药物的安全停药期规定，并在出栏前确保符合食品安全要求。,"{""disease_name"": ""猪多杀性巴氏杆菌病"", ""severity"": ""中等至严重（视混合感染情况而定）"", ""scene_tags"": [""育肥猪"", ""呼吸道症状"", ""混合感染"", ""采样送检""], ""validation_points"": [""P. multocida 可引起肺炎型或败血型表现"", ""肺炎型常为继发于其他呼吸道疾病之后"", ""确诊需依赖细菌培养和分子检测""], ""risk_flags"": [""混合感染风险高"", ""可能延误重大疫病排查""], ""case_type"": ""呼吸道采样送检"", ""target_disease"": ""猪多杀性巴氏杆菌病"", ""local_flags"": {""species_ok"": true, ""target_disease_in_diagnosis"": false, ""target_disease_mismatch"": true, ""contains_specific_dose"": false, ""contains_specific_withdrawal"": false, ""regulated_bad_treatment"": false}}",True,True,target_disease_in_diagnosis,target_disease_in_diagnosis,False,True,True,D:\XF-ChongQin\ai-\knowledge\llm_wiki_swine_authoritative,1465,887,"猪多杀性巴氏杆菌病
猪多杀性巴氏杆菌病、pasteurellosis
呼吸道采样送检
呼吸道症状持续，用药效果不稳定，用户询问采什么样品和如何鉴别混合感染。","{""HUMAN_REVIEWED"": 2, ""NEEDS_REVIEW"": 2}","[""SRC-0001"", ""SRC-0070""]",2221,30.74,ERNIE-4.5-Turbo-32K,88,28,18,23,20,False,False,"该回答整体上对猪多杀性巴氏杆菌病的诊断、采样、治疗及管理措施进行了较为全面的描述，诊断方向合理，采样建议符合实际需求，治疗和管理措施安全有效，数据质量较高，无明显致命风险。
问题：diagnosis_accuracy: 诊断部分对混合感染的提示较为充分，但对巴氏杆菌病本身的特征性描述稍显不足，可进一步明确其典型症状和病变特点。；pathology_logic: 病理逻辑部分对巴氏杆菌病的病理机制描述不够深入，尤其是与其他病原协同致病的机制可更详细。；data_quality: 数据质量部分，虽然场景标签和验证点较为全面，但风险标志中提到的'可能延误重大疫病排查'未在回答中明确体现如何避免，略显不足。",,,,,,,,,,False,,,,,88,28,18,23,20,reject,20.42,,
c3b334e0-6ae2-570e-975c-b2d87e57c9a0,55,猪葡萄球菌病,swine_hunyuan_turbos,hunyuan-turbos-20250926,成功,,猪,我家有200头40日龄左右的保育猪，这几天陆续有几头出现皮肤发红、局部结痂，有的还伴有轻微咳嗽、采食量下降，舍内湿度偏高，之前用过阿莫西林饮水，效果不明显。想问问这是啥毛病，该怎么处理？,根据描述，保育猪出现皮肤红斑、结痂及轻度呼吸道症状，结合饲养环境潮湿、前期使用抗生素效果不佳，考虑为猪葡萄球菌病（渗出性表皮炎）可能性较大，可能合并继发细菌感染。需排除其他皮肤病及病毒性疾病。,treatment_direction: 针对葡萄球菌感染进行抗菌治疗，同时改善环境以减少皮肤刺激和继发感染机会。；management_measures: 加强圈舍通风除湿，保持干燥清洁；对病猪隔离护理，防止互相舔咬传播；适当提高环境温度以改善体感舒适度。；sampling_testing: 采集病变皮肤和分泌物送实验室做细菌分离鉴定及药敏试验，必要时排查其他病原如圆环病毒等。；prohibited_boundaries: 严禁随意使用未经批准的抗生素；若怀疑重大传染病（如非洲猪瘟），应立即按当地规定上报并配合扑杀、无害化处理。,因涉及具体药物方案未定，需依据最终选用药物及药敏结果确定，并在停药后按规定执行安全间隔期方可出栏。,"{""disease_name"": ""猪葡萄球菌病"", ""severity"": ""中等"", ""scene_tags"": [""保育猪"", ""群体发病"", ""皮肤病变"", ""采食下降"", ""高湿环境""], ""validation_points"": [""临床表现符合葡萄球菌性渗出性皮炎特征"", ""环境因素支持细菌繁殖和传播"", ""抗生素治疗无效提示耐药或病原判断偏差""], ""risk_flags"": [""需排除重大动物疫病"", ""存在继发感染风险"", ""环境管理不当可能加重病情""], ""case_type"": ""保育猪群体发病"", ""target_disease"": ""猪葡萄球菌病"", ""local_flags"": {""species_ok"": true, ""target_disease_in_diagnosis"": true, ""target_disease_mismatch"": false, ""contains_specific_dose"": false, ""contains_specific_withdrawal"": false, ""regulated_bad_treatment"": false}}",False,False,,,True,False,False,D:\XF-ChongQin\ai-\knowledge\llm_wiki_swine_authoritative,1465,887,"猪葡萄球菌病
猪葡萄球菌病、staphylococcosis exudative epidermitis
保育猪群体发病
群体发病、采食下降、粪便或呼吸道异常，用户想知道主要病因和下一步处理。","{""HUMAN_REVIEWED"": 3, ""NEEDS_REVIEW"": 2}","[""SRC-0001"", ""SRC-0006"", ""SRC-0026"", ""SRC-0036"", ""SRC-0074""]",2105,28.65,ERNIE-4.5-Turbo-32K,78,25,18,20,15,False,False,"整体回答较为合理，诊断方向基本正确，但在病理逻辑、数据质量和处方安全性方面存在一定不足，需进一步优化。
问题：诊断准确性方面，虽然考虑了猪葡萄球菌病，但未完全排除其他可能的皮肤病和病毒性疾病，如圆环病毒感染等，诊断依据不够充分。；病理逻辑方面，对继发细菌感染的描述较为笼统，未详细说明可能的继发病原及其与葡萄球菌病的关联。；处方安全性方面，虽然提到了改善环境和隔离护理，但未给出具体的抗菌药物选择，仅提到需依据药敏结果确定，缺乏实际指导意义。；数据质量方面，对用户查询的回应不够全面，未充分解释为何阿莫西林效果不佳，也未提及可能的耐药性问题。",,,,,,,,,,False,,,,,78,25,18,20,15,review,21.64,,
c393db18-81ab-5033-b6b5-de5424874e47,58,猪虱病,swine_hunyuan_turbos,hunyuan-turbos-20250926,成功,,猪,我家有120头育肥猪，平均体重60公斤左右，最近几天发现有几头猪经常蹭墙、抓痒，皮毛粗糙，局部掉毛，圈舍比较潮湿，之前没用过驱虫药，想问是不是虱子？要不要整群都处理？环境要怎么弄？多久能看出来效果？,根据描述，育肥猪出现频繁蹭墙、抓痒、皮毛粗糙及局部脱毛，结合圈舍潮湿的环境条件，高度怀疑为猪虱感染。确诊需在体表检查到活虱或黏附在毛发上的虫卵，单纯瘙痒和皮肤损伤不能作为唯一依据。,建议先对疑似感染猪进行体表检查，找到虱或虫卵以确诊。若确诊，应对全群进行处理，包括使用兽医认可的体外驱虫剂（按说明书操作），同时彻底清理圈舍粪便、更换垫料、保持干燥通风，并对用具进行消毒。处理后7-14天复查体表，观察虱卵脱落及新发情况，必要时重复处理。禁止在未确诊前随意使用未经许可的药物。,按所用驱虫产品标签说明执行，确保停药期后再出栏或屠宰。,"{""disease_name"": ""猪虱病"", ""severity"": ""中等"", ""scene_tags"": [""育肥猪"", ""体外寄生虫"", ""圈舍潮湿"", ""瘙痒脱毛""], ""validation_points"": [""症状符合猪虱常见表现"", ""环境潮湿利于虱繁殖"", ""需体表查虱或虫卵确诊""], ""risk_flags"": [""未确诊前勿盲目全群用药"", ""注意驱虫产品的合法合规使用""], ""case_type"": ""驱虫和环境管理"", ""target_disease"": ""猪虱病"", ""local_flags"": {""species_ok"": true, ""target_disease_in_diagnosis"": false, ""target_disease_mismatch"": true, ""contains_specific_dose"": false, ""contains_specific_withdrawal"": false, ""regulated_bad_treatment"": false}}",True,True,target_disease_in_diagnosis,target_disease_in_diagnosis,False,True,True,D:\XF-ChongQin\ai-\knowledge\llm_wiki_swine_authoritative,1465,887,"猪虱病
猪虱病、external parasites lice
驱虫和环境管理
用户询问是否需要全群处理、环境清理和复查方式。","{""HUMAN_REVIEWED"": 3, ""NEEDS_REVIEW"": 2}","[""SRC-0001"", ""SRC-0013"", ""SRC-0072"", ""SRC-0080"", ""SRC-0082""]",2028,21.62,ERNIE-4.5-Turbo-32K,92,28,18,24,22,False,False,"该回答对猪虱病的诊断、处理及环境管理建议较为全面，诊断准确，处理方向安全，数据质量较高，无明显致命风险。
问题：诊断部分未完全利用所有症状信息，确诊依据描述稍显不足；病理逻辑部分对环境因素与疾病关系的阐述可更深入；数据质量方面，症状与疾病匹配度描述可更详细",,,,,,,,,,False,,,,,92,28,18,24,22,reject,14.54,,
98aea6c3-649b-54a7-9e7a-078fd8f8457a,60,猪隐孢子虫病,swine_hunyuan_turbos,hunyuan-turbos-20250926,成功,,猪,我家是育肥场，现在这批猪大概120斤左右，还有20天就准备出栏了。最近几天发现有几头开始拉稀，粪便偏黄带点泡沫，精神还行，采食量稍微下降。之前用过恩诺沙星拌料防过大肠杆菌，效果一般。想问这种情况还能继续养到出栏吗？要不要隔离？用什么药合适？会不会影响卖猪？,根据描述，该批育肥猪在临近出栏时出现黄色泡沫状腹泻，可能与多种肠道病原有关。隐孢子虫可在猪群中检出，但其致病性受年龄、混合感染及饲养环境影响较大，单凭隐孢子虫阳性不能直接判定为唯一病因。需结合其他病原（如大肠杆菌、沙门氏菌、轮状病毒等）排查，并考虑饲料、饮水卫生、应激等因素。,treatment_direction: 针对可能的混合感染，可考虑使用广谱抗生素配合支持疗法改善肠道健康，同时加强饮水清洁与保温措施。；management_measures: 立即将明显腹泻个体与健康猪分栏管理，减少交叉感染；检查并改善饮水系统，防止二次污染；适当降低密度，减少应激。；sampling_testing: 采集新鲜粪便样本送实验室进行多病原筛查（包括细菌、病毒、寄生虫），明确主要致病原后再针对性调整方案。；prohibited_boundaries: 在未明确诊断前，不得使用未经批准的兽药或超范围用药；若检出重大动物疫病（如非洲猪瘟、口蹄疫等），须按当地主管部门要求立即报告并执行封锁、扑杀等措施。,具体休药期需依据最终确诊病原及所用药物确定，出栏前应确保符合国家和地方规定的停药时间。,"{""disease_name"": ""猪隐孢子虫病"", ""severity"": ""中等（取决于混合感染情况）"", ""scene_tags"": [""育肥猪"", ""临近出栏"", ""腹泻"", ""混合感染风险""], ""validation_points"": [""隐孢子虫阳性需结合日龄、腹泻表现及其他病原综合判断"", ""临近出栏阶段应优先考虑食品安全与合规出栏""], ""risk_flags"": [""潜在混合感染"", ""临近出栏需关注食品安全"", ""重大疫病排除""], ""case_type"": ""腹泻出栏边界"", ""target_disease"": ""猪隐孢子虫病"", ""local_flags"": {""species_ok"": true, ""target_disease_in_diagnosis"": false, ""target_disease_mismatch"": true, ""contains_specific_dose"": false, ""contains_specific_withdrawal"": false, ""regulated_bad_treatment"": false}}",True,True,target_disease_in_diagnosis,target_disease_in_diagnosis,False,True,True,D:\XF-ChongQin\ai-\knowledge\llm_wiki_swine_authoritative,1465,887,"猪隐孢子虫病
猪隐孢子虫病、cryptosporidiosis protozoa
腹泻出栏边界
临近出栏猪群出现腹泻，用户关心处理方向、隔离和用药后能否销售。","{""HUMAN_REVIEWED"": 3, ""NEEDS_REVIEW"": 2}","[""SRC-0001"", ""SRC-0072"", ""SRC-0081""]",2151,29.63,ERNIE-4.5-Turbo-32K,68,20,14,18,16,False,False,"该回答在诊断准确性、病理逻辑、处方安全性和数据质量方面存在一定不足，但未发现致命风险。诊断部分未明确指向猪隐孢子虫病，且未充分结合用户描述的症状进行针对性分析；病理逻辑部分对隐孢子虫病的致病性及混合感染的影响分析不够深入；处方安全性方面，建议使用广谱抗生素可能不够精准，且未针对隐孢子虫病提出具体治疗方案；数据质量方面，回答内容较为全面，但部分信息如休药期的表述不够具体。
问题：诊断准确性不足：未明确根据用户描述的症状（黄色泡沫状腹泻）指向猪隐孢子虫病，且未充分排除其他病原的可能性。；病理逻辑不够深入：对隐孢子虫病的致病性及混合感染的影响分析不够详细，未充分解释为何单凭隐孢子虫阳性不能直接判定为唯一病因。；处方安全性有待提升：建议使用广谱抗生素可能不够精准，且未针对猪隐孢子虫病提出具体治疗方案，如使用抗隐孢子虫药物。；数据质量方面：休药期的表述不够具体，未给出明确的停药时间或参考标准。",,,,,,,,,,False,,,,,68,20,14,18,16,reject,20.58,,
4d5afe0b-d0d7-5139-a3eb-46adadd89898,63,猪类圆线虫病,swine_hunyuan_turbos,hunyuan-turbos-20250926,成功,,猪,我家是50头母猪自繁自养场，最近刚断奶的20多头小猪（约30日龄）陆续出现拉稀，有的呈黄色稀粪带泡沫，有的水样，个别精神差、吃奶少，已经三天了，之前喂过一点新到的玉米粉，没用过抗生素。想问这是病毒性还是细菌性或者寄生虫引起的？要不要马上打疫苗？,根据日龄（30日龄断奶前后）、病程（3天）、粪便性状（黄色稀粪带泡沫、水样）及整窝发病特点，需优先排除病毒性（如轮状病毒、腺病毒）、细菌性（如产肠毒素大肠杆菌、沙门氏菌）以及寄生虫性（如类圆线虫、球虫）等病因。当前信息不足以直接确诊，需要结合现场观察、实验室检测（粪便镜检、PCR、培养）进行鉴别。,treatment_direction: 立即停喂可疑饲料，保证饮水清洁并补充电解质；对精神差个体可给予支持疗法；禁止盲目使用广谱抗生素以防掩盖病情。；management_measures: 加强圈舍保温通风，减少应激；分群饲养，防止交叉感染；清理粪便并及时消毒。；sampling_and_testing: 采集新鲜粪便送实验室做镜检（查卵囊、虫卵、球虫）、细菌培养和病毒核酸检测，必要时取肠道组织病理检查。；prohibited_boundaries: 在未明确病原前不得使用针对特定病原的药物；严禁将病猪与健康猪混养；发现疑似重大传染病应立即报告当地畜牧兽医部门。,因未进行药物治疗，无休药期问题；若后续用药需依据检测结果和药物说明书执行。,"{""disease_name"": ""猪类圆线虫病"", ""severity"": ""中等"", ""scene_tags"": [""断奶仔猪"", ""腹泻"", ""多病因鉴别"", ""寄生虫可能""], ""validation_points"": [""按日龄和病程分层鉴别腹泻原因"", ""考虑病毒性、细菌性、寄生虫性及饲养管理因素"", ""强调采样送检的重要性""], ""risk_flags"": [""未明病原前禁用广谱抗生素"", ""需警惕重大疫病风险""], ""case_type"": ""腹泻采样送检"", ""target_disease"": ""猪类圆线虫病"", ""local_flags"": {""species_ok"": true, ""target_disease_in_diagnosis"": false, ""target_disease_mismatch"": true, ""contains_specific_dose"": false, ""contains_specific_withdrawal"": false, ""regulated_bad_treatment"": false}}",True,True,target_disease_in_diagnosis,target_disease_in_diagnosis,False,True,True,D:\XF-ChongQin\ai-\knowledge\llm_wiki_swine_authoritative,1465,887,"猪类圆线虫病
猪类圆线虫病、strongyloides internal parasites
腹泻采样送检
用户描述粪便性状、日龄和病程，重点询问如何鉴别病毒性、细菌性或寄生虫性腹泻。","{""HUMAN_REVIEWED"": 2, ""NEEDS_REVIEW"": 3}","[""RC-DIARRHEA-001"", ""SRC-0001"", ""SRC-0007"", ""SRC-0030"", ""SRC-0052"", ""SRC-0062"", ""SRC-0063"", ""SRC-0064"", ""SRC-0071"", ""SRC-0072"", ""SRC-0073"", ""SRC-0077"", ""SRC-0081"", ""SRC-0082""]",2088,25.88,ERNIE-4.5-Turbo-32K,72,22,16,19,15,False,False,"该回答在诊断准确性、病理逻辑、处方安全性和数据质量方面表现中等，整体符合测试数据有效性要求，但存在一些不足，需要进一步优化以提高评分。
问题：诊断准确性方面，虽然提到了多种可能的病因，但对猪类圆线虫病的针对性诊断不够明确，缺乏对该疾病特征的深入分析。；病理逻辑方面，对疾病的鉴别诊断逻辑较为清晰，但缺乏对猪类圆线虫病病理机制的详细阐述。；处方安全性方面，提出的处理措施较为安全，但缺乏针对猪类圆线虫病的特异性治疗方案。；数据质量方面，提供的场景信息较为全面，但缺乏具体的实验室检测结果支持诊断。",,,,,,,,,,False,,,,,72,22,16,19,15,reject,17.01,,
f14b4fc8-12c7-5aaa-b0ec-de14bd931fa9,66,猪营养缺乏与过量综合征,swine_hunyuan_turbos,hunyuan-turbos-20250926,成功,,猪,我家有200头80公斤左右的育肥猪，已经养了快5个月，最近发现部分猪精神差、食欲下降、皮肤苍白，有的还出现关节肿大和跛行，已经有10来天了。饲料一直用的是自配料，玉米豆粕为主，近期换过一次鱼粉供应商。想问下这种情况还能治吗？如果要用药的话，会不会影响出栏卖猪？,根据描述，该群育肥猪存在多系统表现（贫血、关节异常），且近期更换蛋白原料，提示可能与营养失衡有关，如微量元素缺乏或蛋白质质量波动引起的营养缺乏与过量综合征。需结合饲料配方、原料成分分析、饮水状况及现场饲养管理综合判断，并排除其他传染病。,建议立即停喂可疑原料，检查饲料配方与加工过程，确保营养均衡；补充优质多维、矿物质预混料，改善饲喂方式与环境卫生；对严重病例进行隔离观察，采集饲料、血样送实验室检测微量元素水平；严禁使用未经批准的添加剂或超量补剂，防止人为造成新的营养失衡。若怀疑为重大疫病，应按当地规定及时上报。,任何治疗药物使用前须确认其安全间隔期，并在停药期满后方可出栏销售；当前情况应先明确病因再决定用药方案。,"{""disease_name"": ""猪营养缺乏与过量综合征"", ""severity"": ""中等"", ""scene_tags"": [""育肥猪"", ""营养失衡"", ""饲料原料更换"", ""上市前健康评估""], ""validation_points"": [""症状与营养缺乏相符"", ""近期饲料原料变动史支持诊断线索"", ""需结合饲料分析与实验室检测确诊""], ""risk_flags"": [""疑似营养性疾病需排查传染性病因"", ""涉及上市销售需关注用药安全间隔""], ""case_type"": ""上市休药期咨询"", ""target_disease"": ""猪营养缺乏与过量综合征"", ""local_flags"": {""species_ok"": true, ""target_disease_in_diagnosis"": false, ""target_disease_mismatch"": true, ""contains_specific_dose"": false, ""contains_specific_withdrawal"": false, ""regulated_bad_treatment"": false}}",True,True,target_disease_in_diagnosis,target_disease_in_diagnosis,False,True,True,D:\XF-ChongQin\ai-\knowledge\llm_wiki_swine_authoritative,1465,887,"猪营养缺乏与过量综合征
猪营养缺乏与过量综合征、nutrient deficiencies and excesses
上市休药期咨询
用户接近出栏，关心治疗方向和用药后能否出栏销售。","{""NEEDS_REVIEW"": 2, ""PROCESSED_SOURCE_ANCHORED"": 2}","[""SRC-0001"", ""SRC-0084""]",2221,28.47,ERNIE-4.5-Turbo-32K,88,28,18,24,18,False,False,"该回答在诊断准确性、病理逻辑、处方安全性和数据质量方面表现良好，整体符合测试数据有效性要求。诊断考虑了症状与营养缺乏的关联，并提及饲料原料更换作为支持线索，病理逻辑合理。处方建议停喂可疑原料、补充多维和矿物质，并强调实验室检测，安全且与疾病相互印证。数据质量方面，症状描述、诊断依据和处方建议均较为详细，但饲料成分分析的具体性可进一步提升。
问题：诊断准确性方面，虽提及需结合饲料分析与实验室检测确诊，但未明确具体检测项目（如铜、铁、锌等微量元素水平），略显笼统。；病理逻辑方面，对“关节肿大和跛行”与营养缺乏的具体关联解释不足，如是否为维生素D缺乏或钙磷比例失调等。；数据质量方面，饲料原料更换的描述较简单，未提及鱼粉的具体质量指标（如重金属含量、新鲜度等），可能影响诊断的精准性。",,,,,,,,,,False,,,,,88,28,18,24,18,reject,20.6,,
1b0bc04d-df01-5ea5-9381-1b1a95ef860f,68,猪呕吐毒素/DON中毒,swine_hunyuan_turbos,hunyuan-turbos-20250926,成功,,猪,我家有120头育肥猪，平均体重在80公斤左右，最近一周陆续出现采食量明显下降、部分猪精神沉郁、粪便偏稀的情况，没有发热和呼吸道症状。怀疑是新进的一批玉米粉有问题，想问还能不能继续喂这批料？另外该送哪些样品去检测？要不要同时采集病猪的肝、胃内容物送检？,根据描述的症状、饲料更换史及群体表现，高度怀疑为呕吐毒素（DON）中毒。该病为非感染性中毒病，由摄入含DON的污染饲料引起，可表现为采食下降、腹泻、生长迟缓等。需结合饲料检测、同批次暴露情况及排除其他病因（如细菌性肠炎、病毒性疾病、其他霉菌毒素等）进行确诊。,treatment_direction: 立即停喂可疑饲料，更换为安全无污染的全价配合饲料；保证充足清洁饮水，减少应激因素；对症状明显的个体可给予支持疗法（如补液、电解质平衡），但不使用针对细菌或病毒的抗生素作为首选。；management_measures: 清理并封存可疑饲料批次，防止再次投喂；加强圈舍通风与卫生管理，降低环境应激；观察全群健康变化，记录采食量和精神状态。；sampling_submission: 采集可疑饲料原料（尤其是玉米粉）、成品混合料以及同批次剩余饲料送至具备资质的实验室检测DON含量；同时采集发病猪的血液、肝脏、胃内容物等组织样本，以便综合判断毒素水平与病理变化。；prohibited_boundaries: 在未明确检测结果前，严禁将可疑饲料用于任何猪群；禁止随意使用未经批准的脱毒剂或化学解毒剂；若检出严重超标或伴随其他法定疫病迹象，应按规定上报主管部门。,因属中毒事件，无特定药物休药期概念；在确认饲料安全且猪群恢复正常采食后方可恢复出栏计划，期间应持续监测健康状况。,"{""disease_name"": ""猪呕吐毒素/DON中毒"", ""severity"": ""中等至重度（取决于摄入量与持续时间）"", ""scene_tags"": [""育肥猪"", ""饲料更换"", ""采食下降"", ""腹泻"", ""霉菌毒素""], ""validation_points"": [""症状符合DON中毒特征（拒食、腹泻、精神沉郁）"", ""有明确的新进饲料暴露史"", ""排除发热与呼吸道症状，提示非病毒性传染病""], ""risk_flags"": [""存在群体性中毒风险，需快速停喂可疑饲料"", ""需通过实验室检测确认毒素水平"", ""若涉及多批次或大规模中毒，应按重大动物疫情相关程序上报""], ""case_type"": ""中毒处置边界"", ""target_disease"": ""猪呕吐毒素/DON中毒"", ""local_flags"": {""species_ok"": true, ""target_disease_in_diagnosis"": false, ""target_disease_mismatch"": true, ""contains_specific_dose"": false, ""contains_specific_withdrawal"": false, ""regulated_bad_treatment"": false}}",True,True,target_disease_in_diagnosis,target_disease_in_diagnosis,False,True,True,D:\XF-ChongQin\ai-\knowledge\llm_wiki_swine_authoritative,1465,887,"猪呕吐毒素/DON中毒
猪呕吐毒素/DON中毒、don trichothecene toxicosis
中毒处置边界
用户想知道是否继续饲喂可疑饲料、怎样送检饲料和病料。","{""HUMAN_REVIEWED"": 1, ""NEEDS_REVIEW"": 2, ""PROCESSED_SOURCE_A"": 1, ""PROCESSED_SOURCE_ANCHORED"": 1}","[""SRC-0001"", ""SRC-0069"", ""SRC-0085""]",2221,30.79,ERNIE-4.5-Turbo-32K,88,28,18,23,20,False,False,"该回答在诊断准确性、病理逻辑、处方安全性和数据质量方面表现良好，整体符合猪呕吐毒素/DON中毒的测试数据要求。诊断基于症状、饲料更换史及群体表现，高度怀疑DON中毒，并建议结合饲料检测和排除其他病因进行确诊，逻辑合理。处方中立即停喂可疑饲料、更换安全饲料、保证清洁饮水等措施安全有效，同时明确了采样送检的建议和禁止行为。数据质量方面，症状描述、疾病名称、场景标签等均准确无误。
问题：诊断准确性方面，虽然高度怀疑DON中毒，但未完全排除其他类似症状疾病的可能性，如其他霉菌毒素中毒或细菌性肠炎等，可进一步增加鉴别诊断的描述。病理逻辑方面，对于DON中毒的病理机制解释略显不足，可补充更多关于DON如何影响猪只生理机能的信息。处方安全性方面整体良好，但支持疗法中的具体补液和电解质平衡措施可更详细一些。数据质量方面基本无瑕疵，但场景标签可进一步细化，如增加“群体性健康问题”等标签。",,,,,,,,,,False,,,,,88,28,18,23,20,reject,19.92,,
a5b07404-4419-5d70-a367-1008805e7a71,69,猪玉米赤霉烯酮中毒,swine_hunyuan_turbos,hunyuan-turbos-20250926,成功,,猪,我这边是河南一个300头基础母猪的种猪场，最近有10多头经产母猪在妊娠60天左右出现阴户红肿、部分有少量黏液流出，有的还伴随流产、死胎，还有两头公猪性欲下降、精液稀薄。饲料用的是本地玉米，前段时间下雨多，怀疑是不是霉菌问题？这种情况还能继续配种吗？,结合临床表现及饲料原料情况，考虑为玉米赤霉烯酮（ZEA）中毒所致的非感染性繁殖障碍。ZEA是一种具有雌激素样作用的霉菌毒素，可导致母猪阴户肿胀、假孕、胚胎吸收、流产、死胎及公猪精液质量下降等。需排除猪繁殖与呼吸综合征、伪狂犬病、细小病毒病等传染性繁殖障碍病因。,treatment_direction: 立即停喂可疑污染饲料，更换为无霉变、低毒素含量的优质原料；加强饲料储存管理，防止二次污染。；management_measures: 对受影响母猪进行隔离观察，记录发情周期变化；公猪暂停配种，改善饲养管理和营养水平，必要时采集精液送检评估恢复情况。；sampling_testing: 采集剩余饲料样品送实验室检测黄曲霉毒素B1、玉米赤霉烯酮等霉菌毒素含量；同时采集流产胎儿组织、血液样本做PCR检测PRRSV、PRV、PPV等常见繁殖障碍病原。；prohibited_boundaries: 在未明确排除重大动物疫病前，不得将疑似感染母猪或公猪外调或混群；严禁使用未经批准的激素类药物试图纠正繁殖异常。,因属中毒性病因，无特定药物休药期，但应待饲料更换、毒素清除且母猪恢复正常发情后再行配种，期间持续监测公猪精液质量。,"{""disease_name"": ""猪玉米赤霉烯酮中毒"", ""severity"": ""中等"", ""scene_tags"": [""种猪场"", ""霉菌毒素"", ""繁殖障碍"", ""公猪精液异常""], ""validation_points"": [""ZEA具有雌激素样作用，可引起阴户肿胀、流产、死胎及公猪精液质量下降"", ""饲料霉变是主要暴露途径，尤其在潮湿环境下易产生"", ""需通过饲料毒素检测和病原学排查区分传染性与非传染性病因""], ""risk_flags"": [""疑似重大动物疫病需先排除"", ""饲料安全控制不足""], ""case_type"": ""种猪繁殖障碍"", ""target_disease"": ""猪玉米赤霉烯酮中毒"", ""local_flags"": {""species_ok"": true, ""target_disease_in_diagnosis"": false, ""target_disease_mismatch"": true, ""contains_specific_dose"": false, ""contains_specific_withdrawal"": false, ""regulated_bad_treatment"": false}}",True,True,target_disease_in_diagnosis,target_disease_in_diagnosis,False,True,True,D:\XF-ChongQin\ai-\knowledge\llm_wiki_swine_authoritative,1465,887,"猪玉米赤霉烯酮中毒
猪玉米赤霉烯酮中毒、zearalenone toxicosis
种猪繁殖障碍
种猪场出现流产、死胎、返情或公猪异常，用户担心传染病和是否继续配种。","{""HUMAN_REVIEWED"": 2, ""NEEDS_REVIEW"": 2, ""PROCESSED_SOURCE_ANCHORED"": 1}","[""SRC-0001"", ""SRC-0025"", ""SRC-0085""]",2176,31.47,ERNIE-4.5-Turbo-32K,88,28,18,23,20,False,False,"该回答整体表现良好，诊断准确，逻辑清晰，处理方向安全，数据质量较高。诊断考虑了临床表现和饲料原料情况，排除了其他传染性繁殖障碍病因，符合猪玉米赤霉烯酮中毒的特征。处理方向包括停喂可疑饲料、加强饲料储存管理、隔离观察、采样检测等，安全且与疾病相互印证。数据质量方面，提供了详细的场景标签和验证点，有助于理解疾病背景和诊断依据。
问题：diagnosis_accuracy: 诊断准确性方面，虽然考虑了玉米赤霉烯酮中毒，但对其他可能的传染性繁殖障碍病因的排除描述略显简单，可进一步细化排除过程。；pathology_logic: 病理逻辑方面，对玉米赤霉烯酮中毒的病理机制描述不够深入，可增加更多关于毒素作用机制和病理变化的内容。；data_quality: 数据质量方面，虽然提供了场景标签和验证点，但缺乏具体的病例数据或研究引用，可增加相关数据或文献支持诊断和处理建议。",,,,,,,,,,False,,,,,88,28,18,23,20,reject,21.35,,
a411a39c-2786-5168-84e4-51b7056a0755,70,猪富马毒素中毒,swine_hunyuan_turbos,hunyuan-turbos-20250926,成功,,猪,我场有120头育肥猪，平均体重在80公斤左右，最近一周陆续出现呼吸急促、精神不振的情况，部分猪腹部鼓胀，食欲下降。怀疑是这批新换的玉米原料有问题，想问还能不能继续喂？需要怎么送饲料和病料去检测？,根据描述的症状（呼吸急促、精神沉郁、腹部鼓胀、食欲减退），结合近期更换饲料的背景，高度怀疑为饲料源性中毒，尤其是富马毒素等霉菌毒素引起的中毒反应。富马毒素高水平暴露可导致肺水肿及肝脏损伤，需通过饲料毒素检测和病猪组织病理学检查综合判断。,treatment_direction: 立即停喂可疑批次饲料，改用无污染饲料；对症状明显个体进行支持性护理（改善通风、减少应激）。；management_measures: 全场排查饲料储存条件，防止霉变；加强饮水卫生；观察剩余猪群健康变化。；sampling_and_testing: 采集可疑饲料样品送有资质的实验室检测富马毒素及其他主要霉菌毒素含量；同时采集病死猪或濒死猪的肺、肝组织做病理学检查，必要时配合血液生化指标分析。；prohibited_actions: 在未明确毒素种类和浓度前，严禁将可疑饲料转售或投喂其他猪群；禁止自行使用未经批准的排毒药物。,因属中毒事件，无特定药物休药期概念，但须确保饲料毒素降至安全水平后方可恢复原饲料供应，安全限值应依据国家或行业饲料安全标准执行。,"{""disease_name"": ""猪富马毒素中毒"", ""severity"": ""中等至严重（视毒素浓度和暴露时间而定）"", ""scene_tags"": [""育肥猪"", ""饲料更换"", ""呼吸异常"", ""腹部鼓胀""], ""validation_points"": [""症状与富马毒素中毒相符"", ""存在可疑饲料更换史"", ""建议饲料与病料同步送检""], ""risk_flags"": [""潜在重大饲料安全问题"", ""需排除其他毒素混合作用""], ""case_type"": ""中毒处置边界"", ""target_disease"": ""猪富马毒素中毒"", ""local_flags"": {""species_ok"": true, ""target_disease_in_diagnosis"": false, ""target_disease_mismatch"": true, ""contains_specific_dose"": false, ""contains_specific_withdrawal"": false, ""regulated_bad_treatment"": false}}",True,True,target_disease_in_diagnosis,target_disease_in_diagnosis,False,True,True,D:\XF-ChongQin\ai-\knowledge\llm_wiki_swine_authoritative,1465,887,"猪富马毒素中毒
猪富马毒素中毒、fumonisin toxicosis
中毒处置边界
用户想知道是否继续饲喂可疑饲料、怎样送检饲料和病料。","{""NEEDS_REVIEW"": 2, ""PROCESSED_SOURCE_ANCHORED"": 2}","[""SRC-0001"", ""SRC-0085""]",2221,27.07,ERNIE-4.5-Turbo-32K,88,28,18,23,20,False,False,"整体回答质量较高，诊断准确性、处方安全性和数据质量均表现良好，病理逻辑部分略有不足但不影响整体判断，无致命风险。
问题：病理逻辑部分对富马毒素中毒的病理机制描述不够详细，仅提到肺水肿和肝脏损伤，未深入解释症状与病理变化的关联性。；数据质量部分，场景标签和验证点覆盖较全面，但风险标志中未明确提及人兽共患风险（虽富马毒素中毒非人兽共患病，但应明确排除）。；诊断准确性部分，症状与疾病匹配度较高，但未完全排除其他霉菌毒素混合中毒的可能性。",,,,,,,,,,False,,,,,88,28,18,23,20,reject,17.02,,
9e227dde-a05f-5e5e-85f3-19c9989d8cda,71,猪矿物质与化学物中毒,swine_hunyuan_turbos,hunyuan-turbos-20250926,成功,,猪,我家是200头育肥猪，平均体重80公斤左右，最近换了新一批玉米饲料后，有十几头出现采食量明显下降，有的还伴有呕吐、精神沉郁，个别母猪流产。之前没用过这种玉米，想问是不是饲料有问题？,结合病史及临床表现，高度怀疑为饲料源性矿物质或化学物质中毒，可能由新批次玉米中重金属、霉菌毒素或其他有害化学物质引起。需排除其他传染病如伪狂犬病、口蹄疫等。,立即停喂可疑饲料，更换为安全饲料并加强饮水管理；对发病猪进行对症治疗（补液、保肝护肾、对症止吐），同时采集剩余饲料、呕吐物、血液样本送实验室检测毒物成分；严禁私自使用解毒剂或抗生素掩盖症状；若检出高风险毒物或无法排除重大疫情，应按规定上报主管部门并采取隔离措施。,因病因未明且涉及潜在有毒物残留，建议暂停出栏销售直至检测结果明确并符合安全标准。,"{""disease_name"": ""猪矿物质与化学物中毒"", ""severity"": ""中等至严重"", ""scene_tags"": [""饲料更换"", ""育肥猪"", ""呕吐"", ""采食下降"", ""繁殖障碍""], ""validation_points"": [""存在明确的饲料更换史"", ""临床症状与中毒表现一致"", ""需通过实验室检测确认毒物类型""], ""risk_flags"": [""可能涉及重大食品安全风险"", ""需防止群体扩散""], ""case_type"": ""饲料中毒咨询"", ""target_disease"": ""猪矿物质与化学物中毒"", ""local_flags"": {""species_ok"": true, ""target_disease_in_diagnosis"": false, ""target_disease_mismatch"": true, ""contains_specific_dose"": false, ""contains_specific_withdrawal"": false, ""regulated_bad_treatment"": false}}",True,True,target_disease_in_diagnosis,target_disease_in_diagnosis,False,True,True,D:\XF-ChongQin\ai-\knowledge\llm_wiki_swine_authoritative,1465,887,"猪矿物质与化学物中毒
猪矿物质与化学物中毒、toxic minerals chemicals plants and gases
饲料中毒咨询
更换饲料或玉米批次后出现采食下降、呕吐、繁殖异常或神经症状，用户怀疑饲料问题。","{""NEEDS_REVIEW"": 2, ""PROCESSED_SOURCE_ANCHORED"": 1}","[""SRC-0001"", ""SRC-0086""]",2221,24.93,ERNIE-4.5-Turbo-32K,88,28,18,24,18,False,False,"该回答整体表现良好，诊断准确性较高，考虑了饲料更换史和中毒症状，并排除了传染病。病理逻辑合理，但未详细说明排除传染病的依据。处方安全，建议了停喂可疑饲料和实验室检测，并注意到了食品安全风险。数据质量方面，场景标签和验证点较为全面，但风险描述可更具体。
问题：病理逻辑中未详细说明排除传染病的具体依据，可能影响诊断的严谨性。；数据质量方面，风险描述可更具体，如明确可能涉及的有毒物质类型或食品安全风险的具体表现。；diagnosis_accuracy 略有扣分，因未完全覆盖所有可能的中毒物质（如未明确提及霉菌毒素的具体类型）。",,,,,,,,,,False,,,,,88,28,18,24,18,reject,16.32,,
cb172a52-b499-5259-a71c-5bf0517f3094,72,猪亚硝酸盐中毒,swine_hunyuan_turbos,hunyuan-turbos-20250926,成功,,猪,我家有120头80公斤左右的育肥猪，这几天陆续有几头突然倒地、呼吸急促、口吐白沫，有的还拉暗红色血便，昨天开始死了两头。怀疑是前几天换的青贮玉米秸秆饲料有问题，想问还能不能继续喂？另外该采哪些样品去化验？,根据描述的症状（突发呼吸困难、黏膜发绀、血便）及近期更换青贮饲料的情况，高度怀疑为急性亚硝酸盐中毒。该病由饲料或饮水中亚硝酸盐含量过高引起，导致血红蛋白氧化成高铁血红蛋白，造成全身缺氧。需结合饲料、饮水及病猪血液、胃内容物等实验室检测确认。,treatment_direction: 立即停喂可疑饲料，更换清洁饮水，必要时静脉输注亚甲蓝（仅限专业兽医操作），配合维生素C等抗氧化剂支持治疗。；management_measures: 将发病猪与健康猪分群管理，加强通风，减少应激；对剩余饲料封存送检，防止继续投喂。；sampling_and_testing: 采集可疑饲料、饮水样本，以及病死猪的血液、胃内容物送实验室检测亚硝酸盐含量和高铁血红蛋白水平。；contraindications_and_boundaries: 严禁在未确诊前随意使用解毒剂；若检出高浓度亚硝酸盐，应视为饲料污染事件，按当地动物卫生监督部门要求进行无害化处理，不得随意丢弃或转卖。,因属中毒事件，无常规休药期概念，重点在于停止污染源、清除残留饲料并做好环境消毒。,"{""disease_name"": ""猪亚硝酸盐中毒"", ""severity"": ""高致死率急性中毒"", ""scene_tags"": [""育肥猪"", ""饲料污染"", ""急性缺氧"", ""血便""], ""validation_points"": [""症状符合急性亚硝酸盐中毒特征（突发呼吸困难、黏膜发绀、血便）"", ""有明确的可疑饲料更换史"", ""需要结合饲料、饮水及病料检测确认""], ""risk_flags"": [""疑似饲料源性中毒"", ""存在群体感染风险"", ""需及时停喂可疑饲料并送检""], ""case_type"": ""中毒处置边界"", ""target_disease"": ""猪亚硝酸盐中毒"", ""local_flags"": {""species_ok"": true, ""target_disease_in_diagnosis"": false, ""target_disease_mismatch"": true, ""contains_specific_dose"": false, ""contains_specific_withdrawal"": false, ""regulated_bad_treatment"": false}}",True,True,target_disease_in_diagnosis,target_disease_in_diagnosis,False,True,True,D:\XF-ChongQin\ai-\knowledge\llm_wiki_swine_authoritative,1465,887,"猪亚硝酸盐中毒
猪亚硝酸盐中毒、nitrite toxicosis
中毒处置边界
用户想知道是否继续饲喂可疑饲料、怎样送检饲料和病料。","{""HUMAN_REVIEWED"": 1, ""NEEDS_REVIEW"": 2, ""PROCESSED_SOURCE_ANCHORED"": 2}","[""SRC-0001"", ""SRC-0062"", ""SRC-0084"", ""SRC-0086""]",2152,29.82,ERNIE-4.5-Turbo-32K,92,28,18,24,22,False,False,"整体回答质量较高，诊断准确，逻辑清晰，处理方向安全，数据质量良好。诊断准确捕捉了急性亚硝酸盐中毒的症状和可疑饲料更换史，病理逻辑合理，处方安全且符合疾病特点，数据质量较高，无明显错误。
问题：diagnosis_accuracy: 诊断准确度较高，但未完全覆盖所有症状（如口吐白沫）与疾病的关联性说明。；pathology_logic: 病理逻辑合理，但未详细解释亚硝酸盐如何导致血便的机制。；prescription_safety: 处方安全，但未明确亚甲蓝的使用剂量和禁忌症。；data_quality: 数据质量良好，但采样建议中未提及采样数量和保存条件。",,,,,,,,,,False,,,,,92,28,18,24,22,reject,19.81,,
113c613d-bff9-54af-ad26-5c5f0407954b,73,猪有毒气体与通风失败损伤,swine_hunyuan_turbos,hunyuan-turbos-20250926,成功,,猪,我家有120头育肥猪，平均体重在80公斤左右，最近刚换了新一批玉米饲料，喂了两天后陆续有几头出现不吃料、精神沉郁、有的还呕吐，个别母猪有流产迹象，圈舍通风不太好，平时粪便清理不及时，想问问是不是饲料有问题还是别的原因？,结合现场情况，考虑为粪污分解产生的有毒气体（如氨气、硫化氢）积聚及通风不良导致的群体性中毒反应，同时需排除饲料霉菌毒素污染的可能。,立即改善圈舍通风，减少粪污堆积时间，暂停使用可疑饲料并封存样品送检；对出现症状的猪进行隔离观察，补充清洁饮水，必要时静脉补液支持；采集血液、组织样本送实验室检测毒物成分及饲料毒素含量；严禁在未明确原因前继续使用同批饲料。,因属环境暴露与潜在饲料毒素混合因素，无统一休药期，须根据检测结果确定受影响猪只的淘汰或恢复饲养方案。,"{""disease_name"": ""猪有毒气体与通风失败损伤"", ""severity"": ""中等至严重（视暴露浓度与持续时间而定）"", ""scene_tags"": [""群体暴露"", ""通风不良"", ""粪污气体"", ""饲料更换""], ""validation_points"": [""症状与有毒气体暴露一致（食欲下降、呕吐、流产）"", ""环境因素（通风差、粪污未及时清理）支持诊断"", ""需排除饲料霉菌毒素污染""], ""risk_flags"": [""群体健康风险"", ""潜在饲料安全事件""], ""case_type"": ""饲料中毒咨询"", ""target_disease"": ""猪有毒气体与通风失败损伤"", ""local_flags"": {""species_ok"": true, ""target_disease_in_diagnosis"": false, ""target_disease_mismatch"": true, ""contains_specific_dose"": false, ""contains_specific_withdrawal"": false, ""regulated_bad_treatment"": false}}",True,True,target_disease_in_diagnosis,target_disease_in_diagnosis,False,True,True,D:\XF-ChongQin\ai-\knowledge\llm_wiki_swine_authoritative,1465,887,"猪有毒气体与通风失败损伤
猪有毒气体与通风失败损伤、toxic gases ventilation failure
饲料中毒咨询
更换饲料或玉米批次后出现采食下降、呕吐、繁殖异常或神经症状，用户怀疑饲料问题。","{""HUMAN_REVIEWE"": 1, ""HUMAN_REVIEWED"": 1, ""NEEDS_REVIEW"": 2, ""PROCESSED_SOURCE_ANCHORED"": 1}","[""SRC-0001"", ""SRC-0007"", ""SRC-0041"", ""SRC-0086""]",2221,27.09,ERNIE-4.5-Turbo-32K,82,27,18,23,14,False,False,"整体诊断逻辑清晰，症状与环境因素匹配，处理方向安全合理，但数据质量方面存在部分不足，如未详细描述症状与疾病关联的细节。
问题：诊断准确性方面，虽然考虑了有毒气体暴露和饲料霉菌毒素污染，但未详细说明如何排除饲料霉菌毒素污染的具体依据，略显不足。；病理逻辑方面，对症状与有毒气体暴露的关联性描述不够深入，缺乏具体机制的解释。；数据质量方面，症状描述较为笼统，未详细记录每头猪的具体症状表现，且未提及环境中有毒气体的具体检测数据。；处方安全性方面整体合理，但未提及对无症状猪只的监测措施。",,,,,,,,,,False,,,,,82,27,18,23,14,reject,19.88,,
7675c43f-e8c4-563e-8c9d-9a6c1ca168d7,85,猪沙门氏菌病,swine_hunyuan_turbos,hunyuan-turbos-20250926,成功,,猪,我家有200头保育猪，现在60日龄左右，最近几天陆续出现采食量下降、精神沉郁的情况，部分猪拉黄绿色稀粪，个别还有轻微咳嗽，舍内通风一般，前几天刚换过饲料批次。想问问这是啥毛病，该怎么处理？,根据描述，保育猪在换料、通风不良等应激条件下出现采食下降、黄绿色稀便及轻度呼吸道症状，结合群体性发生特点，高度怀疑为猪沙门氏菌病（肠炎型为主，可能合并轻度败血倾向）。该病常在集约化保育猪群中因应激诱发，表现为急性或亚急性腹泻，严重时可伴发全身性感染。,立即将病猪与健康猪分栏隔离，加强保温并适当提高舍温以改善猪体感温度；改善通风与卫生条件，减少氨气浓度；暂停使用未经消毒的新饲料，改用易消化的优质饲料；采集新鲜粪便、血液及病死猪组织送实验室进行沙门氏菌分离鉴定及药敏试验；在未获得检测结果前，避免使用广谱抗生素以防耐药扩散；对严重病例可考虑在兽医指导下选用敏感抗菌药物控制继发感染；同时监测全群体温、采食量和粪便性状变化。,需依据最终实验室药敏结果确定具体药物及停药时间，严禁在检测结果明确前随意投喂抗生素。,"{""disease_name"": ""猪沙门氏菌病"", ""severity"": ""中等至重度（视是否并发败血症）"", ""scene_tags"": [""保育猪"", ""群体发病"", ""应激因素"", ""腹泻"", ""采食下降""], ""validation_points"": [""符合集约化保育猪群高发特征"", ""存在应激诱因（换料、通风差）"", ""临床表现与肠炎型沙门氏菌一致""], ""risk_flags"": [""可能发展为败血型沙门氏菌"", ""存在传播风险需隔离管理""], ""case_type"": ""保育猪群体发病"", ""target_disease"": ""猪沙门氏菌病"", ""local_flags"": {""species_ok"": true, ""target_disease_in_diagnosis"": true, ""target_disease_mismatch"": false, ""contains_specific_dose"": false, ""contains_specific_withdrawal"": false, ""regulated_bad_treatment"": false}}",False,False,,,True,False,False,D:\XF-ChongQin\ai-\knowledge\llm_wiki_swine_authoritative,1465,887,"猪沙门氏菌病
猪沙门氏菌病、salmonellosis
保育猪群体发病
群体发病、采食下降、粪便或呼吸道异常，用户想知道主要病因和下一步处理。","{""HUMAN_REVIEWED"": 3, ""NEEDS_REVIEW"": 2}","[""SRC-0001"", ""SRC-0006"", ""SRC-0073""]",2097,37.74,ERNIE-4.5-Turbo-32K,78,26,18,19,15,False,False,"整体回答较为合理，诊断方向与症状、场景匹配度较高，但存在部分细节需优化，如诊断逻辑的严谨性、处方安全性的细节处理及数据质量提升。
问题：诊断逻辑：虽提及应激诱因及群体性特征，但未完全排除其他类似疾病（如猪传染性胃肠炎、猪流行性腹泻等），缺乏对症状差异的对比分析。；处方安全性：建议暂停使用未经消毒的新饲料并改用易消化饲料合理，但未明确新饲料与疾病关联性及具体消毒措施；对严重病例选用敏感抗菌药物的建议缺乏具体药物名称及使用规范（如剂量、疗程），仅强调兽医指导，略显笼统。；数据质量：场景标签中“腹泻”“采食下降”等与用户查询一致，但未提及“咳嗽”这一呼吸道症状的关联性分析；风险标志中“可能发展为败血型沙门氏菌”未说明监测指标或预警信号。",,,,,,,,,,False,,,,,78,26,18,19,15,review,28.61,,
484c667b-65de-5339-84ae-c0226d490711,87,猪痢疾,swine_hunyuan_turbos,hunyuan-turbos-20250926,成功,,猪,我们场是200头基础母猪的自繁自养场，最近有3头怀孕90多天的母猪陆续流产，还有两头死胎，另外有两头后备母猪配种后一直返情。全场没有发热，但个别母猪精神稍差，采食量下降。之前用过替米考星拌料预防呼吸道病，现在这种情况会不会是传染病？还能继续配种吗？,根据描述，目前主要症状为妊娠中后期流产、死胎及部分母猪返情，未见明显全身感染表现，结合种猪场背景，应重点排查布鲁氏菌病、钩端螺旋体病、伪狂犬病、蓝耳病等可能导致繁殖障碍的传染病，同时考虑营养、应激等因素。当前信息不足以直接诊断为猪痢疾，因该病主要表现为腹泻而非流产。,建议立即采集流产胎儿、胎盘、血液及阴道分泌物送实验室检测，包括布鲁氏菌、钩端螺旋体、PRRSV、伪狂犬病毒等；对全群进行流行病学调查和环境消毒；暂停新配种计划直至病因明确；加强饲料营养与饮水卫生管理，减少应激；严禁使用未经检疫的公猪精液。,在病因未明前不建议销售或屠宰受影响猪只；若后续确诊为人畜共患病或重大动物疫病，须按主管部门规定执行封锁、扑杀、无害化处理等措施。,"{""disease_name"": ""繁殖障碍综合征（待查）"", ""severity"": ""中等至严重"", ""scene_tags"": [""种猪场"", ""流产"", ""死胎"", ""返情"", ""疑似传染病""], ""validation_points"": [""症状符合多种繁殖障碍性传染病特征"", ""无高热提示非急性全身性感染"", ""需实验室检测明确病因""], ""risk_flags"": [""可能为人兽共患病风险（如布鲁氏菌病）"", ""可能影响生产计划和经济效益""], ""case_type"": ""种猪繁殖障碍"", ""target_disease"": ""猪痢疾"", ""local_flags"": {""species_ok"": true, ""target_disease_in_diagnosis"": true, ""target_disease_mismatch"": false, ""contains_specific_dose"": false, ""contains_specific_withdrawal"": false, ""regulated_bad_treatment"": false}}",False,False,,,True,False,False,D:\XF-ChongQin\ai-\knowledge\llm_wiki_swine_authoritative,1465,887,"猪痢疾
猪痢疾、swine dysentery brachyspira hyodysenteriae、swine dysentery、Brachyspira
种猪繁殖障碍
种猪场出现流产、死胎、返情或公猪异常，用户担心传染病和是否继续配种。","{""HUMAN_REVIEWED"": 2}","[""SRC-0001"", ""SRC-0077""]",2221,31.16,ERNIE-4.5-Turbo-32K,65,20,15,15,15,False,False,"该回答在诊断准确性、病理逻辑、处方安全性和数据质量方面存在一定不足，但未涉及致命风险。回答未直接诊断为猪痢疾，而是考虑了多种繁殖障碍性传染病，符合症状描述，但未充分解释为何排除猪痢疾。处方建议合理，但缺乏针对性。数据质量方面，症状描述和场景标签较为准确，但未充分利用提供的信息。
问题：诊断准确性方面，未充分解释为何排除猪痢疾，尽管症状描述不支持该诊断，但缺乏详细分析。；病理逻辑方面，虽然考虑了多种繁殖障碍性传染病，但未明确说明这些疾病与症状之间的具体联系。；处方安全性方面，建议合理，但缺乏针对性，未根据具体可能的疾病提出更具体的处理措施。；数据质量方面，症状描述和场景标签较为准确，但未充分利用提供的信息，如猪场规模、用药历史等，来支持诊断和建议。",,,,,,,,,,False,,,,,65,20,15,15,15,review,21.52,,
135da2eb-201e-5768-95ff-39f687ac0777,91,猪布鲁氏菌病,swine_hunyuan_turbos,hunyuan-turbos-20250926,成功,,猪,我这边是200头规模的种猪场，最近有3头怀孕80多天的母猪陆续流产，还有一头公猪睾丸肿大、行动迟缓，之前没用过什么特殊疫苗，想问下是不是传染病？还能不能继续配种？,结合临床表现（妊娠中期流产、死胎、公猪睾丸炎），高度怀疑为猪布鲁氏菌感染所致繁殖障碍。该病可引起母猪流产、死胎、不孕及公猪附睾炎、睾丸炎，属人兽共患风险病原体，需进一步实验室确诊。,立即暂停场内所有配种操作，将疑似病例与健康猪群严格隔离；采集流产胎儿、胎盘、公猪精液等样本送具备资质的实验室进行布鲁氏菌血清学及病原核酸检测；对全场人员做好个人防护，防止接触感染组织液；在未排除前禁止出售种猪或精液；若确诊，应依据当地畜牧兽医主管部门要求进行扑杀和无害化处理，并对场地彻底消毒。,因涉及重大动物疫病和人兽共患风险，无常规休药期概念，须按官方扑杀和净化方案执行。,"{""disease_name"": ""猪布鲁氏菌病"", ""severity"": ""高"", ""scene_tags"": [""种猪场"", ""繁殖障碍"", ""流产"", ""公猪睾丸炎""], ""validation_points"": [""妊娠中后期流产符合布鲁氏菌特征性繁殖障碍"", ""公猪睾丸肿大提示附睾炎/睾丸炎"", ""需通过实验室检测确认病原""], ""risk_flags"": [""人兽共患风险"", ""重大动物疫病"", ""需隔离并上报""], ""case_type"": ""种猪繁殖障碍"", ""target_disease"": ""猪布鲁氏菌病"", ""local_flags"": {""species_ok"": true, ""target_disease_in_diagnosis"": false, ""target_disease_mismatch"": true, ""contains_specific_dose"": false, ""contains_specific_withdrawal"": false, ""regulated_bad_treatment"": false}}",True,True,target_disease_in_diagnosis,target_disease_in_diagnosis,False,True,True,D:\XF-ChongQin\ai-\knowledge\llm_wiki_swine_authoritative,1465,887,"猪布鲁氏菌病
猪布鲁氏菌病、brucella suis brucellosis、布鲁氏菌病、Brucella suis
种猪繁殖障碍
种猪场出现流产、死胎、返情或公猪异常，用户担心传染病和是否继续配种。","{""HUMAN_REVIEWED"": 2, ""NEEDS_REVIEW"": 2}","[""SRC-0001"", ""SRC-0060"", ""SRC-0061""]",2221,22.9,ERNIE-4.5-Turbo-32K,92,28,18,24,22,False,False,"该回答在诊断准确性、病理逻辑、处方安全性和数据质量方面表现良好，符合猪布鲁氏菌病的典型症状和诊断逻辑，处理方向安全且与疾病相互印证，无致命风险。
问题：诊断准确性方面，虽然高度怀疑猪布鲁氏菌病，但未明确提及需排除其他类似疾病（如猪伪狂犬病、猪细小病毒病等），可能影响诊断的全面性。；病理逻辑方面，对公猪睾丸炎的描述稍显简略，未详细说明其与布鲁氏菌病的关联机制。；数据质量方面，虽然场景标签和验证点较为全面，但风险标志中未明确提及“需上报”的具体部门或流程，可能影响实际操作的规范性。",,,,,,,,,,False,,,,,92,28,18,24,22,reject,15.01,,
82538987-3a6b-5f12-ad6e-d6cca695c4dc,93,猪环曲病毒/托克特诺病毒感染,swine_hunyuan_turbos,hunyuan-turbos-20250926,成功,,猪,我家是200头基础母猪的自繁自养场，最近一个月有7头怀孕90多天的母猪陆续流产，还有两头死胎，另外有两头配过一次没怀上又发情了。场内温度湿度正常，饲料一直用同一批，之前没用过疫苗。想问下是不是传染病？还能继续配种吗？,根据描述，流产、死胎及返情可能与多种因素相关，包括细菌性、病毒性、营养性或管理应激等。猪环曲病毒（TTSuV）在猪群中普遍存在，但目前无特异临床症状直接归因于其感染，且健康猪中也可检测到病毒DNA或抗体。因此，单凭临床表现无法确诊TTSuV为主要病因，需结合实验室检测排除其他已知致流产病原（如PRRSV、PCV2、布鲁氏菌等）。,treatment_direction: 针对当前情况，应首先进行病原学排查，采集流产胎儿、胎盘、血液及精液样本送实验室检测常见致流产病原，包括TTSuV、PRRSV、PCV2、细小病毒、乙脑病毒等。；management_measures: 暂停配种计划，对流产母猪进行隔离观察，加强产房和配种舍消毒，减少人员及器具交叉使用，防止潜在病原扩散。；sampling_and_testing: 建议采集流产胎儿组织、胎盘、母猪血清及公猪精液，检测TTSuV DNA/抗体及其他常见致流产病原核酸。；prohibited_boundaries: 在未明确病因前，不得盲目使用抗病毒药物或抗生素替代检测与隔离措施；若检出法定重大疫病（如非洲猪瘟），须立即按当地畜牧部门要求执行封锁、扑杀或无害化处理。,因未涉及特定药物治疗，暂无休药期要求；但若后续使用兽药，应依据药品说明书及国家规定执行。,"{""disease_name"": ""猪环曲病毒/托克特诺病毒感染"", ""severity"": ""中等（需进一步检测确认病因）"", ""scene_tags"": [""种猪场"", ""流产"", ""死胎"", ""返情"", ""繁殖障碍""], ""validation_points"": [""TTSuV在健康猪中可检出，无特异临床症状"", ""诊断依赖病毒DNA或抗体检测，无病毒分离方案"", ""需排除其他已知致流产病原""], ""risk_flags"": [""可能混合感染"", ""需实验室确诊"", ""重大疫病排查义务""], ""case_type"": ""种猪繁殖障碍"", ""target_disease"": ""猪环曲病毒/托克特诺病毒感染"", ""local_flags"": {""species_ok"": true, ""target_disease_in_diagnosis"": true, ""target_disease_mismatch"": false, ""contains_specific_dose"": false, ""contains_specific_withdrawal"": false, ""regulated_bad_treatment"": false}}",False,False,,,True,False,False,D:\XF-ChongQin\ai-\knowledge\llm_wiki_swine_authoritative,1465,887,"猪环曲病毒/托克特诺病毒感染
猪环曲病毒/托克特诺病毒感染、anelloviruses torque teno sus viruses、TTSuV、Torque teno sus virus
种猪繁殖障碍
种猪场出现流产、死胎、返情或公猪异常，用户担心传染病和是否继续配种。","{""HUMAN_REVIEWED"": 3}","[""SRC-0001"", ""SRC-0083""]",2221,37.31,ERNIE-4.5-Turbo-32K,78,25,18,20,15,False,False,"该回答对猪环曲病毒/托克特诺病毒感染的诊断、处理方向和安全措施进行了较为全面的分析，但存在诊断准确性、病理逻辑、数据质量等方面的不足，需进一步优化。
问题：诊断准确性方面，虽然提到了猪环曲病毒（TTSuV）在猪群中普遍存在且无特异临床症状，但未充分结合种猪繁殖障碍的场景特点，对其他可能致流产病原的排除分析不够深入，导致诊断准确性评分不高。；病理逻辑方面，回答中对于TTSuV与流产、死胎及返情之间的关联性分析不够充分，未明确阐述为何不能单凭临床表现确诊TTSuV为主要病因，病理逻辑不够严谨。；数据质量方面，回答中虽然提到了多种可能的致流产病原，但未给出具体的检测方法或参考依据，数据质量有待提升。；处理方向安全且与疾病相互印证方面，回答中的处理方向基本安全，但未充分体现与TTSuV感染的针对性处理措施，且对于后续配种计划的建议不够明确。",,,,,,,,,,False,,,,,78,25,18,20,15,review,23.6,,
04d79f32-6cf1-574b-a9ad-25a996e2335c,95,猪布尼亚病毒相关感染,swine_hunyuan_turbos,hunyuan-turbos-20250926,成功,,猪,我家有120头育肥猪，平均体重60公斤左右，最近一周陆续出现精神沉郁、食欲下降、体温升高到40℃左右的情况，个别猪呼吸稍快，粪便正常。之前用过替米考星拌料三天，效果不明显。请问这种情况是不是布尼亚病毒引起的？需要采哪些样品去化验？怎么判断是它而不是其他病毒？另外怕误诊耽误防控，有什么注意事项吗？,根据现有信息，无法确诊猪布尼亚病毒感染。该病在成年猪多为隐性感染，临床表现缺乏特异性，且目前尚无针对该病的特效治疗药物。需通过实验室检测排除口蹄疫、猪瘟、蓝耳病等常见病毒性疾病。,treatment_direction: 无特效抗病毒药物，主要采取支持疗法和对症处理，如改善饲养管理、保持圈舍通风干燥、减少应激。；management_measures: 立即隔离表现异常的个体，加强全群健康监测；暂停使用可能掩盖病情的药物；做好饮水和饲料卫生。；sampling_for_testing: 建议采集发病猪的血液（血清）、扁桃体组织及肺脏组织样本送具备资质的实验室进行PCR检测，同时做常规病毒筛查（如PRRSV、CSFV、PCV2等）。；prohibited_boundaries: 禁止将本病当作普通细菌病直接投喂抗生素；在未明确诊断前不得随意出售或调运动物。,因无特定药物治疗，不涉及具体休药期。若曾用抗生素，应遵守相应药物的停药期规定。,"{""disease_name"": ""猪布尼亚病毒相关感染"", ""severity"": ""中等"", ""scene_tags"": [""育肥猪"", ""发热"", ""食欲减退"", ""疑似病毒性感染""], ""validation_points"": [""成年猪布尼亚病毒感染多呈隐性，症状非特异性"", ""需实验室检测排除其他高致病性病毒"", ""无特效治疗，重在管理与监测""], ""risk_flags"": [""需实验室确诊"", ""存在误诊风险"", ""涉及潜在重大疫病排查""], ""case_type"": ""采样送检咨询"", ""target_disease"": ""猪布尼亚病毒相关感染"", ""local_flags"": {""species_ok"": true, ""target_disease_in_diagnosis"": false, ""target_disease_mismatch"": true, ""contains_specific_dose"": false, ""contains_specific_withdrawal"": false, ""regulated_bad_treatment"": false}}",True,True,target_disease_in_diagnosis,target_disease_in_diagnosis,False,True,True,D:\XF-ChongQin\ai-\knowledge\llm_wiki_swine_authoritative,1465,887,"猪布尼亚病毒相关感染
猪布尼亚病毒相关感染、bunyaviruses akabane lumbo oya tahyna
采样送检咨询
用户描述症状后，重点询问采什么样品、如何判断和如何避免误治。","{""HUMAN_REVIEWED"": 2, ""NEEDS_REVIEW"": 2}","[""SRC-0001"", ""SRC-0033""]",2221,34.51,ERNIE-4.5-Turbo-32K,75,25,18,20,12,False,False,"整体回答较为全面，诊断方向合理，但存在部分细节不足和逻辑不够严谨的问题。诊断准确性较高，但病理逻辑和处方安全性方面有提升空间，数据质量一般。
问题：诊断部分未充分解释为何无法确诊猪布尼亚病毒感染，仅提到成年猪多为隐性感染，缺乏对症状与疾病关联性的深入分析。；病理逻辑部分未明确说明为何需要排除口蹄疫、猪瘟、蓝耳病等，未详细阐述这些疾病与当前症状的相似性和差异性。；处方安全性部分提到的支持疗法和对症处理较为笼统，未具体说明如何改善饲养管理和减少应激的具体措施。；采样建议部分较为合理，但未提及采样时的生物安全措施。；数据质量方面，场景标签和验证点较为全面，但风险标志部分未充分体现人兽共患风险或其他潜在风险。；未提及猪布尼亚病毒的人兽共患风险，存在潜在信息遗漏。",,,,,,,,,,False,,,,,75,25,18,20,12,reject,22.86,,
64805987-78e4-5fe0-9a49-07317d8f5dc5,99,猪血凝性脑脊髓炎,swine_hunyuan_turbos,hunyuan-turbos-20250926,成功,,猪,我家是300头基础母猪的种猪场，最近有3头怀孕90多天的母猪陆续流产，还有一头公猪精神差、采食下降，精液稀薄。之前没做过疫苗，场内通风一般，温度偏高。想问下是不是传染病？还能不能继续配种？,根据描述，妊娠中后期流产、死胎及公猪精液质量下降提示可能存在病毒性繁殖障碍。猪血凝性脑脊髓炎病毒虽多见于仔猪神经症状，但在特定条件下也可引起母猪繁殖障碍，包括流产、死胎等。此外，还需排查猪繁殖与呼吸综合征、伪狂犬病、细小病毒病等常见繁殖障碍病因。建议结合实验室检测明确病原。,treatment_direction: 目前无特效抗病毒药物，重点在于控制传染源和防止扩散。对流产母猪及时清理并无害化处理，公猪暂停配种直至康复。加强圈舍通风降温，减少应激。；management_measures: 立即隔离流产母猪和异常公猪，限制人员、工具流动；全场消毒，尤其是产房和配种区域；调整饲养密度和通风条件，降低热应激。；sampling_and_testing: 采集流产胎儿组织、胎盘、公猪血液及精液送实验室进行病原PCR检测，同时检测PRRSV、伪狂犬病毒、细小病毒等常见繁殖障碍病原。；prohibited_boundaries: 严禁将流产母猪及其后代作为商品猪出售或转场；禁止未经检测的公猪参与配种；发现可疑重大疫病须按当地畜牧部门规定上报。,因属病毒感染，无药物休药期概念，但应依据检测结果和官方指导确定恢复配种时间。,"{""disease_name"": ""猪血凝性脑脊髓炎"", ""severity"": ""中等至严重（视病原检测结果而定）"", ""scene_tags"": [""种猪场"", ""繁殖障碍"", ""流产"", ""公猪异常""], ""validation_points"": [""妊娠中后期流产符合病毒性繁殖障碍特征"", ""公猪精液质量下降提示生殖系统受累"", ""环境因素（高温、通风不良）可能加重应激""], ""risk_flags"": [""潜在传染性"", ""影响繁殖性能"", ""需实验室确诊""], ""case_type"": ""种猪繁殖障碍"", ""target_disease"": ""猪血凝性脑脊髓炎"", ""local_flags"": {""species_ok"": true, ""target_disease_in_diagnosis"": true, ""target_disease_mismatch"": false, ""contains_specific_dose"": false, ""contains_specific_withdrawal"": false, ""regulated_bad_treatment"": false}}",False,False,,,True,False,False,D:\XF-ChongQin\ai-\knowledge\llm_wiki_swine_authoritative,1465,887,"猪血凝性脑脊髓炎
猪血凝性脑脊髓炎、hemagglutinating encephalomyelitis virus
种猪繁殖障碍
种猪场出现流产、死胎、返情或公猪异常，用户担心传染病和是否继续配种。","{""HUMAN_REVIEWED"": 3, ""NEEDS_REVIEW"": 2}","[""SRC-0001"", ""SRC-0025"", ""SRC-0035"", ""SRC-0037""]",2186,31.9,ERNIE-4.5-Turbo-32K,72,22,16,19,15,False,False,"测试数据整体表现中等，诊断准确性、病理逻辑、处方安全性和数据质量均有一定提升空间，但未发现致命风险。
问题：诊断准确性方面，虽然考虑了猪血凝性脑脊髓炎病毒，但未充分排除其他常见繁殖障碍疾病，如猪繁殖与呼吸综合征、伪狂犬病等，且未明确说明猪血凝性脑脊髓炎病毒引起母猪繁殖障碍的罕见性。；病理逻辑方面，对猪血凝性脑脊髓炎病毒引起母猪繁殖障碍的病理机制解释不够充分，缺乏具体证据支持。；处方安全性方面，虽然提出了控制传染源和防止扩散的措施，但未针对猪血凝性脑脊髓炎病毒提出具体的治疗或预防方案，且对公猪暂停配种的时间未给出明确建议。；数据质量方面，场景描述和用户查询较为详细，但诊断过程中的信息整合和逻辑推理有待加强，部分信息表述不够准确或完整。",,,,,,,,,,False,,,,,72,22,16,19,15,review,21.02,,
