entity_id,entity_name,entity_type,query,title,url,summary,doc_date,channel,file_type,source_site,api_attachments,score,matched_terms,error
MANUAL-001,吡喹酮,drug,吡喹酮公告,中华人民共和国农业农村部公告第995号,https://www.moa.gov.cn/govpublic/xmsyj/202602/t20260204_6481296.htm,米尔贝肟吡喹酮片...,2026-02-04,政策,html,www.moa.gov.cn,"{""https://www.moa.gov.cn/govpublic/xmsyj/202602/P020260330510774656990.ofd"": ""农业农村部公告 第995号.ofd""}",46,entity_in_summary;suffix:公告;priority_channel;has_api_attachments,
MANUAL-001,吡喹酮,drug,吡喹酮公告,中华人民共和国农业农村部公告 第994号,https://www.moa.gov.cn/govpublic/xmsyj/202602/t20260206_6481393.htm,米尔贝肟吡喹酮咀嚼片...,2026-02-06,政策,html,www.moa.gov.cn,"{""https://www.moa.gov.cn/govpublic/xmsyj/202602/P020260206379347166920.pdf"": ""说明书和标签.pdf""}",46,entity_in_summary;suffix:公告;priority_channel;has_api_attachments,
MANUAL-001,吡喹酮,drug,吡喹酮公告,中华人民共和国农业农村部公告 第1000号,https://www.moa.gov.cn/govpublic/xmsyj/202603/t20260310_6482125.htm,吡喹酮滴剂...,2026-03-10,政策,html,www.moa.gov.cn,"{""https://www.moa.gov.cn/govpublic/xmsyj/202603/P020260401325510382254.ofd"": ""农业农村部公告 第1000号.ofd""}",46,entity_in_summary;suffix:公告;priority_channel;has_api_attachments,
MANUAL-001,吡喹酮,drug,吡喹酮公告,农业农村部办公厅关于2025年第四期兽药质量监督抽检情况的通报,https://www.moa.gov.cn/govpublic/xmsyj/202601/t20260122_6480955.htm,吡喹酮片...,2026-01-22,政策,html,www.moa.gov.cn,{},38,entity_in_summary;suffix:兽药;priority_channel,
MANUAL-001,吡喹酮,drug,吡喹酮公告,中华人民共和国农业农村部公告 第782号,https://www.moa.gov.cn/govpublic/xmsyj/202404/t20240428_6454594.htm,批准勃林格殷格翰动物保健有限公司法国吐鲁兹生产厂生产的复方非泼罗尼吡喹酮滴剂在我国变更注册...,2024-04-28,政策,html,www.moa.gov.cn,"{""https://www.moa.gov.cn/govpublic/xmsyj/202404/P020240510589986081347.ofd"": ""中华人民共和国农业农村部公告 第782号.ofd""}",46,entity_in_summary;suffix:公告;priority_channel;has_api_attachments,
MANUAL-001,吡喹酮,drug,吡喹酮公告,中华人民共和国农业农村部公告 第440号,https://www.moa.gov.cn/govpublic/xmsyj/202107/t20210702_6370863.htm,特此公告...,2021-07-02,政策,html,www.moa.gov.cn,"{""https://www.moa.gov.cn/govpublic/xmsyj/202107/P020210702367616213777.ofd"": ""农业农村部公告 第440号.ofd""}",-14,entity_not_found;suffix:公告;priority_channel;has_api_attachments,
MANUAL-001,吡喹酮,drug,吡喹酮公告,中华人民共和国农业农村部公告 第461号,https://www.moa.gov.cn/govpublic/xmsyj/202108/t20210827_6375084.htm,农业农村部公告第192号...,2021-08-27,政策,html,www.moa.gov.cn,"{""https://www.moa.gov.cn/govpublic/xmsyj/202108/P020210827576729870530.ofd"": ""第四批比对试验目录.ofd""}",-14,entity_not_found;suffix:公告;priority_channel;has_api_attachments,
MANUAL-001,吡喹酮,drug,吡喹酮公告,中华人民共和国农业农村部公告 第838号,https://www.moa.gov.cn/govpublic/xmsyj/202410/t20241031_6465447.htm,批准勃林格殷格翰动物保健有限公司法国吐鲁兹生产厂生产的复方非泼罗尼吡喹酮滴剂在我国变更注册...,2024-10-31,政策,html,www.moa.gov.cn,"{""https://www.moa.gov.cn/govpublic/xmsyj/202410/P020241111552329286143.ofd"": ""中华人民共和国农业农村部公告 第838号.ofd""}",46,entity_in_summary;suffix:公告;priority_channel;has_api_attachments,
MANUAL-001,吡喹酮,drug,吡喹酮禁用,兽药国家标准和部分品种的停药期规定,http://www.moa.gov.cn/gk/tzgg_1/gg/200306/t20030611_90514.htm,中华人民共和国农业部公告 第278号 为加强兽药使用管理 保证动物性产品质量安全 根据 兽药管理条例 规定 我部组织制订了兽药国家标准和专业标准中部分品种的停药期规定 附件1 并确定了部分不需制订停药期规定的品种 附件2 现予公告 本公告自发布之日起执行 以前发布过的与本公告同品种兽药停药期不一致的 以本公告为准 附件1 兽药停药期规定 附件2 不需制订停药期的兽药品种 二 三年五月二十二日 附件1 停药期规定 兽药名称 执行标准 停药期 1 乙酰甲喹片 兽药规范92版 牛 猪35日 2 二氢吡...,2003-05-22,公开,html,www.moa.gov.cn,{},-22,entity_not_found;suffix:兽药;priority_channel,
MANUAL-001,吡喹酮,drug,吡喹酮限用,附件.doc,http://www.moa.gov.cn/govpublic/xmsyj/202208/P020220829568341019711.doc,,2022-08-29,政策,word,www.moa.gov.cn,{},-40,entity_not_found;priority_channel,
MANUAL-001,吡喹酮,drug,吡喹酮限用,中华人民共和国农业农村部公告第461号,https://www.moa.gov.cn/nybgb/2021/202109/202112/t20211201_6383467.htm,据《兽药管理条例》《兽药产品批准文号管理办法》有关规定，我部组织制定了《实行比对试验的兽药品种目录（第四批）》及相关要求，现予发布，自发布之日起执行。 特此公告。 附件：实行比对试验的兽药品种目录（第四批）及有关要求 农业农村部 2021年8月27日 附件 实行比对试验的兽药品种目录（第四批）及有关要求 一、进口兽药产品 序号 兽药名称 生产厂名称 公告号 血药法（BE）...,2021-12-01,公开,html,www.moa.gov.cn,{},-22,entity_not_found;suffix:公告;priority_channel,
MANUAL-001,吡喹酮,drug,吡喹酮限用,附件2.注销的兽药产品批准文号（企业申请注销兽药生产许可证）.docx,http://www.moa.gov.cn/govpublic/xmsyj/202105/P020210513375610553612.docx,注销的兽药产品批准文号 企业申请注销兽药生产许可证 序号 企业名称 通用名称 规格 商品名 批准文号 1 北京帕尔阳光科技开发有限公司 浓戊二醛溶液 水产用 20 g g 无 兽药字010229073 2 北京帕尔阳光科技开发有限公司 地克珠利预混剂 水产用 100g 0 5g 无 兽药字010229009 3 北京帕尔阳光科技开发有限公司 甲苯咪唑溶液 水产用 100g 10g 无 兽药字010229034 4 北京帕尔阳光科技开发有限公司 氟苯尼考粉 水产用 50g 5g 无 兽药字0102...,2021-05-13,政策,word,www.moa.gov.cn,{},-19,entity_not_found;suffix:兽药|批准文号;priority_channel,
MANUAL-001,吡喹酮,drug,吡喹酮限用,中华人民共和国农业农村部公告第306号,http://www.moa.gov.cn/nybgb/2020/202007/202008/t20200810_6350138.htm,根据 兽药管理条例 兽药产品批准文号管理办法 有关规定 应企业申请 注销乾元浩生物股份有限公司南京生物药厂等11家生产企业布氏菌病活疫苗等21个兽药产品批准文号 因 兽药生产许可证 注销 企业迁址停止兽药生产等原因 注销哈尔滨生物制品二厂有限责任公司等8家生产企业所有兽药产品批准文号 自发布之日起执行 一 应企业申请注销的兽药产品批准文号目录 序号 企业名称 通用名称 规格 商品名 批准文号 1 乾元浩生物股份有限公司南京生物药厂 布氏菌病活疫苗 S2株 40头份 瓶 80头份 瓶 160...,2020-08-10,公开,html,www.moa.gov.cn,{},-22,entity_not_found;suffix:公告;priority_channel,
MANUAL-001,吡喹酮,drug,吡喹酮限用,附件2.xlsx,https://www.moa.gov.cn/govpublic/SYJ/201902/P020190202551204056267.xlsx,附件2 注销的兽药产品批准文号目录 依企业申请 序号 生产企业名称 兽药通用名称 规格 兽药产品批准文号 1 北京帕尔阳光科技开发有限公司 三氯异氰脲酸粉 按有效氯 cl 计算52 兽药字 2014 010222004 2 北京帕尔阳光科技开发有限公司 苯扎溴铵溶液 水产用 20 兽药字 2014 010229004 3 北京帕尔阳光科技开发有限公司 三氯异氰脲酸粉 水产用 30 有效氯 兽药字 2014 010229062 4 北京帕尔阳光科技开发有限公司 扶正解毒散 水产用 兽药字 2014...,2019-02-02,政策,excel,www.moa.gov.cn,{},-40,entity_not_found;priority_channel,
MANUAL-001,吡喹酮,drug,吡喹酮限用,中华人民共和国农业农村部公告第440号,https://www.moa.gov.cn/nybgb/2021/202107/202111/t20211103_6381169.htm,据《兽药管理条例》和《兽药注册办法》规定，经审查，批准法国维克有限公司生产的米尔贝肟喹酮片（猫用）等2种兽药产品在我国注册，核发《进口兽药注册证书》，并发布产品质量标准、说明书和标签，自发布之日起执行。 批准德国弗里索伊特兽医制药股份有限公司生产的氯前列醇钠注射液在我国再注册及变更注册，核发《进口兽药注册证书》，并发布修订后的产品质量标准、说明书和标签，自发布之日起执行。此前发布的该产品质量标准、说明书和标签同时废止。...,2021-11-03,公开,html,www.moa.gov.cn,{},-22,entity_not_found;suffix:公告;priority_channel,
MANUAL-001,吡喹酮,drug,吡喹酮兽药,中华人民共和国农业农村部公告 第850号,https://www.moa.gov.cn/govpublic/xmsyj/202412/t20241204_6467420.htm,据《兽药管理条例》和《兽药注册办法》规定，经审查，批准普莱柯生物工程股份有限公司等15家单位申报的禽腺病毒（I群，4型）亚单位疫苗（BL21（DE3）-Fiber-2株）等4种兽药产品为新兽药，核发《新兽药注册证书》，发布产品工艺规程、质量标准、说明书和标签，自发布之日起执行。...,2024-12-04,政策,html,www.moa.gov.cn,"{""https://www.moa.gov.cn/govpublic/xmsyj/202412/P020241204342632285621.pdf"": ""说明书和标签.pdf""}",-14,entity_not_found;suffix:公告;priority_channel;has_api_attachments,
MANUAL-001,吡喹酮,drug,吡喹酮兽药,公告附件20120119.doc,http://www.moa.gov.cn/govpublic/SYJ/201202/P020120210362838923252.doc,等4种兽药产品...,2012-02-10,政策,word,www.moa.gov.cn,{},-22,entity_not_found;suffix:公告;priority_channel,
MANUAL-001,吡喹酮,drug,吡喹酮兽药,中华人民共和国农业农村部公告 第805号,https://www.moa.gov.cn/govpublic/xmsyj/202407/t20240710_6458778.htm,据《兽药管理条例》和《兽药注册办法》规定，经审查，批准英特威国际有限公司生产的猪圆环病毒2型、猪肺炎支原体二联灭活疫苗（重组杆状病毒BacPCV2-Orf2株+J株）在我国注册，核发《进口兽药注册证书》，并发布上述兽药质量标准、说明书和标签，自发布之日起执行。...,2024-07-10,政策,html,www.moa.gov.cn,"{""https://www.moa.gov.cn/govpublic/xmsyj/202407/P020240716522116161725.ofd"": ""中华人民共和国农业农村部公告 第805号.ofd""}",-14,entity_not_found;suffix:公告;priority_channel;has_api_attachments,
MANUAL-001,吡喹酮,drug,吡喹酮兽药,中华人民共和国农业部公告 第2272号,https://www.moa.gov.cn/govpublic/SYJ/201507/t20150714_4745005.htm,据《兽药管理条例》和《兽药注册办法》规定，经审查，批准浙江海正动物保健品有限公司等13家单位申报的米尔贝肟吡喹酮片等3种兽药产品为新兽药，现核发《新兽药注册证书》，并发布产品质量标准、说明书和标签，自发布之日起执行。...,2015-07-14,政策,html,www.moa.gov.cn,"{""https://www.moa.gov.cn/govpublic/SYJ/201507/P020150906590375535814.doc"": ""公告附件（2272号）.doc"", ""https://www.moa.gov.cn/govpublic/SYJ/201507/P020150906581821416950.ceb"": ""农业部公告2272带红头.ceb""}",46,entity_in_summary;suffix:公告;priority_channel;has_api_attachments,
MANUAL-001,吡喹酮,drug,吡喹酮兽药,附件3.注销的兽药产品批准文号（企业迁址重建）.docx,http://www.moa.gov.cn/govpublic/xmsyj/202105/P020210513375610804259.docx,注销的兽药产品批准文号...,2021-05-13,政策,word,www.moa.gov.cn,{},-19,entity_not_found;suffix:兽药|批准文号;priority_channel,
MANUAL-001,吡喹酮,drug,吡喹酮兽药,农业部公告第1593号,https://www.moa.gov.cn/govpublic/SYJ/201106/t20110614_2029399.htm,"据《兽药生产质量管理规范》规定,依照《兽药生产质量管理规范检查验收办法》，经现场检查及审核，现批准上海嘉一精细化工有限公司等16家兽药生产企业为兽药GMP企业，重庆市信心农牧科技有限公司等23家兽药生产企业通过兽药GMP复验，并核发《兽药GMP证书》（见附件）。...",2011-06-09,公开,html,www.moa.gov.cn,"{""https://www.moa.gov.cn/govpublic/SYJ/201106/P020110614404548133736.ceb"": ""公告1593.CEB""}",-14,entity_not_found;suffix:公告;priority_channel;has_api_attachments,
MANUAL-001,吡喹酮,drug,吡喹酮质量标准,说明书和标签,http://www.moa.gov.cn/gk/tzgg_1/gg/201704/P020170407380969356531.doc,,2017-04-06,公开,word,www.moa.gov.cn,{},-22,entity_not_found;suffix:说明书;priority_channel,
MANUAL-002,烯丙孕素,drug,烯丙孕素公告,中华人民共和国农业农村部公告 第1011号,https://www.moa.gov.cn/govpublic/xmsyj/202604/t20260416_6483273.htm,烯丙孕素内服溶液...,2026-04-16,政策,html,www.moa.gov.cn,"{""https://www.moa.gov.cn/govpublic/xmsyj/202604/P020260416314446595047.pdf"": ""说明书和标签.pdf""}",46,entity_in_summary;suffix:公告;priority_channel;has_api_attachments,
MANUAL-002,烯丙孕素,drug,烯丙孕素公告,中华人民共和国农业农村部公告 第972号,https://www.moa.gov.cn/govpublic/xmsyj/202512/t20251211_6479633.htm,烯丙孕素内服...,2025-12-11,政策,html,www.moa.gov.cn,"{""https://www.moa.gov.cn/govpublic/xmsyj/202512/P020260130310706037324.pdf"": ""972号说明书和标签.pdf""}",46,entity_in_summary;suffix:公告;priority_channel;has_api_attachments,
MANUAL-002,烯丙孕素,drug,烯丙孕素公告,中华人民共和国农业部公告 第2653号,https://www.moa.gov.cn/govpublic/SYJ/201802/t20180222_6137262.htm,特此公告...,2018-02-22,政策,html,www.moa.gov.cn,"{""https://www.moa.gov.cn/govpublic/SYJ/201802/P020180222565326444254.ceb"": ""公告2653.ceb"", ""https://www.moa.gov.cn/govpublic/SYJ/201802/P020180222565326757407.doc"": ""说明书和标签.doc""}",-14,entity_not_found;suffix:公告;priority_channel;has_api_attachments,
MANUAL-002,烯丙孕素,drug,烯丙孕素公告,中华人民共和国农业农村部公告 第805号,https://www.moa.gov.cn/govpublic/xmsyj/202407/t20240710_6458778.htm,批准法国诗华动物保健公司生产的烯丙孕素内服溶液在我国变更注册...,2024-07-10,政策,html,www.moa.gov.cn,"{""https://www.moa.gov.cn/govpublic/xmsyj/202407/P020240716522116161725.ofd"": ""中华人民共和国农业农村部公告 第805号.ofd""}",46,entity_in_summary;suffix:公告;priority_channel;has_api_attachments,
MANUAL-002,烯丙孕素,drug,烯丙孕素公告,中华人民共和国农业农村部公告 第518号,https://www.moa.gov.cn/govpublic/xmsyj/202201/t20220117_6386978.htm,13家单位申报的烯丙孕素内服溶液等5种兽药产品变更注册...,2022-01-17,政策,html,www.moa.gov.cn,"{""https://www.moa.gov.cn/govpublic/xmsyj/202201/P020220121388247874536.ofd"": ""农业农村部公告518.ofd"", ""https://www.moa.gov.cn/govpublic/xmsyj/202201/P020220117344515360989.doc"": ""说明书和标签.doc""}",46,entity_in_summary;suffix:公告;priority_channel;has_api_attachments,
MANUAL-002,烯丙孕素,drug,烯丙孕素公告,中华人民共和国农业农村部公告 第502号,https://www.moa.gov.cn/govpublic/xmsyj/202112/t20211217_6384961.htm,批准法国诗华动物保健公司等2家公司生产的烯丙孕素内服溶液等2种兽药产品在我国变更注册...,2021-12-17,政策,html,www.moa.gov.cn,"{""https://www.moa.gov.cn/govpublic/xmsyj/202112/P020211217388307663095.ofd"": ""中华人民共和国农业农村部公告 第502号.ofd""}",46,entity_in_summary;suffix:公告;priority_channel;has_api_attachments,
MANUAL-002,烯丙孕素,drug,烯丙孕素公告,中华人民共和国农业农村部公告 第463号,https://www.moa.gov.cn/govpublic/xmsyj/202108/t20210831_6375310.htm,批准宁波三生生物科技股份有限公司申报的烯丙孕素内服溶液变更注册...,2021-08-31,政策,html,www.moa.gov.cn,"{""https://www.moa.gov.cn/govpublic/xmsyj/202108/P020210831553748459605.doc"": ""说明书和标签.doc""}",46,entity_in_summary;suffix:公告;priority_channel;has_api_attachments,
MANUAL-002,烯丙孕素,drug,烯丙孕素公告,中华人民共和国农业农村部公告 第415号,https://www.moa.gov.cn/govpublic/xmsyj/202104/t20210423_6366495.htm,批准英特威国际有限公司法国厂等2家公司生产的烯丙孕素内服溶液等2个兽药产品在我国注册...,2021-04-23,政策,html,www.moa.gov.cn,"{""https://www.moa.gov.cn/govpublic/xmsyj/202104/P020210423603669459941.ofd"": ""农业农村部公告 第415号.ofd""}",46,entity_in_summary;suffix:公告;priority_channel;has_api_attachments,
MANUAL-002,烯丙孕素,drug,烯丙孕素兽药,中华人民共和国农业农村部公告 第145号,http://www.moa.gov.cn/nybgb/2019/0201903/201905/t20190525_6315387.htm,兽药管理条例...,2019-03-20,公开,html,www.moa.gov.cn,{},-22,entity_not_found;suffix:公告;priority_channel,
MANUAL-002,烯丙孕素,drug,烯丙孕素兽药,中华人民共和国农业农村部公告 第101号,http://www.moa.gov.cn/nybgb/2019/201901/201905/t20190503_6288230.htm,批准中国农业科学院兰州兽医研究所等7家单位申报的口蹄疫O型病毒抗体胶体金检测试纸条等5种兽药产品为新兽药...,2019-01-20,公开,html,www.moa.gov.cn,{},-22,entity_not_found;suffix:公告;priority_channel,
MANUAL-002,烯丙孕素,drug,烯丙孕素兽药,中华人民共和国农业农村部公告 第186号,http://www.moa.gov.cn/nybgb/2019/201907/202001/t20200106_6334374.htm,双氯芬酸钠注射液等5种兽药产品说明书和标签...,2020-01-06,公开,html,www.moa.gov.cn,{},-22,entity_not_found;suffix:公告;priority_channel,
MANUAL-002,烯丙孕素,drug,烯丙孕素兽药,中华人民共和国农业农村部公告第223号,http://www.moa.gov.cn/nybgb/2019/201911/202001/t20200110_6334741.htm,兽药管理条例...,2020-01-10,公开,html,www.moa.gov.cn,{},-22,entity_not_found;suffix:公告;priority_channel,
MANUAL-002,烯丙孕素,drug,烯丙孕素兽药,说明书和标签.doc,http://www.moa.gov.cn/govpublic/xmsyj/201907/P020190704374426401990.doc,双氯芬酸钠注射液等5种兽药产品说明书和标签...,2019-07-04,政策,word,www.moa.gov.cn,{},-22,entity_not_found;suffix:说明书;priority_channel,
MANUAL-003,阿米卡星,drug,阿米卡星公告,中华人民共和国农业农村部公告 第56号,http://www.moa.gov.cn/nybgb/2018/201809/201810/t20181023_6161330.htm,特此公告...,2018-09-20,公开,html,www.moa.gov.cn,{},-22,entity_not_found;suffix:公告;priority_channel,
MANUAL-003,阿米卡星,drug,阿米卡星公告,浙江省淡水所承担的农业标准化重点研究项目通过验收,https://yyj.moa.gov.cn/fzgh/201904/t20190419_6208974.htm,制定了阿米卡星的休药期...,2011-12-12,新闻,html,yyj.moa.gov.cn,{},10,entity_in_summary,
MANUAL-003,阿米卡星,drug,阿米卡星公告,附件5.doc,http://www.moa.gov.cn/gk/tzgg_1/gg/200607/P020060704524370925698.doc,硫酸阿米卡星...,2006-06-10,公开,word,www.moa.gov.cn,{},20,entity_in_summary;priority_channel,
MANUAL-003,阿米卡星,drug,阿米卡星公告,附件3 合法企业确认的假兽药汇总表.doc,http://www.moa.gov.cn/gk/tzgg_1/tfw/201212/P020121212548181579212.doc,硫酸阿米卡星注射液...,2012-12-04,公开,word,www.moa.gov.cn,{},38,entity_in_summary;suffix:兽药;priority_channel,
MANUAL-003,阿米卡星,drug,阿米卡星公告,附件1-1 国家不合格产品汇总表.doc,http://www.moa.gov.cn/gk/tzgg_1/tz/201109/P020110907563266187361.doc,阿米卡星...,2011-09-07,公开,word,www.moa.gov.cn,{},20,entity_in_summary;priority_channel,
MANUAL-004,双甲脒,drug,双甲脒公告,农业农村部办公厅关于2026年第一期兽药质量监督抽检情况的通报,https://www.moa.gov.cn/govpublic/xmsyj/202603/t20260323_6482526.htm,双甲脒溶液...,2026-03-23,政策,html,www.moa.gov.cn,{},38,entity_in_summary;suffix:兽药;priority_channel,
MANUAL-004,双甲脒,drug,双甲脒公告,农业农村部办公厅关于2025年第四期兽药质量监督抽检情况的通报,https://www.moa.gov.cn/govpublic/xmsyj/202601/t20260122_6480955.htm,双甲脒溶液...,2026-01-22,政策,html,www.moa.gov.cn,{},38,entity_in_summary;suffix:兽药;priority_channel,
MANUAL-004,双甲脒,drug,双甲脒公告,中华人民共和国农业农村部公告 第601号,https://www.moa.gov.cn/govpublic/xmsyj/202209/t20220922_6411336.htm,中第28条非泼罗尼甲氧普烯双甲脒滴剂...,2022-09-22,政策,html,www.moa.gov.cn,"{""https://www.moa.gov.cn/govpublic/xmsyj/202209/P020220922391126157225.ofd"": ""中华人民共和国农业农村部公告 第601号.ofd""}",46,entity_in_summary;suffix:公告;priority_channel;has_api_attachments,
MANUAL-004,双甲脒,drug,双甲脒公告,中华人民共和国农业部公告 第1987号,https://www.moa.gov.cn/govpublic/SYJ/201309/t20130912_3604247.htm,批准梅里亚有限公司等2家公司申请的非泼罗尼甲氧普烯双甲脒滴剂等4种兽药产品在我国注册...,2013-09-12,政策,html,www.moa.gov.cn,"{""https://www.moa.gov.cn/govpublic/SYJ/201309/P020130927337883478575.ceb"": ""公告第1987.ceb""}",46,entity_in_summary;suffix:公告;priority_channel;has_api_attachments,
MANUAL-004,双甲脒,drug,双甲脒公告,中华人民共和国农业农村部公告 第688号,https://www.moa.gov.cn/govpublic/xmsyj/202307/t20230727_6433060.htm,同意注销其所属英特威国际有限公司取得的双甲脒溶液...,2023-07-27,政策,html,www.moa.gov.cn,"{""https://www.moa.gov.cn/govpublic/xmsyj/202307/P020230727595971220554.ofd"": ""公告688.ofd""}",46,entity_in_summary;suffix:公告;priority_channel;has_api_attachments,
MANUAL-004,双甲脒,drug,双甲脒公告,中华人民共和国农业农村部公告 第355号,https://www.moa.gov.cn/govpublic/xmsyj/202011/t20201113_6356251.htm,双甲脒溶液Amitraz...,2020-11-13,政策,html,www.moa.gov.cn,"{""https://www.moa.gov.cn/govpublic/xmsyj/202011/P020201113393650825658.ofd"": ""公告355号.ofd""}",46,entity_in_summary;suffix:公告;priority_channel;has_api_attachments,
MANUAL-004,双甲脒,drug,双甲脒公告,农业农村部办公厅关于2019年畜禽及蜂产品兽药残留监控结果的通报,https://www.moa.gov.cn/govpublic/xmsyj/202003/t20200331_6340273.htm,双甲脒及其代谢物...,2020-03-31,政策,html,www.moa.gov.cn,"{""https://www.moa.gov.cn/govpublic/xmsyj/202003/P020200331353949093130.doc"": ""兽药残留检测结果通报.doc""}",46,entity_in_summary;suffix:兽药;priority_channel;has_api_attachments,
MANUAL-004,双甲脒,drug,双甲脒公告,中华人民共和国农业部公告 第2549号,https://www.moa.gov.cn/govpublic/SYJ/201707/t20170718_5752262.htm,双甲脒项圈...,2017-07-18,政策,html,www.moa.gov.cn,"{""https://www.moa.gov.cn/govpublic/SYJ/201707/P020170718353760584842.doc"": ""说明书和标签"", ""https://www.moa.gov.cn/govpublic/SYJ/201707/P020170718353760276808.ceb"": ""农业部公告2549""}",46,entity_in_summary;suffix:公告;priority_channel;has_api_attachments,
MANUAL-004,双甲脒,drug,双甲脒禁用,兽药国家标准和部分品种的停药期规定,http://www.moa.gov.cn/gk/tzgg_1/gg/200306/t20030611_90514.htm,中华人民共和国农业部公告 第278号 为加强兽药使用管理 保证动物性产品质量安全 根据 兽药管理条例 规定 我部组织制订了兽药国家标准和专业标准中部分品种的停药期规定 附件1 并确定了部分不需制订停药期规定的品种 附件2 现予公告 本公告自发布之日起执行 以前发布过的与本公告同品种兽药停药期不一致的 以本公告为准 附件1 兽药停药期规定 附件2 不需制订停药期的兽药品种 二 三年五月二十二日 附件1 停药期规定 兽药名称 执行标准 停药期 1 乙酰甲喹片 兽药规范92版 牛 猪35日 2 二氢吡...,2003-05-22,公开,html,www.moa.gov.cn,{},-22,entity_not_found;suffix:兽药;priority_channel,
MANUAL-004,双甲脒,drug,双甲脒禁用,中华人民共和国农业部公告 第824号,http://www.moa.gov.cn/gk/tzgg_1/gg/200703/t20070319_787406.htm,中华人民共和国农业部公告 第824号 为加强兽药残留监控工作 保障动物性产品安全 根据 兽药管理条例 规定 经研究确认国家兽药残留基准实验室药物检测范围 现予公告 一 按照 中华人民共和国动物及动物源食品中残留物质监控计划 国家兽药残留基准实验室主要承担相关药物残留检测方法 筛选法 定量法 确证法 研究和标准的制定 检测技术仲裁 比对试验及技术培训等工作 二 各基准实验室药物检测范围 一 国家兽药残留基准实验室 中国兽医药品监察所 1 一般兽药品种 1 抗微生物药 四环素类 四环素 土霉素 金霉...,2007-03-09,公开,html,www.moa.gov.cn,{},-22,entity_not_found;suffix:公告;priority_channel,
MANUAL-004,双甲脒,drug,双甲脒禁用,中华人民共和国农业部公告第824号,http://www.moa.gov.cn/xw/bmdt/201006/t20100606_1535265.htm,为加强兽药残留监控工作 保障动物性产品安全 根据 兽药管理条例 规定 经研究确认国家兽药残留基准实验室药物检测范围 现予公告 一 按照 中华人民共和国动物及动物源食品中残留物质监控计划 国家兽药残留基准实验室主要承担相关药物残留检测方法 筛选法 定量法 确证法 研究和标准的制定 检测技术仲裁 比对试验及技术培训等工作 二 各基准实验室药物检测范围 一 国家兽药残留基准实验室 中国兽医药品监察所 1 一般兽药品种 1 抗微生物药 四环素类 四环素 土霉素 金霉素 多西环素 氟喹诺酮类 诺氟沙星 环...,2007-03-06,新闻,html,www.moa.gov.cn,{},-32,entity_not_found;suffix:公告,
MANUAL-004,双甲脒,drug,双甲脒禁用,2007年 第3期,https://www.moa.gov.cn/gk/sygb/200704/P020180213580484939618.pdf,,2007-04-23,公开,pdf,www.moa.gov.cn,{},-50,entity_not_found,
MANUAL-004,双甲脒,drug,双甲脒兽药,蜂用兽药目录.doc,https://www.moa.gov.cn/gk/zcfg/nybgz/200905/P020090511535955052306.doc,,2009-05-11,公开,word,www.moa.gov.cn,{},-32,entity_not_found;suffix:兽药,
MANUAL-004,双甲脒,drug,双甲脒兽药,中华人民共和国农业农村部公告 第37号,http://www.moa.gov.cn/nybgb/2018/201807/201809/t20180912_6157181.htm,根据河南百草元兽药有限公司等15家兽药生产企业申请...,2018-07-20,公开,html,www.moa.gov.cn,{},-22,entity_not_found;suffix:公告;priority_channel,
MANUAL-004,双甲脒,drug,双甲脒兽药,附件1-3（注销的兽药产品批准文号目录和进口兽药注册证书）.doc,https://www.moa.gov.cn/govpublic/SYJ/201807/P020180706501392237579.doc,注销的兽药产品批准文号目录...,2018-07-06,政策,word,www.moa.gov.cn,{},-19,entity_not_found;suffix:兽药|批准文号;priority_channel,
MANUAL-004,双甲脒,drug,双甲脒兽药,附件2 注销的兽药产品批准文号目录.xls,https://www.moa.gov.cn/govpublic/SYJ/201412/P020141230327503045992.xls,注销的兽药产品批准文号...,2014-12-30,公开,excel,www.moa.gov.cn,{},-19,entity_not_found;suffix:兽药|批准文号;priority_channel,
MANUAL-004,双甲脒,drug,双甲脒最大残留限量,"附件2-食品中2,4-滴等65种农药最大残留限量（征求意见稿）.doc",https://www.moa.gov.cn/govpublic/ZZYGLS/201706/P020170612356090653716.doc,最大残留限量...,2017-06-11,政策,word,www.moa.gov.cn,{},-22,entity_not_found;suffix:最大残留限量;priority_channel,
MANUAL-004,双甲脒,drug,双甲脒最大残留限量,规范养殖用药 保障食品安全—— 农业农村部畜牧兽医局负责人就近期发布的食品动物中禁止使用的药品及其他化合物清单答记者问,https://www.moa.gov.cn/xw/zwdt/202001/t20200120_6336378.htm,本网讯 近期，农业农村部以公告第250号修订发布了食品动物中禁止使用的药品及其他化合物清单（以下简称“禁用清单”）。记者就此采访了农业农村部畜牧兽医局负责人。 问：请问什么是食品动物中禁止使用的药品和化合物清单？ 答：为规范养殖用药行为，保障动物源性食品安全，保护人民身体健康，根据《兽药管理条例》规定，农业农村部制定了禁用清单。 实行禁用清单制度是世界各国的通行做法，这既是规范养殖环节用药行为的需要，更是维护动物源性食品安全和公共卫生安全的需要。某些药物和化合物，如克伦特罗、...,2020-01-20,公开,html,www.moa.gov.cn,{},-38,entity_not_found;high_value_title,
MANUAL-004,双甲脒,drug,双甲脒最大残留限量,食品中百菌清等12种农药最大残留限量.doc,http://www.moa.gov.cn/gk/tzgg_1/gg/201102/P020110210347405604815.doc,食品中农药最大残留限量...,2011-02-10,公开,word,www.moa.gov.cn,{},-22,entity_not_found;suffix:最大残留限量;priority_channel,
MANUAL-005,盐酸氨丙啉,drug,盐酸氨丙啉公告,中华人民共和国农业部公告 第2215号,https://www.moa.gov.cn/govpublic/SYJ/201502/t20150210_4403087.htm,特此公告...,2015-02-10,政策,html,www.moa.gov.cn,"{""https://www.moa.gov.cn/govpublic/SYJ/201502/P020150210557912787661.ceb"": ""公告2215号(终).ceb"", ""https://www.moa.gov.cn/govpublic/SYJ/201502/P020150210557913417486.doc"": ""公告附件（说明书和标签） 2015.1.20(2).doc""}",-14,entity_not_found;suffix:公告;priority_channel;has_api_attachments,
MANUAL-005,盐酸氨丙啉,drug,盐酸氨丙啉公告,农业部公告第1153号,https://www.moa.gov.cn/govpublic/SYJ/201006/t20100606_1535689.htm,复方盐酸氨丙啉可溶性粉...,2009-02-18,政策,html,www.moa.gov.cn,"{""https://www.moa.gov.cn/govpublic/SYJ/201006/P020100606587716159217.ceb"": ""公告第1153号.CEB""}",46,entity_in_summary;suffix:公告;priority_channel;has_api_attachments,
MANUAL-005,盐酸氨丙啉,drug,盐酸氨丙啉公告,中华人民共和国农业部公告第2471号,https://www.moa.gov.cn/govpublic/SYJ/201612/t20161201_5386856.htm,盐酸氨丙啉磺胺喹噁啉钠可溶性粉...,2016-12-01,政策,html,www.moa.gov.cn,"{""https://www.moa.gov.cn/govpublic/SYJ/201612/P020161201592656169499.ceb"": ""中华人民共和国农业部公告第2471号.ceb""}",46,entity_in_summary;suffix:公告;priority_channel;has_api_attachments,
MANUAL-005,盐酸氨丙啉,drug,盐酸氨丙啉公告,中华人民共和国农业部公告 第2028号,https://www.moa.gov.cn/govpublic/SYJ/201312/t20131219_3719078.htm,盐酸氨丙啉...,2013-12-19,政策,html,www.moa.gov.cn,"{""https://www.moa.gov.cn/govpublic/SYJ/201312/P020131225342342680401.ceb"": ""农业部公告第2028号.ceb""}",46,entity_in_summary;suffix:公告;priority_channel;has_api_attachments,
MANUAL-005,盐酸氨丙啉,drug,盐酸氨丙啉公告,中华人民共和国农业部公告 第1966号,https://www.moa.gov.cn/govpublic/SYJ/201308/t20130809_3553864.htm,盐酸氨丙啉...,2013-08-09,政策,html,www.moa.gov.cn,"{""https://www.moa.gov.cn/govpublic/SYJ/201308/P020130809316552180804.ceb"": ""2013GG1966.CEB""}",46,entity_in_summary;suffix:公告;priority_channel;has_api_attachments,
MANUAL-005,盐酸氨丙啉,drug,盐酸氨丙啉公告,中华人民共和国农业部公告第1872号,https://www.moa.gov.cn/govpublic/SYJ/201212/t20121220_3111225.htm,盐酸氨丙啉...,2012-12-20,政策,html,www.moa.gov.cn,"{""https://www.moa.gov.cn/govpublic/SYJ/201212/P020121220398055501507.ceb"": ""2012GG1872.CEB""}",46,entity_in_summary;suffix:公告;priority_channel;has_api_attachments,
MANUAL-005,盐酸氨丙啉,drug,盐酸氨丙啉公告,附件3金霉素预混剂等15个兽药产品质量标准和说明书范本.doc,http://www.moa.gov.cn/govpublic/xmsyj/201912/P020191226584479672507.doc,盐酸氨丙啉对鸡的各种球虫均有作用...,2019-12-26,政策,word,www.moa.gov.cn,{},44,entity_in_summary;suffix:兽药|质量标准|说明书;priority_channel,
MANUAL-005,盐酸氨丙啉,drug,盐酸氨丙啉公告,公告附件（说明书和标签） 2015.1.20(2).doc,http://www.moa.gov.cn/govpublic/SYJ/201502/P020150210557913417486.doc,盐酸氨丙啉乙氧酰胺苯甲酯磺胺喹噁啉可溶性粉说明书...,2015-02-10,政策,word,www.moa.gov.cn,{},41,entity_in_summary;suffix:公告|说明书;priority_channel,
MANUAL-005,盐酸氨丙啉,drug,盐酸氨丙啉禁用,中华人民共和国农业部公告 第824号,http://www.moa.gov.cn/gk/tzgg_1/gg/200703/t20070319_787406.htm,中华人民共和国农业部公告 第824号 为加强兽药残留监控工作 保障动物性产品安全 根据 兽药管理条例 规定 经研究确认国家兽药残留基准实验室药物检测范围 现予公告 一 按照 中华人民共和国动物及动物源食品中残留物质监控计划 国家兽药残留基准实验室主要承担相关药物残留检测方法 筛选法 定量法 确证法 研究和标准的制定 检测技术仲裁 比对试验及技术培训等工作 二 各基准实验室药物检测范围 一 国家兽药残留基准实验室 中国兽医药品监察所 1 一般兽药品种 1 抗微生物药 四环素类 四环素 土霉素 金霉...,2007-03-09,公开,html,www.moa.gov.cn,{},-22,entity_not_found;suffix:公告;priority_channel,
MANUAL-005,盐酸氨丙啉,drug,盐酸氨丙啉禁用,中华人民共和国农业部公告第824号,http://www.moa.gov.cn/xw/bmdt/201006/t20100606_1535265.htm,为加强兽药残留监控工作 保障动物性产品安全 根据 兽药管理条例 规定 经研究确认国家兽药残留基准实验室药物检测范围 现予公告 一 按照 中华人民共和国动物及动物源食品中残留物质监控计划 国家兽药残留基准实验室主要承担相关药物残留检测方法 筛选法 定量法 确证法 研究和标准的制定 检测技术仲裁 比对试验及技术培训等工作 二 各基准实验室药物检测范围 一 国家兽药残留基准实验室 中国兽医药品监察所 1 一般兽药品种 1 抗微生物药 四环素类 四环素 土霉素 金霉素 多西环素 氟喹诺酮类 诺氟沙星 环...,2007-03-06,新闻,html,www.moa.gov.cn,{},-32,entity_not_found;suffix:公告,
MANUAL-005,盐酸氨丙啉,drug,盐酸氨丙啉禁用,兽药国家标准和部分品种的停药期规定,http://www.moa.gov.cn/gk/tzgg_1/gg/200306/t20030611_90514.htm,中华人民共和国农业部公告 第278号 为加强兽药使用管理 保证动物性产品质量安全 根据 兽药管理条例 规定 我部组织制订了兽药国家标准和专业标准中部分品种的停药期规定 附件1 并确定了部分不需制订停药期规定的品种 附件2 现予公告 本公告自发布之日起执行 以前发布过的与本公告同品种兽药停药期不一致的 以本公告为准 附件1 兽药停药期规定 附件2 不需制订停药期的兽药品种 二 三年五月二十二日 附件1 停药期规定 兽药名称 执行标准 停药期 1 乙酰甲喹片 兽药规范92版 牛 猪35日 2 二氢吡...,2003-05-22,公开,html,www.moa.gov.cn,{},-22,entity_not_found;suffix:兽药;priority_channel,
MANUAL-005,盐酸氨丙啉,drug,盐酸氨丙啉禁用,2007年 第3期,https://www.moa.gov.cn/gk/sygb/200704/P020180213580484939618.pdf,,2007-04-23,公开,pdf,www.moa.gov.cn,{},-50,entity_not_found,
MANUAL-005,盐酸氨丙啉,drug,盐酸氨丙啉兽药,农业部公告第1421号,http://www.moa.gov.cn/gk/tzgg_1/gg/201008/t20100823_1622681.htm,生物技术有限公司等8家兽药生产企业为兽药GMP企业...,2010-08-02,公开,html,www.moa.gov.cn,"{""http://www.moa.gov.cn/gk/tzgg_1/gg/201008/P020100823363363532883.ceb"": ""公告第1421号.CEB""}",-14,entity_not_found;suffix:公告;priority_channel;has_api_attachments,
MANUAL-005,盐酸氨丙啉,drug,盐酸氨丙啉兽药,中华人民共和国农业部公告 第941号,http://www.moa.gov.cn/gk/tzgg_1/gg/200712/t20071210_934204.htm,现批准山西海森生物制品有限公司等15家兽药生产企业为兽药GMP企业...,2007-12-06,公开,html,www.moa.gov.cn,{},-22,entity_not_found;suffix:公告;priority_channel,
MANUAL-005,盐酸氨丙啉,drug,盐酸氨丙啉兽药,附件.doc,http://www.moa.gov.cn/govpublic/SYJ/201711/P020171102584746615180.doc,,2017-11-02,政策,word,www.moa.gov.cn,{},-40,entity_not_found;priority_channel,
MANUAL-005,盐酸氨丙啉,drug,盐酸氨丙啉兽药,河南／山东文号注销-9.29.xls,http://www.moa.gov.cn/gk/tzgg_1/gg/201111/P020111103535317226252.xls,注销兽药产品批准文号目录...,2011-11-03,公开,excel,www.moa.gov.cn,{},-40,entity_not_found;priority_channel,
DIS-027,塞内卡病毒A感染,disease,塞内卡病毒A感染通知,农业农村部办公厅关于做好塞内卡病毒病防治工作的通知,https://www.moa.gov.cn/govpublic/SYJ/201806/t20180620_6152740.htm,塞内卡病毒病是由小核糖核酸病毒科塞内卡病毒属的塞内卡病毒A...,2018-06-20,政策,html,www.moa.gov.cn,"{""https://www.moa.gov.cn/govpublic/SYJ/201806/P020180620576906257313.ceb"": ""农办医〔2018〕28号.CEB""}",-39,entity_not_found;disease_title_miss;suffix:通知;priority_channel;has_api_attachments,
DIS-045,猪钩端螺旋体病,disease,猪钩端螺旋体病通知,洪涝灾害动物疫病防控技术指南,https://www.moa.gov.cn/govpublic/xmsyj/202007/t20200716_6348701.htm,钩端螺旋体病...,2020-07-16,政策,html,www.moa.gov.cn,{},-32,entity_not_found;disease_title_miss;suffix:技术指南|防控;high_value_title;priority_channel,
DIS-045,猪钩端螺旋体病,disease,猪钩端螺旋体病通知,洪涝灾害动物疫病防控要点,https://www.moa.gov.cn/gk/zcjd/201707/t20170713_5746904.htm,必要时进行钩端螺旋体病疫苗预防接种...,2017-07-13,公开,html,www.moa.gov.cn,{},-57,entity_not_found;disease_title_miss;suffix:防控,
DIS-045,猪钩端螺旋体病,disease,猪钩端螺旋体病通知,中华人民共和国农业部公告第1149号,https://www.moa.gov.cn/govpublic/SYJ/201006/t20100606_1535669.htm,钩端螺旋体病...,2009-02-02,政策,html,www.moa.gov.cn,"{""https://www.moa.gov.cn/govpublic/SYJ/201006/P020100606587638866014.ceb"": ""公告第1149号.CEB""}",-39,entity_not_found;disease_title_miss;suffix:公告;priority_channel;has_api_attachments,
DIS-045,猪钩端螺旋体病,disease,猪钩端螺旋体病通知,附件2.doc,http://www.moa.gov.cn/govpublic/xmsyj/202203/P020220308577440582697.doc,钩端螺旋体病...,2022-03-08,政策,word,www.moa.gov.cn,{},-65,entity_not_found;disease_title_miss;priority_channel,
DIS-045,猪钩端螺旋体病,disease,猪钩端螺旋体病通知,中华人民共和国农业部公告 第1149号,http://www.moa.gov.cn/gk/tzgg_1/gg/200902/t20090219_1221556.htm,钩端螺旋体病...,2009-01-20,公开,html,www.moa.gov.cn,{},-47,entity_not_found;disease_title_miss;suffix:公告;priority_channel,
DIS-058,猪弓形虫病,disease,猪弓形虫病通知,农业农村部办公厅关于印发2020年屠宰环节质量安全风险监测计划的通知,http://www.moa.gov.cn/nybgb/2020/202005/202006/t20200608_6346050.htm,弓形虫...,2020-06-08,公开,html,www.moa.gov.cn,{},-32,entity_not_found;disease_title_miss;suffix:通知|监测;high_value_title;priority_channel,
DIS-007,猪圆环病毒相关疾病,disease,猪圆环病毒相关疾病通知,中华人民共和国农业农村部公告 第190号,http://www.moa.gov.cn/nybgb/2019/201907/202001/t20200106_6334395.htm,用于预防猪圆环病毒2型感染引起的相关疾病...,2020-01-06,公开,html,www.moa.gov.cn,{},-47,entity_not_found;disease_title_miss;suffix:公告;priority_channel,
DIS-007,猪圆环病毒相关疾病,disease,猪圆环病毒相关疾病通知,说明书和标签.doc,https://www.moa.gov.cn/govpublic/xmsyj/201907/P020190705391523350785.doc,用于预防猪圆环病毒2型感染引起的相关疾病...,2019-07-05,政策,word,www.moa.gov.cn,{},-65,entity_not_found;disease_title_miss;priority_channel,
