title,page_relpath,source_count
China disease classification and reporting boundary,wiki/rules/China-disease-classification-and-reporting-boundary.md,0
Three-category disease prevention baseline,wiki/rules/Three-category-disease-prevention-baseline.md,0
Mandatory immunization and vaccine records,wiki/rules/Mandatory-immunization-and-vaccine-records.md,0
"Label, insert, and approval-number governance",wiki/rules/Label-insert-and-approval-number-governance.md,0
Banned drugs and residue red lines,wiki/rules/Banned-drugs-and-residue-red-lines.md,0
中华人民共和国农业农村部公告 第573号 动物疫病病种名录,wiki/rules/SRC-0001-中华人民共和国农业农村部公告-第573号-动物疫病病种名录.md,1
中华人民共和国农业农村部公告 第574号 动物卫生标准清单,wiki/rules/SRC-0002-中华人民共和国农业农村部公告-第574号-动物卫生标准清单.md,1
公告第594号 GB 31650.1-2022《食品安全国家标准 食品中41种兽药最大残留限量》及21项残留检测标准目录,wiki/rules/SRC-0010-公告第594号-GB-31650-1-2022-食品安全国家标准-食品中41种兽药最大残留限量-及21项残留检测标准目录.md,1
农业农村部关于印发《国家动物疫病强制免疫指导意见（2022—2025年）》的通知,wiki/rules/SRC-0004-农业农村部关于印发-国家动物疫病强制免疫指导意见-2022-2025年-的通知.md,1
农业农村部关于印发《三类动物疫病防治规范》的通知,wiki/rules/SRC-0003-农业农村部关于印发-三类动物疫病防治规范-的通知.md,1
中华人民共和国动物防疫法,wiki/rules/SRC-0005-中华人民共和国动物防疫法.md,1
兽药产品批准文号管理办法,wiki/rules/SRC-0007-兽药产品批准文号管理办法.md,1
关于兽药基础信息查询系统试运行的通知,wiki/rules/SRC-0008-关于兽药基础信息查询系统试运行的通知.md,1
兽药标签和说明书管理办法,wiki/rules/SRC-0006-兽药标签和说明书管理办法.md,1
国家兽药综合查询 APP 升级版全面上线运行,wiki/rules/SRC-0009-国家兽药综合查询-APP-升级版全面上线运行.md,1
2024????????????????????????,wiki/rules/SRC-0028-2024.md,1
2025??????????????????????????,wiki/rules/SRC-0026-2025.md,1
2025??????????????????????????,wiki/rules/SRC-0027-2025.md,1
诺氟沙星,wiki/rules/SRC-0062-诺氟沙星.md,1
复方氨苄西林,wiki/rules/SRC-0064-复方氨苄西林.md,1
氯霉素,wiki/rules/SRC-0061-氯霉素.md,1
阿莫西林,wiki/rules/SRC-0063-阿莫西林.md,1
地克珠利,wiki/rules/SRC-0060-地克珠利.md,1
氟苯尼考,wiki/rules/SRC-0058-氟苯尼考.md,1
兽药产品批准文号管理办法 docx 附件,wiki/rules/SRC-0068-兽药产品批准文号管理办法-docx-附件.md,1
兽药产品批准文号管理办法 pdf 附件,wiki/rules/SRC-0069-兽药产品批准文号管理办法-pdf-附件.md,1
兽药标签和说明书管理办法 docx 附件,wiki/rules/SRC-0070-兽药标签和说明书管理办法-docx-附件.md,1
兽药标签和说明书管理办法 pdf 附件,wiki/rules/SRC-0071-兽药标签和说明书管理办法-pdf-附件.md,1
农业农村部第504号公告 马鼻疽诊断技术等20项动物卫生行业标准发布,wiki/rules/SRC-0110-农业农村部第504号公告-马鼻疽诊断技术等20项动物卫生行业标准发布.md,1
农业农村部第651号公告 猪传染性胸膜肺炎诊断技术等7项动物卫生行业标准发布,wiki/rules/SRC-0111-农业农村部第651号公告-猪传染性胸膜肺炎诊断技术等7项动物卫生行业标准发布.md,1
