record_type,record_id,name,source_name,source_url,local_path,authority_level,evidence_strength,last_verified,notes
disease,DIS-001,鸡白痢,Merck Veterinary Manual - Pullorum Disease in Poultry,https://www.merckvetmanual.com/poultry/salmonelloses/pullorum-disease-in-poultry,authoritative/raw/clinical_reference/www.merckvetmanual.com_poultry_salmonelloses_pullorum-disease-in-poultry.html,A2,high,2026-04-23,用于鸡白痢场景生成与诊断一致性评审。
disease,DIS-002,鸡球虫病,Merck Veterinary Manual - Coccidiosis in Poultry,https://www.merckvetmanual.com/poultry/coccidiosis/coccidiosis-in-poultry,authoritative/raw/clinical_reference/www.merckvetmanual.com_poultry_coccidiosis_coccidiosis-in-poultry.html,A2,high,2026-04-23,与地克珠利、磺胺氯吡嗪钠、马杜霉素等规则联动。
disease,DIS-003,传染性支气管炎,Merck Veterinary Manual - Infectious Bronchitis in Poultry,https://www.merckvetmanual.com/poultry/infectious-bronchitis/infectious-bronchitis-in-poultry,authoritative/raw/clinical_reference/www.merckvetmanual.com_poultry_infectious-bronchitis_infectious-bronchitis-in-poultry.html,A2,high,2026-04-23,用于防止病毒病样本过度抗菌化。
disease,DIS-004,热应激,Merck Veterinary Manual - Heat Stress in Poultry,https://www.merckvetmanual.com/poultry/management-and-nutrition/heat-stress-in-poultry,authoritative/raw/clinical_reference/www.merckvetmanual.com_poultry_management-and-nutrition_heat-stress-in-poultry.html,A2,medium,2026-04-23,用于支持类添加剂和无休药期场景。
disease,DIS-005,维生素缺乏症,Merck Veterinary Manual - Nutritional Diseases of Poultry,https://www.merckvetmanual.com/poultry/nutrition-and-management/nutritional-diseases-of-poultry,authoritative/raw/clinical_reference/www.merckvetmanual.com_poultry_nutrition-and-management_nutritional-diseases-of-poultry.html,A2,medium,2026-04-23,用于复合维生素B、维生素C、维生素K3等支持项。
disease,DIS-006,大肠杆菌病,Merck Veterinary Manual - Colibacillosis in Poultry,https://www.merckvetmanual.com/poultry/colibacillosis/colibacillosis-in-poultry,authoritative/raw/clinical_reference/www.merckvetmanual.com_poultry_colibacillosis_colibacillosis-in-poultry.html,A2,high,2026-04-23,与阿莫西林、恩诺沙星、安普霉素等规则联动。
disease,DIS-007,坏死性肠炎,Merck Veterinary Manual - Necrotic Enteritis in Poultry,https://www.merckvetmanual.com/poultry/necrotic-enteritis/necrotic-enteritis-in-poultry,authoritative/raw/clinical_reference/www.merckvetmanual.com_poultry_necrotic-enteritis_necrotic-enteritis-in-poultry.html,A2,high,2026-04-23,重点防止甲硝唑错误处方。
disease,DIS-008,禽流感,WOAH Terrestrial Manual - Avian Influenza,https://www.woah.org/en/disease/avian-influenza/,authoritative/raw/international/woah_avian_influenza_disease_page.html,A1,high,2026-04-23,用于重大疫病安全边界控制。
disease,DIS-009,新城疫,WOAH - Newcastle disease,https://www.woah.org/en/disease/newcastle-disease/,authoritative/raw/international/woah_newcastle_disease_page.html,A1,high,2026-04-23,重大疫病安全边界卡。
disease,DIS-010,传染性法氏囊病,Merck Veterinary Manual - Infectious Bursal Disease in Poultry,https://www.merckvetmanual.com/poultry/infectious-bursal-disease/infectious-bursal-disease-in-poultry,authoritative/raw/clinical_reference/www.merckvetmanual.com_poultry_infectious-bursal-disease_infectious-bursal-disease-in-poultry.html,A2,high,2026-04-23,常见免疫抑制病。
disease,DIS-011,马立克病,Merck Veterinary Manual - Marek Disease in Poultry,https://www.merckvetmanual.com/poultry/neoplasms/marek-disease-in-poultry,authoritative/raw/clinical_reference/www.merckvetmanual.com_poultry_neoplasms_marek-disease-in-poultry.html,A2,high,2026-04-23,防止肿瘤性病毒病被错误抗菌化。
disease,DIS-012,传染性喉气管炎,Merck Veterinary Manual - Infectious Laryngotracheitis in Poultry,https://www.merckvetmanual.com/poultry/infectious-laryngotracheitis/infectious-laryngotracheitis-in-poultry,authoritative/raw/clinical_reference/www.merckvetmanual.com_poultry_infectious-laryngotracheitis_infectious-laryngotracheitis-in-poultry.html,A2,high,2026-04-23,呼吸道病毒病高频。
disease,DIS-013,鸡支原体病,Merck Veterinary Manual - Mycoplasmosis in Poultry,https://www.merckvetmanual.com/poultry/mycoplasmosis/mycoplasmosis-in-poultry,authoritative/raw/clinical_reference/www.merckvetmanual.com_poultry_mycoplasmosis_mycoplasmosis-in-poultry.html,A2,high,2026-04-23,与泰乐菌素、红霉素等规则联动。
disease,DIS-014,禽霍乱,Merck Veterinary Manual - Fowl Cholera in Poultry,https://www.merckvetmanual.com/poultry/fowl-cholera/fowl-cholera-in-poultry,authoritative/raw/clinical_reference/www.merckvetmanual.com_poultry_fowl-cholera_fowl-cholera-in-poultry.html,A2,high,2026-04-23,细菌性急性病。
disease,DIS-015,传染性鼻炎,Merck Veterinary Manual - Infectious Coryza in Chickens,https://www.merckvetmanual.com/poultry/infectious-coryza/infectious-coryza-in-chickens,authoritative/raw/clinical_reference/www.merckvetmanual.com_poultry_infectious-coryza_infectious-coryza-in-chickens.html,A2,high,2026-04-23,呼吸道细菌病。
disease,DIS-016,禽痘,Merck Veterinary Manual - Fowlpox in Poultry,https://www.merckvetmanual.com/poultry/fowlpox/fowlpox-in-poultry,authoritative/raw/clinical_reference/www.merckvetmanual.com_poultry_fowlpox_fowlpox-in-poultry.html,A2,high,2026-04-23,常见病毒性皮肤黏膜病。
disease,DIS-017,曲霉菌病,Merck Veterinary Manual - Aspergillosis in Poultry,https://www.merckvetmanual.com/poultry/aspergillosis/aspergillosis-in-poultry,authoritative/raw/clinical_reference/www.merckvetmanual.com_poultry_aspergillosis_aspergillosis-in-poultry.html,A2,high,2026-04-23,真菌病处置边界。
disease,DIS-018,葡萄球菌病,Merck Veterinary Manual - Staphylococcosis in Poultry,https://www.merckvetmanual.com/poultry/staphylococcosis/staphylococcosis-in-poultry,authoritative/raw/clinical_reference/www.merckvetmanual.com_poultry_staphylococcosis_staphylococcosis-in-poultry.html,A2,high,2026-04-23,细菌病知识卡。
disease,DIS-019,肉毒梭菌中毒,Merck Veterinary Manual - Botulism in Poultry,https://www.merckvetmanual.com/poultry/botulism/botulism-in-poultry,authoritative/raw/clinical_reference/www.merckvetmanual.com_poultry_botulism_botulism-in-poultry.html,A2,medium,2026-04-23,中毒类场景。
disease,DIS-020,组织滴虫病,Merck Veterinary Manual - Histomoniasis in Poultry,https://www.merckvetmanual.com/poultry/histomoniasis/histomoniasis-in-poultry,authoritative/raw/clinical_reference/www.merckvetmanual.com_poultry_histomoniasis_histomoniasis-in-poultry.html,A2,high,2026-04-23,禁用药风险高。
disease,DIS-021,鸡蛔虫病,Merck Veterinary Manual - Nematode Parasites of Poultry,https://www.merckvetmanual.com/poultry/helminthiasis/nematode-parasites-of-poultry,authoritative/raw/clinical_reference/www.merckvetmanual.com_poultry_helminthiasis_nematode-parasites-of-poultry.html,A2,medium,2026-04-23,与阿苯达唑、左旋咪唑、哌嗪规则联动。
disease,DIS-022,鸡绦虫病,Merck Veterinary Manual - Cestodes of Poultry,https://www.merckvetmanual.com/poultry/helminthiasis/cestodes-of-poultry,authoritative/raw/clinical_reference/www.merckvetmanual.com_poultry_helminthiasis_cestodes-of-poultry.html,A2,medium,2026-04-23,寄生虫病补充。
disease,DIS-023,霉菌毒素中毒,Merck Veterinary Manual - Mycotoxicoses in Poultry,https://www.merckvetmanual.com/poultry/mycotoxicoses/mycotoxicoses-in-poultry,authoritative/raw/clinical_reference/www.merckvetmanual.com_poultry_mycotoxicoses_mycotoxicoses-in-poultry.html,A2,medium,2026-04-23,饲料安全场景。
disease,DIS-024,脂肪肝出血综合征,Merck Veterinary Manual - Fatty Liver Hemorrhagic Syndrome in Poultry,https://www.merckvetmanual.com/poultry/nutrition-and-management/fatty-liver-hemorrhagic-syndrome-in-poultry,authoritative/raw/clinical_reference/www.merckvetmanual.com_poultry_nutrition-and-management_fatty-liver-hemorrhagic-syndrome-in-poultry.html,A2,medium,2026-04-23,蛋鸡代谢病。
disease,DIS-025,腹水综合征,Merck Veterinary Manual - Ascites Syndrome in Poultry,https://www.merckvetmanual.com/poultry/miscellaneous-conditions-of-poultry/ascites-syndrome-in-poultry,authoritative/raw/clinical_reference/www.merckvetmanual.com_poultry_miscellaneous-conditions-of-poultry_ascites-syndrome-in-poultry.html,A2,medium,2026-04-23,肉鸡管理病。
disease,DIS-026,笼养蛋鸡疲劳症,Merck Veterinary Manual - Cage Layer Fatigue,https://www.merckvetmanual.com/poultry/nutrition-and-management/cage-layer-fatigue,authoritative/raw/clinical_reference/www.merckvetmanual.com_poultry_nutrition-and-management_cage-layer-fatigue.html,A2,medium,2026-04-23,蛋鸡营养代谢病。
disease,DIS-027,啄癖,Merck Veterinary Manual - Cannibalism in Poultry,https://www.merckvetmanual.com/poultry/management-and-nutrition/cannibalism-in-poultry,authoritative/raw/clinical_reference/www.merckvetmanual.com_poultry_management-and-nutrition_cannibalism-in-poultry.html,A2,medium,2026-04-23,管理行为问题。
disease,DIS-028,氨气刺激性呼吸道病,Merck Veterinary Manual - Poultry Housing and Ventilation,https://www.merckvetmanual.com/poultry/management-and-nutrition/management-of-poultry,authoritative/raw/clinical_reference/www.merckvetmanual.com_poultry_management-and-nutrition_management-of-poultry.html,A2,medium,2026-04-23,环境管理场景。
disease,DIS-029,鸡伤寒,Merck Veterinary Manual - Fowl Typhoid in Poultry,https://www.merckvetmanual.com/poultry/salmonelloses/fowl-typhoid-in-poultry,authoritative/raw/clinical_reference/www.merckvetmanual.com_poultry_salmonelloses_fowl-typhoid-in-poultry.html,A2,high,2026-04-23,沙门菌病补充。
disease,DIS-030,禽脑脊髓炎,Merck Veterinary Manual - Avian Encephalomyelitis,https://www.merckvetmanual.com/poultry/avian-encephalomyelitis/avian-encephalomyelitis,authoritative/raw/clinical_reference/www.merckvetmanual.com_poultry_avian-encephalomyelitis_avian-encephalomyelitis.html,A2,medium,2026-04-23,神经症状鉴别。
drug,DRUG-001,甲硝唑,EMA maximum residue report,https://www.ema.europa.eu/en/documents/mrl-report/metronidazole-summary-report-committee-veterinary-medicinal-products_en.pdf,authoritative/raw/international_technical/metronidazole-summary-report-committee-veterinary-medicinal-products_en.pdf,A1,high,2026-04-22,禁止作为鸡群黄金数据集的合规用药正例。
drug,DRUG-002,氟苯尼考,农业农村部监督抽查通告 + 生产结果复核,https://jgs.moa.gov.cn/gzdt/jgjdt/202312/t20231214_6442796.htm,authoritative/raw/cn_official/t20231214_6442796.htm,A0,medium,2026-04-22,高频高风险药，优先补齐批准文号说明书。
drug,DRUG-003,盐酸多西环素,EMA referral,https://www.ema.europa.eu/en/medicines/veterinary/referrals/doxycycline-50-wsp,authoritative/raw/international_technical/www.ema.europa.eu_en_medicines_veterinary_referrals_doxycycline-50-wsp.html,A1,medium,2026-04-22,暂不把 28 天写成硬规则，先作为 review 优先药。
drug,DRUG-004,地克珠利,农业农村部公告第246号 + EMA MRL,https://www.moa.gov.cn/nybgb/2020/202003/202004/t20200419_6341878.htm,authoritative/raw/cn_official/t20200419_6341878.htm,A0,high,2026-04-22,可作为球虫病正例和 review 案例双向校准锚点。
drug,DRUG-005,复合维生素B,project baseline,,,A2,low,2026-04-22,待补饲料添加剂级权威条目。
drug,DRUG-006,电解多维,project baseline,,,A2,low,2026-04-22,待补产品标签。
drug,DRUG-007,维生素C,project baseline,,,A2,low,2026-04-22,待补权威来源。
drug,DRUG-008,碳酸氢钠,project baseline,,,A2,low,2026-04-22,待补权威来源。
drug,DRUG-009,氯化钾,project baseline,,,A2,low,2026-04-22,待补权威来源。
drug,DRUG-010,维生素K3,project baseline,,,A2,low,2026-04-22,常与抗球虫方案联用。
drug,DRUG-011,氯霉素,农业农村部公告第250号,https://www.moa.gov.cn/govpublic/xmsyj/202001/t20200106_6334375.htm,authoritative/raw/cn_official/t20200106_6334375.htm,A0,high,2026-04-23,任何鸡场景命中均进入红线拦截。
drug,DRUG-012,硝基呋喃类,农业农村部公告第250号,https://www.moa.gov.cn/govpublic/xmsyj/202001/t20200106_6334375.htm,authoritative/raw/cn_official/t20200106_6334375.htm,A0,high,2026-04-23,包含多种别名和代表药物。
drug,DRUG-013,卡巴氧,农业农村部公告第250号,https://www.moa.gov.cn/govpublic/xmsyj/202001/t20200106_6334375.htm,authoritative/raw/cn_official/t20200106_6334375.htm,A0,high,2026-04-23,食品动物禁用。
drug,DRUG-014,氨苯砜,农业农村部公告第250号,https://www.moa.gov.cn/govpublic/xmsyj/202001/t20200106_6334375.htm,authoritative/raw/cn_official/t20200106_6334375.htm,A0,high,2026-04-23,食品动物禁用。
drug,DRUG-015,洛硝达唑,农业农村部公告第250号,https://www.moa.gov.cn/govpublic/xmsyj/202001/t20200106_6334375.htm,authoritative/raw/cn_official/t20200106_6334375.htm,A0,high,2026-04-23,与硝基咪唑类红线同组管理。
drug,DRUG-016,替硝唑,农业农村部公告第250号,https://www.moa.gov.cn/govpublic/xmsyj/202001/t20200106_6334375.htm,authoritative/raw/cn_official/t20200106_6334375.htm,A0,high,2026-04-23,与硝基咪唑类红线同组管理。
drug,DRUG-017,诺氟沙星,农业部公告第2292号,https://www.moa.gov.cn/xw/bmdt/201509/t20150907_4819267.htm,authoritative/raw/cn_official/t20150907_4819267.htm,A0,high,2026-04-23,按食品动物停止使用红线管理。
drug,DRUG-018,氧氟沙星,农业部公告第2292号,https://www.moa.gov.cn/xw/bmdt/201509/t20150907_4819267.htm,authoritative/raw/cn_official/t20150907_4819267.htm,A0,high,2026-04-23,按食品动物停止使用红线管理。
drug,DRUG-019,阿莫西林,农业农村部公告第190号,https://www.moa.gov.cn/nybgb/2019/201907/202001/t20200106_6334395.htm,authoritative/raw/cn_official/t20200106_6334395.htm,A0,high,2026-04-23,治疗敏感菌感染时必须按标签使用。
drug,DRUG-020,复方氨苄西林,农业部公告第278号,https://www.moa.gov.cn/nybgb/2003/snqi/201711/t20171126_5919564.htm,authoritative/raw/cn_official/t20171126_5919564.htm,A0,medium,2026-04-23,需结合具体产品标签复核剂型。
drug,DRUG-021,恩诺沙星,农业部公告第278号,https://www.moa.gov.cn/nybgb/2003/snqi/201711/t20171126_5919564.htm,authoritative/raw/cn_official/t20171126_5919564.htm,A0,medium,2026-04-23,动物专用喹诺酮但产蛋期禁止。
drug,DRUG-022,盐酸大观霉素,农业部公告第278号,https://www.moa.gov.cn/nybgb/2003/snqi/201711/t20171126_5919564.htm,authoritative/raw/cn_official/t20171126_5919564.htm,A0,medium,2026-04-23,常用于细菌性呼吸道/肠道问题时需标签化管理。
drug,DRUG-023,磺胺氯吡嗪钠,农业部公告第278号,https://www.moa.gov.cn/nybgb/2003/snqi/201711/t20171126_5919564.htm,authoritative/raw/cn_official/t20171126_5919564.htm,A0,medium,2026-04-23,球虫病处方高频候选。
drug,DRUG-024,酒石酸泰乐菌素,农业部公告第278号,https://www.moa.gov.cn/nybgb/2003/snqi/201711/t20171126_5919564.htm,authoritative/raw/cn_official/t20171126_5919564.htm,A0,medium,2026-04-23,支原体相关场景高频候选。
drug,DRUG-025,马杜霉素铵,农业部公告第278号,https://www.moa.gov.cn/nybgb/2003/snqi/201711/t20171126_5919564.htm,authoritative/raw/cn_official/t20171126_5919564.htm,A0,medium,2026-04-23,离子载体类需防止过量和混饲错误。
drug,DRUG-026,二硝托胺,农业部公告第278号,https://www.moa.gov.cn/nybgb/2003/snqi/201711/t20171126_5919564.htm,authoritative/raw/cn_official/t20171126_5919564.htm,A0,medium,2026-04-23,抗球虫药规则补齐。
drug,DRUG-027,海南霉素钠,农业部公告第278号,https://www.moa.gov.cn/nybgb/2003/snqi/201711/t20171126_5919564.htm,authoritative/raw/cn_official/t20171126_5919564.htm,A0,medium,2026-04-23,抗球虫药规则补齐。
drug,DRUG-028,硫酸安普霉素,农业部公告第278号,https://www.moa.gov.cn/nybgb/2003/snqi/201711/t20171126_5919564.htm,authoritative/raw/cn_official/t20171126_5919564.htm,A0,medium,2026-04-23,大肠杆菌等场景候选药需严格标签管理。
drug,DRUG-029,土霉素,农业部公告第278号,https://www.moa.gov.cn/nybgb/2003/snqi/201711/t20171126_5919564.htm,authoritative/raw/cn_official/t20171126_5919564.htm,A0,medium,2026-04-23,需按具体剂型区分片剂、预混剂和注射剂。
drug,DRUG-030,四环素,农业部公告第278号,https://www.moa.gov.cn/nybgb/2003/snqi/201711/t20171126_5919564.htm,authoritative/raw/cn_official/t20171126_5919564.htm,A0,medium,2026-04-23,四环素类通用风险锚点。
drug,DRUG-031,甲砜霉素,农业部公告第278号,https://www.moa.gov.cn/nybgb/2003/snqi/201711/t20171126_5919564.htm,authoritative/raw/cn_official/t20171126_5919564.htm,A0,medium,2026-04-23,与氟苯尼考同类但需按具体标签核定。
drug,DRUG-032,吉他霉素,农业部公告第278号,https://www.moa.gov.cn/nybgb/2003/snqi/201711/t20171126_5919564.htm,authoritative/raw/cn_official/t20171126_5919564.htm,A0,medium,2026-04-23,呼吸道和支原体场景候选。
drug,DRUG-033,达氟沙星,农业部公告第278号,https://www.moa.gov.cn/nybgb/2003/snqi/201711/t20171126_5919564.htm,authoritative/raw/cn_official/t20171126_5919564.htm,A0,medium,2026-04-23,动物专用喹诺酮需严格标签管理。
drug,DRUG-034,环丙沙星,农业部公告第278号,https://www.moa.gov.cn/nybgb/2003/snqi/201711/t20171126_5919564.htm,authoritative/raw/cn_official/t20171126_5919564.htm,A0,medium,2026-04-23,人用重要抗菌药相关风险高，默认进入复核。
drug,DRUG-035,沙拉沙星,农业部公告第278号,https://www.moa.gov.cn/nybgb/2003/snqi/201711/t20171126_5919564.htm,authoritative/raw/cn_official/t20171126_5919564.htm,A0,medium,2026-04-23,虽有0日项但产蛋期禁用仍需拦截。
drug,DRUG-036,二氟沙星,农业部公告第278号,https://www.moa.gov.cn/nybgb/2003/snqi/201711/t20171126_5919564.htm,authoritative/raw/cn_official/t20171126_5919564.htm,A0,medium,2026-04-23,需进一步补产蛋期标签。
drug,DRUG-037,硫酸新霉素,农业部公告第278号,https://www.moa.gov.cn/nybgb/2003/snqi/201711/t20171126_5919564.htm,authoritative/raw/cn_official/t20171126_5919564.htm,A0,medium,2026-04-23,肠道细菌病高频候选。
drug,DRUG-038,硫酸粘菌素,农业部公告第278号,https://www.moa.gov.cn/nybgb/2003/snqi/201711/t20171126_5919564.htm,authoritative/raw/cn_official/t20171126_5919564.htm,A0,medium,2026-04-23,人医重要药物相关风险极高，默认进入复核。
drug,DRUG-039,硫氰酸红霉素,农业部公告第278号,https://www.moa.gov.cn/nybgb/2003/snqi/201711/t20171126_5919564.htm,authoritative/raw/cn_official/t20171126_5919564.htm,A0,medium,2026-04-23,呼吸道/支原体场景候选。
drug,DRUG-040,盐霉素钠,农业部公告第278号,https://www.moa.gov.cn/nybgb/2003/snqi/201711/t20171126_5919564.htm,authoritative/raw/cn_official/t20171126_5919564.htm,A0,medium,2026-04-23,抗球虫药高频候选。
drug,DRUG-041,氯羟吡啶,农业部公告第278号,https://www.moa.gov.cn/nybgb/2003/snqi/201711/t20171126_5919564.htm,authoritative/raw/cn_official/t20171126_5919564.htm,A0,medium,2026-04-23,抗球虫药规则补齐。
drug,DRUG-042,盐酸氯苯胍,农业部公告第278号,https://www.moa.gov.cn/nybgb/2003/snqi/201711/t20171126_5919564.htm,authoritative/raw/cn_official/t20171126_5919564.htm,A0,medium,2026-04-23,抗球虫药规则补齐。
drug,DRUG-043,氨丙啉复方,农业部公告第278号,https://www.moa.gov.cn/nybgb/2003/snqi/201711/t20171126_5919564.htm,authoritative/raw/cn_official/t20171126_5919564.htm,A0,medium,2026-04-23,需按复方组成选择更保守休药期。
drug,DRUG-044,磺胺喹噁啉钠,农业部公告第278号,https://www.moa.gov.cn/nybgb/2003/snqi/201711/t20171126_5919564.htm,authoritative/raw/cn_official/t20171126_5919564.htm,A0,medium,2026-04-23,球虫病处方高频候选。
drug,DRUG-045,复方磺胺氯哒嗪钠,农业部公告第278号,https://www.moa.gov.cn/nybgb/2003/snqi/201711/t20171126_5919564.htm,authoritative/raw/cn_official/t20171126_5919564.htm,A0,medium,2026-04-23,需按产品标签复核。
drug,DRUG-046,磺胺二甲嘧啶,农业部公告第278号,https://www.moa.gov.cn/nybgb/2003/snqi/201711/t20171126_5919564.htm,authoritative/raw/cn_official/t20171126_5919564.htm,A0,medium,2026-04-23,需进一步补蛋鸡标签。
drug,DRUG-047,阿苯达唑,农业部公告第278号,https://www.moa.gov.cn/nybgb/2003/snqi/201711/t20171126_5919564.htm,authoritative/raw/cn_official/t20171126_5919564.htm,A0,medium,2026-04-23,寄生虫病场景候选。
drug,DRUG-048,左旋咪唑,农业部公告第278号,https://www.moa.gov.cn/nybgb/2003/snqi/201711/t20171126_5919564.htm,authoritative/raw/cn_official/t20171126_5919564.htm,A0,medium,2026-04-23,寄生虫病场景候选。
drug,DRUG-049,枸橼酸哌嗪,农业部公告第278号,https://www.moa.gov.cn/nybgb/2003/snqi/201711/t20171126_5919564.htm,authoritative/raw/cn_official/t20171126_5919564.htm,A0,medium,2026-04-23,寄生虫病场景候选。
drug,DRUG-050,环丙氨嗪,农业部公告第278号,https://www.moa.gov.cn/nybgb/2003/snqi/201711/t20171126_5919564.htm,authoritative/raw/cn_official/t20171126_5919564.htm,A0,medium,2026-04-23,环境虫害控制相关，不应替代疾病治疗。
compliance_rule,RULE-001,甲硝唑,EMA maximum residue report,https://www.ema.europa.eu/en/documents/mrl-report/metronidazole-summary-report-committee-veterinary-medicinal-products_en.pdf,authoritative/raw/international_technical/metronidazole-summary-report-committee-veterinary-medicinal-products_en.pdf,A1,high,2026-04-22,一旦命中即进入 review/剔除队列。
compliance_rule,RULE-002,氟苯尼考,农业农村部监督抽查通告 + 生产结果复核,https://jgs.moa.gov.cn/gzdt/jgjdt/202312/t20231214_6442796.htm,authoritative/raw/cn_official/t20231214_6442796.htm,A0,medium,2026-04-22,review console 中优先补证。
compliance_rule,RULE-003,氟苯尼考,农业农村部监督抽查通告,https://jgs.moa.gov.cn/gzdt/jgjdt/202312/t20231214_6442796.htm,authoritative/raw/cn_official/t20231214_6442796.htm,A0,high,2026-04-22,蛋鸡场景直接拦截。
compliance_rule,RULE-004,盐酸多西环素,EMA referral,https://www.ema.europa.eu/en/medicines/veterinary/referrals/doxycycline-50-wsp,authoritative/raw/international_technical/www.ema.europa.eu_en_medicines_veterinary_referrals_doxycycline-50-wsp.html,A1,medium,2026-04-22,当前不把 28 天写死，统一进入优先复核。
compliance_rule,RULE-005,地克珠利,农业农村部公告第246号,https://www.moa.gov.cn/nybgb/2020/202003/202004/t20200419_6341878.htm,authoritative/raw/cn_official/t20200419_6341878.htm,A0,high,2026-04-22,可直接用于规则门和 GEval 检索证据。
compliance_rule,RULE-006,地克珠利,农业农村部公告第246号 + EMA MRL,https://www.moa.gov.cn/nybgb/2020/202003/202004/t20200419_6341878.htm,authoritative/raw/cn_official/t20200419_6341878.htm,A0,high,2026-04-22,蛋鸡场景直接拦截。
compliance_rule,RULE-007,复合维生素B,project baseline,,,A2,low,2026-04-22,后续补标签来源。
compliance_rule,RULE-008,电解多维,project baseline,,,A2,low,2026-04-22,后续补标签来源。
compliance_rule,RULE-009,维生素C,project baseline,,,A2,low,2026-04-22,后续补标签来源。
compliance_rule,RULE-010,碳酸氢钠,project baseline,,,A2,low,2026-04-22,后续补标签来源。
compliance_rule,RULE-011,氯化钾,project baseline,,,A2,low,2026-04-22,后续补标签来源。
compliance_rule,RULE-012,维生素K3,project baseline,,,A2,low,2026-04-22,后续补标签来源。
compliance_rule,RULE-013,氯霉素,农业农村部公告第250号,https://www.moa.gov.cn/govpublic/xmsyj/202001/t20200106_6334375.htm,authoritative/raw/cn_official/t20200106_6334375.htm,A0,high,2026-04-23,一旦命中即进入 review/剔除队列。
compliance_rule,RULE-014,硝基呋喃类,农业农村部公告第250号,https://www.moa.gov.cn/govpublic/xmsyj/202001/t20200106_6334375.htm,authoritative/raw/cn_official/t20200106_6334375.htm,A0,high,2026-04-23,包含呋喃西林、呋喃妥因、呋喃它酮、呋喃唑酮等。
compliance_rule,RULE-015,卡巴氧,农业农村部公告第250号,https://www.moa.gov.cn/govpublic/xmsyj/202001/t20200106_6334375.htm,authoritative/raw/cn_official/t20200106_6334375.htm,A0,high,2026-04-23,一旦命中即进入 review/剔除队列。
compliance_rule,RULE-016,氨苯砜,农业农村部公告第250号,https://www.moa.gov.cn/govpublic/xmsyj/202001/t20200106_6334375.htm,authoritative/raw/cn_official/t20200106_6334375.htm,A0,high,2026-04-23,一旦命中即进入 review/剔除队列。
compliance_rule,RULE-017,洛硝达唑,农业农村部公告第250号,https://www.moa.gov.cn/govpublic/xmsyj/202001/t20200106_6334375.htm,authoritative/raw/cn_official/t20200106_6334375.htm,A0,high,2026-04-23,与硝基咪唑类红线同组管理。
compliance_rule,RULE-018,替硝唑,农业农村部公告第250号,https://www.moa.gov.cn/govpublic/xmsyj/202001/t20200106_6334375.htm,authoritative/raw/cn_official/t20200106_6334375.htm,A0,high,2026-04-23,与硝基咪唑类红线同组管理。
compliance_rule,RULE-019,诺氟沙星,农业部公告第2292号,https://www.moa.gov.cn/xw/bmdt/201509/t20150907_4819267.htm,authoritative/raw/cn_official/t20150907_4819267.htm,A0,high,2026-04-23,一旦命中即进入 review/剔除队列。
compliance_rule,RULE-020,氧氟沙星,农业部公告第2292号,https://www.moa.gov.cn/xw/bmdt/201509/t20150907_4819267.htm,authoritative/raw/cn_official/t20150907_4819267.htm,A0,high,2026-04-23,一旦命中即进入 review/剔除队列。
compliance_rule,RULE-021,阿莫西林,农业农村部公告第190号,https://www.moa.gov.cn/nybgb/2019/201907/202001/t20200106_6334395.htm,authoritative/raw/cn_official/t20200106_6334395.htm,A0,high,2026-04-23,需按批准产品说明书剂量使用。
compliance_rule,RULE-022,阿莫西林,农业农村部公告第190号,https://www.moa.gov.cn/nybgb/2019/201907/202001/t20200106_6334395.htm,authoritative/raw/cn_official/t20200106_6334395.htm,A0,high,2026-04-23,蛋鸡场景直接拦截。
compliance_rule,RULE-023,复方氨苄西林,农业部公告第278号,https://www.moa.gov.cn/nybgb/2003/snqi/201711/t20171126_5919564.htm,authoritative/raw/cn_official/t20171126_5919564.htm,A0,medium,2026-04-23,需按具体批准标签确认剂型。
compliance_rule,RULE-024,复方氨苄西林,农业部公告第278号,https://www.moa.gov.cn/nybgb/2003/snqi/201711/t20171126_5919564.htm,authoritative/raw/cn_official/t20171126_5919564.htm,A0,medium,2026-04-23,蛋鸡场景直接拦截。
compliance_rule,RULE-025,恩诺沙星,农业部公告第278号,https://www.moa.gov.cn/nybgb/2003/snqi/201711/t20171126_5919564.htm,authoritative/raw/cn_official/t20171126_5919564.htm,A0,medium,2026-04-23,动物专用喹诺酮需严格标签管理。
compliance_rule,RULE-026,恩诺沙星,农业部公告第278号,https://www.moa.gov.cn/nybgb/2003/snqi/201711/t20171126_5919564.htm,authoritative/raw/cn_official/t20171126_5919564.htm,A0,medium,2026-04-23,蛋鸡场景直接拦截。
compliance_rule,RULE-027,盐酸大观霉素,农业部公告第278号,https://www.moa.gov.cn/nybgb/2003/snqi/201711/t20171126_5919564.htm,authoritative/raw/cn_official/t20171126_5919564.htm,A0,medium,2026-04-23,需按具体批准标签确认剂型。
compliance_rule,RULE-028,盐酸大观霉素,农业部公告第278号,https://www.moa.gov.cn/nybgb/2003/snqi/201711/t20171126_5919564.htm,authoritative/raw/cn_official/t20171126_5919564.htm,A0,medium,2026-04-23,蛋鸡场景直接拦截。
compliance_rule,RULE-029,磺胺氯吡嗪钠,农业部公告第278号,https://www.moa.gov.cn/nybgb/2003/snqi/201711/t20171126_5919564.htm,authoritative/raw/cn_official/t20171126_5919564.htm,A0,medium,2026-04-23,球虫病处方高频候选。
compliance_rule,RULE-030,磺胺氯吡嗪钠,农业部公告第278号,https://www.moa.gov.cn/nybgb/2003/snqi/201711/t20171126_5919564.htm,authoritative/raw/cn_official/t20171126_5919564.htm,A0,medium,2026-04-23,蛋鸡场景直接拦截。
compliance_rule,RULE-031,酒石酸泰乐菌素,农业部公告第278号,https://www.moa.gov.cn/nybgb/2003/snqi/201711/t20171126_5919564.htm,authoritative/raw/cn_official/t20171126_5919564.htm,A0,medium,2026-04-23,支原体相关场景高频候选。
compliance_rule,RULE-032,酒石酸泰乐菌素,农业部公告第278号,https://www.moa.gov.cn/nybgb/2003/snqi/201711/t20171126_5919564.htm,authoritative/raw/cn_official/t20171126_5919564.htm,A0,medium,2026-04-23,蛋鸡场景直接拦截。
compliance_rule,RULE-033,马杜霉素铵,农业部公告第278号,https://www.moa.gov.cn/nybgb/2003/snqi/201711/t20171126_5919564.htm,authoritative/raw/cn_official/t20171126_5919564.htm,A0,medium,2026-04-23,离子载体类抗球虫药需防过量。
compliance_rule,RULE-034,马杜霉素铵,农业部公告第278号,https://www.moa.gov.cn/nybgb/2003/snqi/201711/t20171126_5919564.htm,authoritative/raw/cn_official/t20171126_5919564.htm,A0,medium,2026-04-23,蛋鸡场景直接拦截。
compliance_rule,RULE-035,二硝托胺,农业部公告第278号,https://www.moa.gov.cn/nybgb/2003/snqi/201711/t20171126_5919564.htm,authoritative/raw/cn_official/t20171126_5919564.htm,A0,medium,2026-04-23,抗球虫药规则补齐。
compliance_rule,RULE-036,二硝托胺,农业部公告第278号,https://www.moa.gov.cn/nybgb/2003/snqi/201711/t20171126_5919564.htm,authoritative/raw/cn_official/t20171126_5919564.htm,A0,medium,2026-04-23,蛋鸡场景直接拦截。
compliance_rule,RULE-037,海南霉素钠,农业部公告第278号,https://www.moa.gov.cn/nybgb/2003/snqi/201711/t20171126_5919564.htm,authoritative/raw/cn_official/t20171126_5919564.htm,A0,medium,2026-04-23,抗球虫药规则补齐。
compliance_rule,RULE-038,海南霉素钠,农业部公告第278号,https://www.moa.gov.cn/nybgb/2003/snqi/201711/t20171126_5919564.htm,authoritative/raw/cn_official/t20171126_5919564.htm,A0,medium,2026-04-23,蛋鸡场景直接拦截。
compliance_rule,RULE-039,硫酸安普霉素,农业部公告第278号,https://www.moa.gov.cn/nybgb/2003/snqi/201711/t20171126_5919564.htm,authoritative/raw/cn_official/t20171126_5919564.htm,A0,medium,2026-04-23,细菌病场景高频候选。
compliance_rule,RULE-040,硫酸安普霉素,农业部公告第278号,https://www.moa.gov.cn/nybgb/2003/snqi/201711/t20171126_5919564.htm,authoritative/raw/cn_official/t20171126_5919564.htm,A0,medium,2026-04-23,蛋鸡场景直接拦截。
compliance_rule,RULE-041,土霉素,农业部公告第278号,https://www.moa.gov.cn/nybgb/2003/snqi/201711/t20171126_5919564.htm,authoritative/raw/cn_official/t20171126_5919564.htm,A0,medium,2026-04-23,需按剂型进一步拆分。
compliance_rule,RULE-042,土霉素,农业部公告第278号,https://www.moa.gov.cn/nybgb/2003/snqi/201711/t20171126_5919564.htm,authoritative/raw/cn_official/t20171126_5919564.htm,A0,medium,2026-04-23,蛋品处置需明确弃蛋期。
compliance_rule,RULE-043,四环素,农业部公告第278号,https://www.moa.gov.cn/nybgb/2003/snqi/201711/t20171126_5919564.htm,authoritative/raw/cn_official/t20171126_5919564.htm,A0,medium,2026-04-23,四环素类规则补齐。
compliance_rule,RULE-044,四环素,农业部公告第278号,https://www.moa.gov.cn/nybgb/2003/snqi/201711/t20171126_5919564.htm,authoritative/raw/cn_official/t20171126_5919564.htm,A0,medium,2026-04-23,蛋鸡场景拦截。
compliance_rule,RULE-045,甲砜霉素,农业部公告第278号,https://www.moa.gov.cn/nybgb/2003/snqi/201711/t20171126_5919564.htm,authoritative/raw/cn_official/t20171126_5919564.htm,A0,medium,2026-04-23,需按批准标签复核。
compliance_rule,RULE-046,吉他霉素,农业部公告第278号,https://www.moa.gov.cn/nybgb/2003/snqi/201711/t20171126_5919564.htm,authoritative/raw/cn_official/t20171126_5919564.htm,A0,medium,2026-04-23,呼吸道场景候选。
compliance_rule,RULE-047,吉他霉素,农业部公告第278号,https://www.moa.gov.cn/nybgb/2003/snqi/201711/t20171126_5919564.htm,authoritative/raw/cn_official/t20171126_5919564.htm,A0,medium,2026-04-23,蛋鸡场景拦截。
compliance_rule,RULE-048,达氟沙星,农业部公告第278号,https://www.moa.gov.cn/nybgb/2003/snqi/201711/t20171126_5919564.htm,authoritative/raw/cn_official/t20171126_5919564.htm,A0,medium,2026-04-23,氟喹诺酮类高风险。
compliance_rule,RULE-049,达氟沙星,农业部公告第278号,https://www.moa.gov.cn/nybgb/2003/snqi/201711/t20171126_5919564.htm,authoritative/raw/cn_official/t20171126_5919564.htm,A0,medium,2026-04-23,蛋鸡场景拦截。
compliance_rule,RULE-050,环丙沙星,农业部公告第278号,https://www.moa.gov.cn/nybgb/2003/snqi/201711/t20171126_5919564.htm,authoritative/raw/cn_official/t20171126_5919564.htm,A0,medium,2026-04-23,人用重要抗菌药相关风险高。
compliance_rule,RULE-051,环丙沙星,农业部公告第278号,https://www.moa.gov.cn/nybgb/2003/snqi/201711/t20171126_5919564.htm,authoritative/raw/cn_official/t20171126_5919564.htm,A0,medium,2026-04-23,蛋鸡场景拦截。
compliance_rule,RULE-052,沙拉沙星,农业部公告第278号,https://www.moa.gov.cn/nybgb/2003/snqi/201711/t20171126_5919564.htm,authoritative/raw/cn_official/t20171126_5919564.htm,A0,medium,2026-04-23,仍需检查产蛋期限制。
compliance_rule,RULE-053,沙拉沙星,农业部公告第278号,https://www.moa.gov.cn/nybgb/2003/snqi/201711/t20171126_5919564.htm,authoritative/raw/cn_official/t20171126_5919564.htm,A0,medium,2026-04-23,蛋鸡场景拦截。
compliance_rule,RULE-054,二氟沙星,农业部公告第278号,https://www.moa.gov.cn/nybgb/2003/snqi/201711/t20171126_5919564.htm,authoritative/raw/cn_official/t20171126_5919564.htm,A0,medium,2026-04-23,需补产蛋期规则。
compliance_rule,RULE-055,硫酸新霉素,农业部公告第278号,https://www.moa.gov.cn/nybgb/2003/snqi/201711/t20171126_5919564.htm,authoritative/raw/cn_official/t20171126_5919564.htm,A0,medium,2026-04-23,肠道细菌病高频候选。
compliance_rule,RULE-056,硫酸新霉素,农业部公告第278号,https://www.moa.gov.cn/nybgb/2003/snqi/201711/t20171126_5919564.htm,authoritative/raw/cn_official/t20171126_5919564.htm,A0,medium,2026-04-23,蛋鸡场景拦截。
compliance_rule,RULE-057,硫酸粘菌素,农业部公告第278号,https://www.moa.gov.cn/nybgb/2003/snqi/201711/t20171126_5919564.htm,authoritative/raw/cn_official/t20171126_5919564.htm,A0,medium,2026-04-23,人医重要药物相关风险极高。
compliance_rule,RULE-058,硫酸粘菌素,农业部公告第278号,https://www.moa.gov.cn/nybgb/2003/snqi/201711/t20171126_5919564.htm,authoritative/raw/cn_official/t20171126_5919564.htm,A0,medium,2026-04-23,蛋鸡场景拦截。
compliance_rule,RULE-059,硫氰酸红霉素,农业部公告第278号,https://www.moa.gov.cn/nybgb/2003/snqi/201711/t20171126_5919564.htm,authoritative/raw/cn_official/t20171126_5919564.htm,A0,medium,2026-04-23,呼吸道场景候选。
compliance_rule,RULE-060,硫氰酸红霉素,农业部公告第278号,https://www.moa.gov.cn/nybgb/2003/snqi/201711/t20171126_5919564.htm,authoritative/raw/cn_official/t20171126_5919564.htm,A0,medium,2026-04-23,蛋鸡场景拦截。
compliance_rule,RULE-061,盐霉素钠,农业部公告第278号,https://www.moa.gov.cn/nybgb/2003/snqi/201711/t20171126_5919564.htm,authoritative/raw/cn_official/t20171126_5919564.htm,A0,medium,2026-04-23,抗球虫药高频候选。
compliance_rule,RULE-062,盐霉素钠,农业部公告第278号,https://www.moa.gov.cn/nybgb/2003/snqi/201711/t20171126_5919564.htm,authoritative/raw/cn_official/t20171126_5919564.htm,A0,medium,2026-04-23,蛋鸡场景拦截。
compliance_rule,RULE-063,氯羟吡啶,农业部公告第278号,https://www.moa.gov.cn/nybgb/2003/snqi/201711/t20171126_5919564.htm,authoritative/raw/cn_official/t20171126_5919564.htm,A0,medium,2026-04-23,抗球虫药规则补齐。
compliance_rule,RULE-064,氯羟吡啶,农业部公告第278号,https://www.moa.gov.cn/nybgb/2003/snqi/201711/t20171126_5919564.htm,authoritative/raw/cn_official/t20171126_5919564.htm,A0,medium,2026-04-23,蛋鸡场景拦截。
compliance_rule,RULE-065,盐酸氯苯胍,农业部公告第278号,https://www.moa.gov.cn/nybgb/2003/snqi/201711/t20171126_5919564.htm,authoritative/raw/cn_official/t20171126_5919564.htm,A0,medium,2026-04-23,抗球虫药规则补齐。
compliance_rule,RULE-066,盐酸氯苯胍,农业部公告第278号,https://www.moa.gov.cn/nybgb/2003/snqi/201711/t20171126_5919564.htm,authoritative/raw/cn_official/t20171126_5919564.htm,A0,medium,2026-04-23,蛋鸡场景拦截。
compliance_rule,RULE-067,氨丙啉复方,农业部公告第278号,https://www.moa.gov.cn/nybgb/2003/snqi/201711/t20171126_5919564.htm,authoritative/raw/cn_official/t20171126_5919564.htm,A0,medium,2026-04-23,需按复方组成拆分。
compliance_rule,RULE-068,氨丙啉复方,农业部公告第278号,https://www.moa.gov.cn/nybgb/2003/snqi/201711/t20171126_5919564.htm,authoritative/raw/cn_official/t20171126_5919564.htm,A0,medium,2026-04-23,蛋鸡场景拦截。
compliance_rule,RULE-069,磺胺喹噁啉钠,农业部公告第278号,https://www.moa.gov.cn/nybgb/2003/snqi/201711/t20171126_5919564.htm,authoritative/raw/cn_official/t20171126_5919564.htm,A0,medium,2026-04-23,球虫病高频候选。
compliance_rule,RULE-070,磺胺喹噁啉钠,农业部公告第278号,https://www.moa.gov.cn/nybgb/2003/snqi/201711/t20171126_5919564.htm,authoritative/raw/cn_official/t20171126_5919564.htm,A0,medium,2026-04-23,蛋鸡场景拦截。
compliance_rule,RULE-071,复方磺胺氯哒嗪钠,农业部公告第278号,https://www.moa.gov.cn/nybgb/2003/snqi/201711/t20171126_5919564.htm,authoritative/raw/cn_official/t20171126_5919564.htm,A0,medium,2026-04-23,需按具体标签复核。
compliance_rule,RULE-072,复方磺胺氯哒嗪钠,农业部公告第278号,https://www.moa.gov.cn/nybgb/2003/snqi/201711/t20171126_5919564.htm,authoritative/raw/cn_official/t20171126_5919564.htm,A0,medium,2026-04-23,蛋鸡场景拦截。
compliance_rule,RULE-073,磺胺二甲嘧啶,农业部公告第278号,https://www.moa.gov.cn/nybgb/2003/snqi/201711/t20171126_5919564.htm,authoritative/raw/cn_official/t20171126_5919564.htm,A0,medium,2026-04-23,需补蛋鸡标签。
compliance_rule,RULE-074,阿苯达唑,农业部公告第278号,https://www.moa.gov.cn/nybgb/2003/snqi/201711/t20171126_5919564.htm,authoritative/raw/cn_official/t20171126_5919564.htm,A0,medium,2026-04-23,寄生虫病场景候选。
compliance_rule,RULE-075,左旋咪唑,农业部公告第278号,https://www.moa.gov.cn/nybgb/2003/snqi/201711/t20171126_5919564.htm,authoritative/raw/cn_official/t20171126_5919564.htm,A0,medium,2026-04-23,寄生虫病场景候选。
compliance_rule,RULE-076,枸橼酸哌嗪,农业部公告第278号,https://www.moa.gov.cn/nybgb/2003/snqi/201711/t20171126_5919564.htm,authoritative/raw/cn_official/t20171126_5919564.htm,A0,medium,2026-04-23,寄生虫病场景候选。
compliance_rule,RULE-077,环丙氨嗪,农业部公告第278号,https://www.moa.gov.cn/nybgb/2003/snqi/201711/t20171126_5919564.htm,authoritative/raw/cn_official/t20171126_5919564.htm,A0,medium,2026-04-23,环境虫害控制相关。
