source_id,origin,category,source_org,source_type,authority_level,evidence_role,jurisdiction,primary_or_secondary,description,source_url,final_url,saved_path,file_size_bytes,sha256,content_type,status,verified_at_utc,notes
SRC-0043,downloaded_from_master_or_curated_seed,clinical_reference,Merck Veterinary Manual - Aspergillosis in Poultry,disease_reference_page,A2,clinical_reference,US,secondary,曲霉菌病,https://www.merckvetmanual.com/poultry/aspergillosis/aspergillosis-in-poultry,https://www.merckvetmanual.com/poultry/aspergillosis/aspergillosis-in-poultry,authoritative/raw/clinical_reference/www.merckvetmanual.com_poultry_aspergillosis_aspergillosis-in-poultry.html,409232,d9a3b3fa0eede43006fa7370cf8c0e5e4728013dd0df30ced8549f425ee27113,,downloaded,2026-04-28T07:40:26.192615+00:00,
SRC-0056,downloaded_from_master_or_curated_seed,clinical_reference,Merck Veterinary Manual - Avian Encephalomyelitis,disease_reference_page,A2,clinical_reference,US,secondary,禽脑脊髓炎,https://www.merckvetmanual.com/poultry/avian-encephalomyelitis/avian-encephalomyelitis,https://www.merckvetmanual.com/poultry/avian-encephalomyelitis/avian-encephalomyelitis,authoritative/raw/clinical_reference/www.merckvetmanual.com_poultry_avian-encephalomyelitis_avian-encephalomyelitis.html,319219,4ee1b53ca8f4afc0833474a38dba6f0f27395e9ecdde521e0ad318d82853373c,,downloaded,2026-04-28T07:40:26.210693+00:00,
SRC-0045,downloaded_from_master_or_curated_seed,clinical_reference,Merck Veterinary Manual - Botulism in Poultry,disease_reference_page,A2,clinical_reference,US,secondary,肉毒梭菌中毒,https://www.merckvetmanual.com/poultry/botulism/botulism-in-poultry,https://www.merckvetmanual.com/poultry/botulism/botulism-in-poultry,authoritative/raw/clinical_reference/www.merckvetmanual.com_poultry_botulism_botulism-in-poultry.html,302488,ead026fc80b7025b34a3e646c273d69e094790a647a702d66769d2a1a9db9ecb,,downloaded,2026-04-28T07:40:26.196547+00:00,
SRC-0030,downloaded_from_master_or_curated_seed,clinical_reference,Merck Veterinary Manual - Coccidiosis in Poultry,disease_reference_page,A2,clinical_reference,US,secondary,鸡球虫病,https://www.merckvetmanual.com/poultry/coccidiosis/coccidiosis-in-poultry,https://www.merckvetmanual.com/poultry/coccidiosis/coccidiosis-in-poultry,authoritative/raw/clinical_reference/www.merckvetmanual.com_poultry_coccidiosis_coccidiosis-in-poultry.html,519599,5d97d53a0335733c3bc4667b3ce3ed95b7dc645118d141d73f7b1873fb737348,,downloaded,2026-04-28T07:40:26.173083+00:00,
SRC-0034,downloaded_from_master_or_curated_seed,clinical_reference,Merck Veterinary Manual - Colibacillosis in Poultry,disease_reference_page,A2,clinical_reference,US,secondary,大肠杆菌病,https://www.merckvetmanual.com/poultry/colibacillosis/colibacillosis-in-poultry,https://www.merckvetmanual.com/poultry/colibacillosis/colibacillosis-in-poultry,authoritative/raw/clinical_reference/www.merckvetmanual.com_poultry_colibacillosis_colibacillosis-in-poultry.html,286464,7cff307534c2207089d79d7e36ab7033d9dc8fcd25b1c73fb70e70a68d802834,,downloaded,2026-04-28T07:40:26.178047+00:00,
SRC-0040,downloaded_from_master_or_curated_seed,clinical_reference,Merck Veterinary Manual - Fowl Cholera in Poultry,disease_reference_page,A2,clinical_reference,US,secondary,禽霍乱,https://www.merckvetmanual.com/poultry/fowl-cholera/fowl-cholera,https://www.merckvetmanual.com/poultry/fowl-cholera/fowl-cholera,authoritative/raw/clinical_reference/www.merckvetmanual.com_poultry_fowl-cholera_fowl-cholera-in-poultry.html,131454,203d00cb91a633d1feb7cdccad8851691d60fab5d741fe95eab5408f8632a01a,,downloaded,2026-04-28T07:40:26.186810+00:00,
SRC-0042,downloaded_from_master_or_curated_seed,clinical_reference,Merck Veterinary Manual - Fowlpox in Poultry,disease_reference_page,A2,clinical_reference,US,secondary,禽痘,https://www.merckvetmanual.com/poultry/fowlpox/fowlpox-in-chickens-and-turkeys,https://www.merckvetmanual.com/poultry/fowlpox/fowlpox-in-chickens-and-turkeys,authoritative/raw/clinical_reference/www.merckvetmanual.com_poultry_fowlpox_fowlpox-in-poultry.html,131454,203d00cb91a633d1feb7cdccad8851691d60fab5d741fe95eab5408f8632a01a,,downloaded,2026-04-28T07:40:26.190911+00:00,
SRC-0048,downloaded_from_master_or_curated_seed,clinical_reference,Merck Veterinary Manual - Cestodes of Poultry,disease_reference_page,A2,clinical_reference,US,secondary,鸡绦虫病,https://www.merckvetmanual.com/poultry/helminthiasis/helminthiasis-in-poultry,https://www.merckvetmanual.com/poultry/helminthiasis/helminthiasis-in-poultry,authoritative/raw/clinical_reference/www.merckvetmanual.com_poultry_helminthiasis_cestodes-of-poultry.html,131454,203d00cb91a633d1feb7cdccad8851691d60fab5d741fe95eab5408f8632a01a,,downloaded,2026-04-28T07:40:26.199795+00:00,
SRC-0047,downloaded_from_master_or_curated_seed,clinical_reference,Merck Veterinary Manual - Nematode Parasites of Poultry,disease_reference_page,A2,clinical_reference,US,secondary,鸡蛔虫病,https://www.merckvetmanual.com/poultry/helminthiasis/helminthiasis-in-poultry,https://www.merckvetmanual.com/poultry/helminthiasis/helminthiasis-in-poultry,authoritative/raw/clinical_reference/www.merckvetmanual.com_poultry_helminthiasis_nematode-parasites-of-poultry.html,131454,203d00cb91a633d1feb7cdccad8851691d60fab5d741fe95eab5408f8632a01a,,downloaded,2026-04-28T07:40:26.198801+00:00,
SRC-0046,downloaded_from_master_or_curated_seed,clinical_reference,Merck Veterinary Manual - Histomoniasis in Poultry,disease_reference_page,A2,clinical_reference,US,secondary,组织滴虫病,https://www.merckvetmanual.com/poultry/histomoniasis/histomoniasis-in-poultry,https://www.merckvetmanual.com/poultry/histomoniasis/histomoniasis-in-poultry,authoritative/raw/clinical_reference/www.merckvetmanual.com_poultry_histomoniasis_histomoniasis-in-poultry.html,323385,4d08157cacc4bae9de3ea784dc39ba19ce7f24e4ef118b189c1b47a3b4e3f44f,,downloaded,2026-04-28T07:40:26.197767+00:00,
SRC-0031,downloaded_from_master_or_curated_seed,clinical_reference,Merck Veterinary Manual - Infectious Bronchitis in Poultry,disease_reference_page,A2,clinical_reference,US,secondary,传染性支气管炎,https://www.merckvetmanual.com/poultry/infectious-bronchitis/infectious-bronchitis-in-poultry,https://www.merckvetmanual.com/poultry/infectious-bronchitis/infectious-bronchitis-in-poultry,authoritative/raw/clinical_reference/www.merckvetmanual.com_poultry_infectious-bronchitis_infectious-bronchitis-in-poultry.html,328827,d2c14587cbf659bc8ec566bc1859e2d8fd3f8a2e3d8d51a324bdea0e4259f623,,downloaded,2026-04-28T07:40:26.174445+00:00,
SRC-0036,downloaded_from_master_or_curated_seed,clinical_reference,Merck Veterinary Manual - Infectious Bursal Disease in Poultry,disease_reference_page,A2,clinical_reference,US,secondary,传染性法氏囊病,https://www.merckvetmanual.com/poultry/infectious-bursal-disease/infectious-bursal-disease-in-poultry,https://www.merckvetmanual.com/poultry/infectious-bursal-disease/infectious-bursal-disease-in-poultry,authoritative/raw/clinical_reference/www.merckvetmanual.com_poultry_infectious-bursal-disease_infectious-bursal-disease-in-poultry.html,295265,9c7239ee52b76031b8bbbddb6a7178b0a1717e1822a026536fe6439bcd1da315,,downloaded,2026-04-28T07:40:26.181176+00:00,
SRC-0041,downloaded_from_master_or_curated_seed,clinical_reference,Merck Veterinary Manual - Infectious Coryza in Chickens,disease_reference_page,A2,clinical_reference,US,secondary,传染性鼻炎,https://www.merckvetmanual.com/poultry/infectious-coryza/infectious-coryza-in-chickens,https://www.merckvetmanual.com/poultry/infectious-coryza/infectious-coryza-in-chickens,authoritative/raw/clinical_reference/www.merckvetmanual.com_poultry_infectious-coryza_infectious-coryza-in-chickens.html,359539,79f6f300dca8cfbb4d973bb589de008de3205dfebd1a4bd8431ede12544c4f50,,downloaded,2026-04-28T07:40:26.189158+00:00,
SRC-0038,downloaded_from_master_or_curated_seed,clinical_reference,Merck Veterinary Manual - Infectious Laryngotracheitis in Poultry,disease_reference_page,A2,clinical_reference,US,secondary,传染性喉气管炎,https://www.merckvetmanual.com/poultry/infectious-laryngotracheitis/infectious-laryngotracheitis-in-poultry,https://www.merckvetmanual.com/poultry/infectious-laryngotracheitis/infectious-laryngotracheitis-in-poultry,authoritative/raw/clinical_reference/www.merckvetmanual.com_poultry_infectious-laryngotracheitis_infectious-laryngotracheitis-in-poultry.html,332049,bf5442849aad3c54bb3e6f98d4e291fbb392bc2b295bbb9a62524d31c79b4dbb,,downloaded,2026-04-28T07:40:26.183820+00:00,
SRC-0053,downloaded_from_master_or_curated_seed,clinical_reference,Merck Veterinary Manual - Cannibalism in Poultry,disease_reference_page,A2,clinical_reference,US,secondary,啄癖,https://www.merckvetmanual.com/exotic-and-laboratory-animals/backyard-poultry/common-management-related-problems-in-backyard-poultry,https://www.merckvetmanual.com/exotic-and-laboratory-animals/backyard-poultry/common-management-related-problems-in-backyard-poultry,authoritative/raw/clinical_reference/www.merckvetmanual.com_poultry_management-and-nutrition_cannibalism-in-poultry.html,131454,203d00cb91a633d1feb7cdccad8851691d60fab5d741fe95eab5408f8632a01a,,downloaded,2026-04-28T07:40:26.207076+00:00,
SRC-0032,downloaded_from_master_or_curated_seed,clinical_reference,Merck Veterinary Manual - Heat Stress in Poultry,disease_reference_page,A2,clinical_reference,US,secondary,热应激,https://www.merckvetmanual.com/exotic-and-laboratory-animals/backyard-poultry/management-of-backyard-poultry,https://www.merckvetmanual.com/exotic-and-laboratory-animals/backyard-poultry/management-of-backyard-poultry,authoritative/raw/clinical_reference/www.merckvetmanual.com_poultry_management-and-nutrition_heat-stress-in-poultry.html,131454,203d00cb91a633d1feb7cdccad8851691d60fab5d741fe95eab5408f8632a01a,,downloaded,2026-04-28T07:40:26.175583+00:00,
SRC-0054,downloaded_from_master_or_curated_seed,clinical_reference,Merck Veterinary Manual - Poultry Housing and Ventilation,disease_reference_page,A2,clinical_reference,US,secondary,氨气刺激性呼吸道病,https://www.merckvetmanual.com/poultry/nutrition-and-management-poultry/management-of-laying-chickens,https://www.merckvetmanual.com/poultry/nutrition-and-management-poultry/management-of-laying-chickens,authoritative/raw/clinical_reference/www.merckvetmanual.com_poultry_management-and-nutrition_management-of-poultry.html,131454,203d00cb91a633d1feb7cdccad8851691d60fab5d741fe95eab5408f8632a01a,,downloaded,2026-04-28T07:40:26.208165+00:00,
SRC-0051,downloaded_from_master_or_curated_seed,clinical_reference,Merck Veterinary Manual - Ascites Syndrome in Poultry,disease_reference_page,A2,clinical_reference,US,secondary,腹水综合征,https://www.merckvetmanual.com/poultry/miscellaneous-conditions-of-poultry/ascites-syndrome-in-poultry,https://www.merckvetmanual.com/poultry/miscellaneous-conditions-of-poultry/ascites-syndrome-in-poultry,authoritative/raw/clinical_reference/www.merckvetmanual.com_poultry_miscellaneous-conditions-of-poultry_ascites-syndrome-in-poultry.html,279265,59abc3a54c04e5505eab2c07b0818e693567f88a7f726fdcf0fe794203dc75c2,,downloaded,2026-04-28T07:40:26.203895+00:00,
SRC-0039,downloaded_from_master_or_curated_seed,clinical_reference,Merck Veterinary Manual - Mycoplasmosis in Poultry,disease_reference_page,A2,clinical_reference,US,secondary,鸡支原体病,https://www.merckvetmanual.com/poultry/mycoplasmosis/mycoplasmosis-in-poultry,https://www.merckvetmanual.com/poultry/mycoplasmosis/mycoplasmosis-in-poultry,authoritative/raw/clinical_reference/www.merckvetmanual.com_poultry_mycoplasmosis_mycoplasmosis-in-poultry.html,219293,614f0971c23d5cf54996cee259eb6e6255f4509174f60be2bb1f4e3c08b254ef,,downloaded,2026-04-28T07:40:26.184977+00:00,
SRC-0049,downloaded_from_master_or_curated_seed,clinical_reference,Merck Veterinary Manual - Mycotoxicoses in Poultry,disease_reference_page,A2,clinical_reference,US,secondary,霉菌毒素中毒,https://www.merckvetmanual.com/poultry/mycotoxicoses/mycotoxicoses-in-poultry,https://www.merckvetmanual.com/poultry/mycotoxicoses/mycotoxicoses-in-poultry,authoritative/raw/clinical_reference/www.merckvetmanual.com_poultry_mycotoxicoses_mycotoxicoses-in-poultry.html,335699,dfba658fd6f27cf60c2ec566a204d36eb05026776ca5b07b13d272c9a20e14a7,,downloaded,2026-04-28T07:40:26.200927+00:00,
SRC-0035,downloaded_from_master_or_curated_seed,clinical_reference,Merck Veterinary Manual - Necrotic Enteritis in Poultry,disease_reference_page,A2,clinical_reference,US,secondary,坏死性肠炎,https://www.merckvetmanual.com/poultry/necrotic-enteritis/necrotic-enteritis-in-poultry,https://www.merckvetmanual.com/poultry/necrotic-enteritis/necrotic-enteritis-in-poultry,authoritative/raw/clinical_reference/www.merckvetmanual.com_poultry_necrotic-enteritis_necrotic-enteritis-in-poultry.html,260279,83df57b8a8522d434c9bf3dbbd958f680d6e7b6a95d29b65e2e81769893834ef,,downloaded,2026-04-28T07:40:26.179429+00:00,
SRC-0037,downloaded_from_master_or_curated_seed,clinical_reference,Merck Veterinary Manual - Marek Disease in Poultry,disease_reference_page,A2,clinical_reference,US,secondary,马立克病,https://www.merckvetmanual.com/poultry/neoplasms/marek-disease-in-poultry,https://www.merckvetmanual.com/poultry/neoplasms/marek-disease-in-poultry,authoritative/raw/clinical_reference/www.merckvetmanual.com_poultry_neoplasms_marek-disease-in-poultry.html,335102,abe91c74cd879733b41981da0abef4dafdc89c2ea96560fdcc2033472c6c8fe3,,downloaded,2026-04-28T07:40:26.182548+00:00,
SRC-0052,downloaded_from_master_or_curated_seed,clinical_reference,Merck Veterinary Manual - Cage Layer Fatigue,disease_reference_page,A2,clinical_reference,US,secondary,笼养蛋鸡疲劳症,https://www.merckvetmanual.com/poultry/nutrition-and-management-poultry/mineral-deficiencies-in-poultry,https://www.merckvetmanual.com/poultry/nutrition-and-management-poultry/mineral-deficiencies-in-poultry,authoritative/raw/clinical_reference/www.merckvetmanual.com_poultry_nutrition-and-management_cage-layer-fatigue.html,131454,203d00cb91a633d1feb7cdccad8851691d60fab5d741fe95eab5408f8632a01a,,downloaded,2026-04-28T07:40:26.205690+00:00,
SRC-0050,downloaded_from_master_or_curated_seed,clinical_reference,Merck Veterinary Manual - Fatty Liver Hemorrhagic Syndrome in Poultry,disease_reference_page,A2,clinical_reference,US,secondary,脂肪肝出血综合征,https://www.merckvetmanual.com/poultry/fatty-liver-hemorrhagic-syndrome/fatty-liver-hemorrhagic-syndrome-in-poultry,https://www.merckvetmanual.com/poultry/fatty-liver-hemorrhagic-syndrome/fatty-liver-hemorrhagic-syndrome-in-poultry,authoritative/raw/clinical_reference/www.merckvetmanual.com_poultry_nutrition-and-management_fatty-liver-hemorrhagic-syndrome-in-poultry.html,131454,203d00cb91a633d1feb7cdccad8851691d60fab5d741fe95eab5408f8632a01a,,downloaded,2026-04-28T07:40:26.201910+00:00,
SRC-0033,downloaded_from_master_or_curated_seed,clinical_reference,Merck Veterinary Manual - Nutritional Diseases of Poultry,disease_reference_page,A2,clinical_reference,US,secondary,维生素缺乏症,https://www.merckvetmanual.com/poultry/nutrition-and-management-poultry/nutritional-deficiencies-in-poultry,https://www.merckvetmanual.com/poultry/nutrition-and-management-poultry/nutritional-deficiencies-in-poultry,authoritative/raw/clinical_reference/www.merckvetmanual.com_poultry_nutrition-and-management_nutritional-diseases-of-poultry.html,131454,203d00cb91a633d1feb7cdccad8851691d60fab5d741fe95eab5408f8632a01a,,downloaded,2026-04-28T07:40:26.176721+00:00,
SRC-0055,downloaded_from_master_or_curated_seed,clinical_reference,Merck Veterinary Manual - Fowl Typhoid in Poultry,disease_reference_page,A2,clinical_reference,US,secondary,鸡伤寒,https://www.merckvetmanual.com/poultry/salmonelloses-in-poultry/fowl-typhoid,https://www.merckvetmanual.com/poultry/salmonelloses-in-poultry/fowl-typhoid,authoritative/raw/clinical_reference/www.merckvetmanual.com_poultry_salmonelloses_fowl-typhoid-in-poultry.html,131454,203d00cb91a633d1feb7cdccad8851691d60fab5d741fe95eab5408f8632a01a,,downloaded,2026-04-28T07:40:26.209187+00:00,
SRC-0029,downloaded_from_master_or_curated_seed,clinical_reference,Merck Veterinary Manual - Pullorum Disease in Poultry,disease_reference_page,A2,clinical_reference,US,secondary,鸡白痢,https://www.merckvetmanual.com/poultry/salmonelloses/pullorum-disease-in-poultry,https://www.merckvetmanual.com/poultry/salmonelloses/pullorum-disease-in-poultry,authoritative/raw/clinical_reference/www.merckvetmanual.com_poultry_salmonelloses_pullorum-disease-in-poultry.html,334739,378fc8d64c01510a33ff4e17bb4df1638280a9c8b8ffcf08ceb12d1aaf4f3af4,,downloaded,2026-04-28T07:40:26.170602+00:00,
SRC-0044,downloaded_from_master_or_curated_seed,clinical_reference,Merck Veterinary Manual - Staphylococcosis in Poultry,disease_reference_page,A2,clinical_reference,US,secondary,葡萄球菌病,https://www.merckvetmanual.com/poultry/staphylococcosis/staphylococcosis-in-poultry,https://www.merckvetmanual.com/poultry/staphylococcosis/staphylococcosis-in-poultry,authoritative/raw/clinical_reference/www.merckvetmanual.com_poultry_staphylococcosis_staphylococcosis-in-poultry.html,648897,f91c08b722b1d5c62f3caeaf9cb67f5f31cc388e2fe135da6cf1d3118948a117,,downloaded,2026-04-28T07:40:26.194977+00:00,
SRC-0001,seed_corpus,cn_official,农业农村部,official_notice,A0,regulation,CN,primary,中华人民共和国农业农村部公告 第573号 动物疫病病种名录,https://www.moa.gov.cn/govpublic/xmsyj/202206/t20220629_6403635.htm,https://www.moa.gov.cn/govpublic/xmsyj/202206/t20220629_6403635.htm,authoritative/raw/cn_official/moa_2022_573_animal_disease_catalog.html,74447,9866cef337a0b35eae9490862a325b97a23eb8f6b66ae4fd94e97f725e23a08d,text/html,copied,2026-04-28T07:40:26.079259+00:00,
SRC-0002,seed_corpus,cn_official,农业农村部,official_notice,A0,regulation,CN,primary,中华人民共和国农业农村部公告 第574号 动物卫生标准清单,https://www.moa.gov.cn/xw/bmdt/202206/t20220629_6403636.htm,https://www.moa.gov.cn/xw/bmdt/202206/t20220629_6403636.htm,authoritative/raw/cn_official/moa_2022_574_animal_health_standards_notice.html,116314,a8d5e7849c94f69930c1ffd51300b78214d10861c1d79389f6a0d92329fb9228,text/html,copied,2026-04-28T07:40:26.081782+00:00,
SRC-0010,seed_corpus,cn_official,农业农村部 / 国家卫生健康委员会 / 市场监管总局,official_pdf,A0,regulation,CN,primary,公告第594号 GB 31650.1-2022《食品安全国家标准 食品中41种兽药最大残留限量》及21项残留检测标准目录,https://www.moa.gov.cn/nybgb/2022/202210/202211/P020221115556927766576.pdf,https://www.moa.gov.cn/nybgb/2022/202210/202211/P020221115556927766576.pdf,authoritative/raw/cn_official/moa_2022_594_veterinary_residue_limits.pdf,1185728,f5b33d73dfdd07c923a761aec1c373a16c5bb5c7b1f13fc14a4169c429c745f4,application/pdf,copied,2026-04-28T07:40:26.110540+00:00,
SRC-0004,seed_corpus,cn_official,农业农村部,official_notice,A0,regulation,CN,primary,农业农村部关于印发《国家动物疫病强制免疫指导意见（2022—2025年）》的通知,https://www.moa.gov.cn/govpublic/xmsyj/202201/t20220107_6386445.htm,https://www.moa.gov.cn/govpublic/xmsyj/202201/t20220107_6386445.htm,authoritative/raw/cn_official/moa_2022_national_mandatory_immunization_guidance.html,56110,ce53212587888d65cc349dd48038315570b849ab1063afed41e31d8abba51829,text/html,copied,2026-04-28T07:40:26.087924+00:00,
SRC-0003,seed_corpus,cn_official,农业农村部,official_notice,A0,regulation,CN,primary,农业农村部关于印发《三类动物疫病防治规范》的通知,https://www.moa.gov.cn/govpublic/xmsyj/202206/t20220629_6403637.htm,https://www.moa.gov.cn/govpublic/xmsyj/202206/t20220629_6403637.htm,authoritative/raw/cn_official/moa_2022_three_category_disease_prevention_spec.html,78485,15029d8825c6fdd85758102b0288083af41dca206c45654175ef01b9cc2ea78c,text/html,copied,2026-04-28T07:40:26.084652+00:00,
SRC-0005,seed_corpus,cn_official,全国人大 / 中国政府法制信息,law_page,A0,regulation,CN,primary,中华人民共和国动物防疫法,https://www.moa.gov.cn/gk/zcfg/fl/202104/t20210425_6366545.htm,https://www.moa.gov.cn/gk/zcfg/fl/202104/t20210425_6366545.htm,authoritative/raw/cn_official/moa_animal_epidemic_prevention_law.html,98144,9467191d2e6371bcfa94d58182913824dbaa4dc7c3e49cd94ccfbfbf65be1c16,text/html,copied,2026-04-28T07:40:26.090779+00:00,
SRC-0007,seed_corpus,cn_official,农业农村部,official_rule,A0,product_label,CN,primary,兽药产品批准文号管理办法,https://www.moa.gov.cn/gk/nyncbgzk/gzk/202210/t20221012_6413161.htm,https://www.moa.gov.cn/gk/nyncbgzk/gzk/202210/t20221012_6413161.htm,authoritative/raw/cn_official/moa_veterinary_approval_number_management.html,442481,b03d2d303c7063bdc87227f1069f791c7350e5591dbb4e865b893245511019c6,text/html,copied,2026-04-28T07:40:26.095506+00:00,
SRC-0008,seed_corpus,cn_official,农业部办公厅,official_notice,A0,regulation,CN,primary,关于兽药基础信息查询系统试运行的通知,https://www.moa.gov.cn/govpublic/SYJ/201208/t20120824_2897256.htm,https://www.moa.gov.cn/govpublic/SYJ/201208/t20120824_2897256.htm,authoritative/raw/cn_official/moa_veterinary_base_info_query_trial_notice.html,44554,f00d7337f6c03d4308ea72b35243b2fe65203775a026e494d17199a9f1f38cb9,text/html,copied,2026-04-28T07:40:26.097143+00:00,
SRC-0006,seed_corpus,cn_official,农业农村部,official_rule,A0,product_label,CN,primary,兽药标签和说明书管理办法,https://www.moa.gov.cn/gk/nyncbgzk/gzk/202210/t20221012_6413171.htm,https://www.moa.gov.cn/gk/nyncbgzk/gzk/202210/t20221012_6413171.htm,authoritative/raw/cn_official/moa_veterinary_label_and_insert_management.html,74720,de1725cfa5864ceee97886b198b80ab02192dc3078ac5d5732b4ab68292e3b78,text/html,copied,2026-04-28T07:40:26.093190+00:00,
SRC-0009,seed_corpus,cn_official,农业农村部,official_news,A0,regulation,CN,primary,国家兽药综合查询 APP 升级版全面上线运行,https://www.moa.gov.cn/xw/zwdt/201807/t20180710_6153816.htm,https://www.moa.gov.cn/xw/zwdt/201807/t20180710_6153816.htm,authoritative/raw/cn_official/moa_veterinary_query_app_launch.html,50233,48a266ade44455e7c05dd0b2f1fe8b9728aabefaae701c6c9822933dda9adce3,text/html,copied,2026-04-28T07:40:26.099395+00:00,
SRC-0028,seed_corpus,cn_official,?????,official_stats_page,A0,regulation,CN,primary,2024????????????????????????,https://www.stats.gov.cn/xxgk/jd/sjjd2020/202407/t20240715_1955608.html,https://www.stats.gov.cn/xxgk/jd/sjjd2020/202407/t20240715_1955608.html,authoritative/raw/cn_official/stats_2024_h1_agriculture_summary.html,26569,72d16e9bcbc3c2202b5f87765a04b7f4ffbd164bd3c9af24a7320d52eb75847f,text/html,copied,2026-04-28T07:40:26.165245+00:00,
SRC-0026,seed_corpus,cn_official,?????,official_stats_page,A0,regulation,CN,primary,2025??????????????????????????,https://www.stats.gov.cn/zt_18555/zthd/lhfw/2026lhzt/2026sjjd/202602/t20260202_1962443.html,https://www.stats.gov.cn/zt_18555/zthd/lhfw/2026lhzt/2026sjjd/202602/t20260202_1962443.html,authoritative/raw/cn_official/stats_2025_national_livestock_summary.html,26253,f5d7e47b2b6c43888aa1c1aee04507f9638fc74033d078e2e774105738b069ff,text/html,copied,2026-04-28T07:40:26.160685+00:00,
SRC-0027,seed_corpus,cn_official,?????,official_stats_page,A0,regulation,CN,primary,2025??????????????????????????,https://www.stats.gov.cn/sj/sjjd/202504/t20250417_1959352.html,https://www.stats.gov.cn/sj/sjjd/202504/t20250417_1959352.html,authoritative/raw/cn_official/stats_2025_q1_agriculture_summary.html,91388,b59c988ca17c8db7dc23256623a88a194ae012eac236defc480c306c529f7df0,text/html,copied,2026-04-28T07:40:26.162682+00:00,
SRC-0062,downloaded_from_master_or_curated_seed,cn_official,农业部公告第2292号,regulatory_reference,A0,regulation,CN,primary,诺氟沙星,https://www.moa.gov.cn/xw/bmdt/201509/t20150907_4819267.htm,https://www.moa.gov.cn/xw/bmdt/201509/t20150907_4819267.htm,authoritative/raw/cn_official/t20150907_4819267.htm,50939,b93da05545ed93a00dd309904411f5a2c67931dd72c38e2b58f63d813d3eeab9,,downloaded,2026-04-28T07:40:26.219907+00:00,
SRC-0064,downloaded_from_master_or_curated_seed,cn_official,农业部公告第278号,regulatory_reference,A0,regulation,CN,primary,复方氨苄西林,https://www.moa.gov.cn/nybgb/2003/snqi/201711/t20171126_5919564.htm,https://www.moa.gov.cn/nybgb/2003/snqi/201711/t20171126_5919564.htm,authoritative/raw/cn_official/t20171126_5919564.htm,146,55f7d9e99b8e2d4e0e193b2f0275501e6d9c1ebd29cadbea6a0da48a8587e3e0,,downloaded,2026-04-28T07:40:26.223265+00:00,
SRC-0061,downloaded_from_master_or_curated_seed,cn_official,农业农村部公告第250号,regulatory_reference,A0,regulation,CN,primary,氯霉素,https://www.moa.gov.cn/govpublic/xmsyj/202001/t20200106_6334375.htm,https://www.moa.gov.cn/govpublic/xmsyj/202001/t20200106_6334375.htm,authoritative/raw/cn_official/t20200106_6334375.htm,52329,db59769e0f678b312d66260a0de00fe5f0c036de00d2863cf7487bcd969d0cdb,,downloaded,2026-04-28T07:40:26.218456+00:00,
SRC-0063,downloaded_from_master_or_curated_seed,cn_official,农业农村部公告第190号,regulatory_reference,A0,regulation,CN,primary,阿莫西林,https://www.moa.gov.cn/nybgb/2019/201907/202001/t20200106_6334395.htm,https://www.moa.gov.cn/nybgb/2019/201907/202001/t20200106_6334395.htm,authoritative/raw/cn_official/t20200106_6334395.htm,164906,625f551c902383bcdeb91df6e86a482114653e1149ee9933f9d7f8e90ed8c634,,downloaded,2026-04-28T07:40:26.221853+00:00,
SRC-0060,downloaded_from_master_or_curated_seed,cn_official,农业农村部公告第246号 + EMA MRL,regulatory_reference,A0,regulation,CN,primary,地克珠利,https://www.moa.gov.cn/nybgb/2020/202003/202004/t20200419_6341878.htm,https://www.moa.gov.cn/nybgb/2020/202003/202004/t20200419_6341878.htm,authoritative/raw/cn_official/t20200419_6341878.htm,2820194,6990cd6d173b830593bb2dbe7afdbd39a8bf8a5d5bee975705b1591f1941b984,,downloaded,2026-04-28T07:40:26.217487+00:00,
SRC-0058,downloaded_from_master_or_curated_seed,cn_official,农业农村部监督抽查通告 + 生产结果复核,regulatory_reference,A0,regulation,CN,primary,氟苯尼考,https://jgs.moa.gov.cn/gzdt/jgjdt/202312/t20231214_6442796.htm,https://jgs.moa.gov.cn/gzdt/jgjdt/202312/t20231214_6442796.htm,authoritative/raw/cn_official/t20231214_6442796.htm,127865,a3cbf524febc3679c7861fcb252ebd4360f953480844d864371ae868aa9d014c,,downloaded,2026-04-28T07:40:26.213092+00:00,
SRC-0023,seed_corpus,international,PubMed Central,open_access_review,B1,epidemiology,Global,secondary,Virus Shedding of Avian Influenza in Poultry: A Systematic Review and Meta-Analysis,https://pmc.ncbi.nlm.nih.gov/articles/PMC6784017/,https://pmc.ncbi.nlm.nih.gov/articles/PMC6784017/,authoritative/raw/international/pmc_avian_influenza_systematic_review.html,20357,02789b7e2f231f6d0f9880f1b87fe227d522db11e6f26b4634a94d627e8089e0,text/html; charset=utf-8,copied,2026-04-28T07:40:26.143811+00:00,
SRC-0022,seed_corpus,international,PubMed Central,open_access_review,B1,clinical_reference,Global,secondary,Review detection of Newcastle disease virus,https://pmc.ncbi.nlm.nih.gov/articles/PMC9378970/,https://pmc.ncbi.nlm.nih.gov/articles/PMC9378970/,authoritative/raw/international/pmc_nd_review_detection.html,20354,6f5b7812a4fe7cbf6d83b32671d47e0028b2e9e0064c928506b313837b397b21,text/html; charset=utf-8,copied,2026-04-28T07:40:26.141589+00:00,
SRC-0019,seed_corpus,international,WOAH,international_disease_page,A1,clinical_reference,WOAH,primary,WOAH 禽流感疾病页,https://www.woah.org/en/disease/avian-influenza/,https://www.woah.org/en/disease/avian-influenza/,authoritative/raw/international/woah_avian_influenza_disease_page.html,287599,f249a234f1648d25981436d7e1c7b5793b92f812d71f36e7a9df6652e75a5512,text/html; charset=UTF-8,copied,2026-04-28T07:40:26.133147+00:00,
SRC-0020,seed_corpus,international,WOAH,international_disease_page,A1,clinical_reference,WOAH,primary,WOAH 新城疫疾病页,https://www.woah.org/en/disease/newcastle-disease/,https://www.woah.org/en/disease/newcastle-disease/,authoritative/raw/international/woah_newcastle_disease_page.html,115590,1f4fb83f40d4bd9a01c2aba25d1934ab2d25ff895a9cc9d2fcda3f0db2be03f3,text/html; charset=UTF-8,copied,2026-04-28T07:40:26.135297+00:00,
SRC-0021,seed_corpus,international,WOAH,international_code_index,A1,regulation,WOAH,primary,WOAH 陆生动物卫生法典索引,https://www.woah.org/fileadmin/Home/eng/Health_standards/tahc/2021/en_index.htm,https://www.woah.org/fileadmin/Home/eng/Health_standards/tahc/2021/en_index.htm,authoritative/raw/international/woah_terrestrial_code_index.html,132774,246f4d5c1fee1e027ad267a78d48958c8fc5e00558b6e7ed78cb1ce6ececd944,text/html; charset=utf-8,copied,2026-04-28T07:40:26.139428+00:00,
SRC-0057,downloaded_from_master_or_curated_seed,international_technical,EMA maximum residue report,regulatory_reference,A1,regulation,EU,primary,甲硝唑,https://www.ema.europa.eu/en/documents/mrl-report/metronidazole-summary-report-committee-veterinary-medicinal-products_en.pdf,https://www.ema.europa.eu/en/documents/mrl-report/metronidazole-summary-report-committee-veterinary-medicinal-products_en.pdf,authoritative/raw/international_technical/metronidazole-summary-report-committee-veterinary-medicinal-products_en.pdf,41576,236e50e29e6bebddb746793dcadf33ffed9cd78068a1c18a85851f0a3dbde40e,,downloaded,2026-04-28T07:40:26.211984+00:00,
SRC-0067,downloaded_from_master_or_curated_seed,international_technical,WOAH,guideline_pdf,A1,diagnosis_standard,WOAH,primary,WOAH surveillance guideline for HPAI in smallholder poultry systems,https://www.woah.org/app/uploads/2026/01/2026-guidelines-avian-influenza-surveillance-en.pdf,https://www.woah.org/app/uploads/2026/01/2026-guidelines-avian-influenza-surveillance-en.pdf,authoritative/raw/international_technical/woah_2026_hpai_surveillance_smallholder_guideline.pdf,2120919,d30041aa7fb15cb80e12b7b850a19db4ea461a15fa2c1a71f92863917304102e,,downloaded,2026-04-28T07:40:26.230430+00:00,
SRC-0066,downloaded_from_master_or_curated_seed,international_technical,WOAH,manual_pdf,A1,diagnosis_standard,WOAH,primary,WOAH Terrestrial Manual chapter 3.3.14 Newcastle disease,https://www.woah.org/fileadmin/Home/eng/Health_standards/tahm/3.03.14_NEWCASTLE_DIS.pdf,https://www.woah.org/fileadmin/Home/eng/Health_standards/tahm/3.03.14_NEWCASTLE_DIS.pdf,authoritative/raw/international_technical/woah_terrestrial_manual_3_3_14_newcastle_disease.pdf,410289,d3f18db164d6e66a81d6f9983bc6c788edc8e00781949410b89920a966d83634,,downloaded,2026-04-28T07:40:26.226855+00:00,
SRC-0065,downloaded_from_master_or_curated_seed,international_technical,WOAH,manual_pdf,A1,diagnosis_standard,WOAH,primary,WOAH Terrestrial Manual chapter 3.3.4 Avian influenza,https://www.woah.org/fileadmin/Home/eng/Health_standards/tahm/3.03.04_AI.pdf,https://www.woah.org/fileadmin/Home/eng/Health_standards/tahm/3.03.04_AI.pdf,authoritative/raw/international_technical/woah_terrestrial_manual_3_3_4_avian_influenza.pdf,411965,5f56857991d01546fdc81812f8d2588f48f128682c171f86d12c0f17ab94c540,,downloaded,2026-04-28T07:40:26.224726+00:00,
SRC-0059,downloaded_from_master_or_curated_seed,international_technical,EMA referral,regulatory_reference,A1,regulation,EU,primary,盐酸多西环素,https://www.ema.europa.eu/en/medicines/veterinary/referrals/doxycycline-50-wsp,https://www.ema.europa.eu/en/medicines/veterinary/referrals/doxycycline-50-wsp,authoritative/raw/international_technical/www.ema.europa.eu_en_medicines_veterinary_referrals_doxycycline-50-wsp.html,153759,4f0912ec66da32dccec285a82e50d86ae22d64b6e199ef9a6850bbbeb66c4e7f,,downloaded,2026-04-28T07:40:26.214128+00:00,
SRC-0014,seed_corpus,standards,全国动物卫生标准化技术委员会,standard_page,A0,diagnosis_standard,CN,primary,GB/T 18936-2020 高致病性禽流感诊断技术,https://std.cahec.cn/gb/details/493.html,https://std.cahec.cn/gb/details/493.html,authoritative/raw/standards/cahec_gbt_18936_2020_hpai_diagnosis.html,10703,520caee6417d3af3fc7acd7ff5dcd1c9b9b441936d3c4c8e81f4c1e731a18ae5,text/html,copied,2026-04-28T07:40:26.121768+00:00,
SRC-0015,seed_corpus,standards,全国动物卫生标准化技术委员会,standard_page,A0,diagnosis_standard,CN,primary,GB/T 19167-2020 传染性法氏囊病诊断技术,https://std.cahec.cn/gb/details/494.html,https://std.cahec.cn/gb/details/494.html,authoritative/raw/standards/cahec_gbt_19167_2020_ibd_diagnosis.html,10694,ba101dab2a61e8a83ec58e761926656609d9f1da7cae151c237639dd9df25431,text/html,copied,2026-04-28T07:40:26.124058+00:00,
SRC-0018,seed_corpus,standards,全国动物卫生标准化技术委员会,standard_page,A0,diagnosis_standard,CN,primary,GB/T 36873-2018 原种鸡群禽白血病净化检测规程,https://std.cahec.cn/gb/details/415.html,https://std.cahec.cn/gb/details/415.html,authoritative/raw/standards/cahec_gbt_36873_2018_avian_leukosis_purification.html,10682,5b59a1a13475dcf4a789bfcc93b949946e641c6c91adeb02f5e02cdd9fa3cdc4,text/html,copied,2026-04-28T07:40:26.130732+00:00,
SRC-0025,seed_corpus,standards,??????????????,standard_pdf,A0,diagnosis_standard,CN,primary,GB/T 36873-2018 ?????????????? PDF,https://std.cahec.cn/std/File/20191218/58901576657150.pdf,https://std.cahec.cn/std/File/20191218/58901576657150.pdf,authoritative/raw/standards/cahec_gbt_36873_2018_avian_leukosis_purification.pdf,681726,fe551a331183a393c528d7f9df15c0d3e496ec18ee57e0e55ccf1b7199d03297,application/pdf,copied,2026-04-28T07:40:26.158436+00:00,
SRC-0016,seed_corpus,standards,全国动物卫生标准化技术委员会,standard_page,A0,diagnosis_standard,CN,primary,NY/T 556-2020 鸡传染性喉气管炎诊断技术,https://std.cahec.cn/qb/details/537.html,https://std.cahec.cn/qb/details/537.html,authoritative/raw/standards/cahec_nyt_556_2020_ilt_diagnosis.html,10662,0799a19f40e18e5566353a91b705f5de6fe3bc94c9c735a1f0eb719fde3b62fd,text/html,copied,2026-04-28T07:40:26.125919+00:00,
SRC-0024,seed_corpus,standards,??????????????,standard_pdf,A0,diagnosis_standard,CN,primary,NY/T 556-2020 ???????????? PDF,https://std.cahec.cn/std/File/20210830/82541630308448.pdf,https://std.cahec.cn/std/File/20210830/82541630308448.pdf,authoritative/raw/standards/cahec_nyt_556_2020_ilt_diagnosis.pdf,3515183,1a1c4612ff507da6931237f4b8813c3317fea0d15082b68f19f859264b5565a6,application/pdf,copied,2026-04-28T07:40:26.155011+00:00,
SRC-0011,seed_corpus,standards,全国动物卫生标准化技术委员会,standards_index,A0,diagnosis_standard,CN,primary,家禽动物卫生国家标准索引页,https://std.cahec.cn/gb/12_2.html,https://std.cahec.cn/gb/12_2.html,authoritative/raw/standards/cahec_poultry_national_standards_index.html,14912,0c4aab5c91f2e18368506da82548ea3fd89c2ecc61b5a477fa13fb03c1a7f50e,text/html,copied,2026-04-28T07:40:26.112563+00:00,
SRC-0012,seed_corpus,standards,国家标准全文公开系统,standard_page,A0,diagnosis_standard,CN,primary,GB/T 16550-2020 新城疫诊断技术,https://openstd.samr.gov.cn/bzgk/std/newGbInfo?hcno=DAA58A6FCC696F91339EED5BF8460CAB,https://openstd.samr.gov.cn/bzgk/std/newGbInfo?hcno=DAA58A6FCC696F91339EED5BF8460CAB,authoritative/raw/standards/openstd_gbt_16550_2020_newcastle_diagnosis.html,24131,da3bd2be219b3cb3778163e71e46cf7a924f8738c1de6302b749f9c68d94b740,text/html;charset=utf-8,copied,2026-04-28T07:40:26.115902+00:00,
SRC-0013,seed_corpus,standards,国家标准全文公开系统,standard_page,A0,diagnosis_standard,CN,primary,GB/T 23197-2022 鸡传染性支气管炎诊断技术,https://openstd.samr.gov.cn/bzgk/std/newGbInfo?hcno=E047C85709682D29ABE9153B0D2154AD,https://openstd.samr.gov.cn/bzgk/std/newGbInfo?hcno=E047C85709682D29ABE9153B0D2154AD,authoritative/raw/standards/openstd_gbt_23197_2022_ib_diagnosis.html,24150,4c516156fcdd393c48bdef41565652e431d2672789b396036aaa063c644b9a21,text/html;charset=utf-8,copied,2026-04-28T07:40:26.118007+00:00,
SRC-0017,seed_corpus,standards,国家标准全文公开系统,standard_page,A0,diagnosis_standard,CN,primary,GB/T 43173-2023 鸡白痢净化检测规程,https://openstd.samr.gov.cn/bzgk/std/newGbInfo?hcno=B5722D3A5519C618E966E9290DE31E08,https://openstd.samr.gov.cn/bzgk/std/newGbInfo?hcno=B5722D3A5519C618E966E9290DE31E08,authoritative/raw/standards/openstd_gbt_43173_2023_pullorum_purification.html,24175,c99101562aeb8b17794a30c50bd8d885b468765443458fe7477e31f2d8afdaab,text/html;charset=utf-8,copied,2026-04-28T07:40:26.127797+00:00,
SRC-0068,downloaded_from_web_access_refresh,cn_official,农业农村部,official_attachment_docx,A0,product_label,CN,primary,兽药产品批准文号管理办法 docx 附件,https://www.moa.gov.cn/gk/nyncbgzk/gzk/202210/P020230828576585037115.docx,https://www.moa.gov.cn/gk/nyncbgzk/gzk/202210/P020230828576585037115.docx,authoritative/raw/cn_official/moa_veterinary_approval_number_management_attachment.docx,49821,9913982312b93c278e37ef68c1ab338c8477eeb96725f2bddd635bde4eabb278,application/vnd.openxmlformats-officedocument.wordprocessingml.document,downloaded,2026-04-28T08:59:32.347580+00:00,
SRC-0069,downloaded_from_web_access_refresh,cn_official,农业农村部,official_attachment_pdf,A0,product_label,CN,primary,兽药产品批准文号管理办法 pdf 附件,https://www.moa.gov.cn/gk/nyncbgzk/gzk/202210/P020230828576585561027.pdf,https://www.moa.gov.cn/gk/nyncbgzk/gzk/202210/P020230828576585561027.pdf,authoritative/raw/cn_official/moa_veterinary_approval_number_management_attachment.pdf,787454,640b519d8fe0cc1d2eef3abb9f31f48592858a76cc76be991ac7287e4c7ae3ca,application/pdf,downloaded,2026-04-28T08:59:32.786962+00:00,
SRC-0070,downloaded_from_web_access_refresh,cn_official,农业农村部,official_attachment_docx,A0,product_label,CN,primary,兽药标签和说明书管理办法 docx 附件,https://www.moa.gov.cn/gk/nyncbgzk/gzk/202210/P020230828568543833749.docx,https://www.moa.gov.cn/gk/nyncbgzk/gzk/202210/P020230828568543833749.docx,authoritative/raw/cn_official/moa_veterinary_label_and_insert_management_attachment.docx,39694,39c509158eec6430fe1aaeb28e28b4a1e22f6582083be2051cbabd26d88d7cda,application/vnd.openxmlformats-officedocument.wordprocessingml.document,downloaded,2026-04-28T08:59:33.040015+00:00,
SRC-0071,downloaded_from_web_access_refresh,cn_official,农业农村部,official_attachment_pdf,A0,product_label,CN,primary,兽药标签和说明书管理办法 pdf 附件,https://www.moa.gov.cn/gk/nyncbgzk/gzk/202210/P020230828568544308815.pdf,https://www.moa.gov.cn/gk/nyncbgzk/gzk/202210/P020230828568544308815.pdf,authoritative/raw/cn_official/moa_veterinary_label_and_insert_management_attachment.pdf,368696,d6e9bae724caf0549be4f81bebc4b719ea91a7fe5fb681a0c62e79062a47d8ca,application/pdf,downloaded,2026-04-28T08:59:33.542403+00:00,
SRC-0072,downloaded_from_web_access_refresh,standards,全国动物卫生标准化技术委员会,standard_compendium_pdf,A0,diagnosis_standard,CN,primary,动物卫生国家标准选编 PDF（含禽病相关标准汇编）,https://std.cahec.cn/std/File/20200211/75551581405399.pdf,https://std.cahec.cn/std/File/20200211/75551581405399.pdf,authoritative/raw/standards/cahec_animal_health_national_standards_compendium_2020.pdf,268552,83b778d40efea67a42049840d6436ae6e5c239f45092180f56fa6d4df1aa7657,application/pdf,downloaded,2026-04-28T08:59:34.834746+00:00,
SRC-0073,downloaded_from_web_access_refresh,standards,全国动物卫生标准化技术委员会,standard_page,A0,diagnosis_standard,CN,primary,GB/T 18643-2021 鸡马立克氏病诊断技术,https://std.cahec.cn/gb/details/502.html,https://std.cahec.cn/gb/details/502.html,authoritative/raw/standards/cahec_gbt_18643_2021_marek_diagnosis.html,10516,07a4bc8c2c3aca4c3d1d0287ad8f618473837b0c68a49240dbb71606564dd29c,text/html,downloaded,2026-04-28T08:59:35.088906+00:00,
SRC-0074,downloaded_from_web_access_refresh,standards,全国动物卫生标准化技术委员会,standard_page,A0,diagnosis_standard,CN,primary,GB/T 18936-2025 禽流感诊断技术,https://std.cahec.cn/gb/details/1841.html,https://std.cahec.cn/gb/details/1841.html,authoritative/raw/standards/cahec_gbt_18936_2025_avian_influenza_diagnosis.html,10562,29a699c0d0a7983f9ecd81dd4b1ea24814373ed7ceb8c1ec50e261b23ceede20,text/html,downloaded,2026-04-28T08:59:35.389130+00:00,
SRC-0075,downloaded_from_web_access_refresh,standards,全国动物卫生标准化技术委员会,standard_page,A0,diagnosis_standard,CN,primary,GB/T 47129-2026 鸡红螨病诊断技术,https://std.cahec.cn/gb/details/2501.html,https://std.cahec.cn/gb/details/2501.html,authoritative/raw/standards/cahec_gbt_47129_2026_chicken_red_mite_diagnosis.html,10559,4ef1159356ac641c0d1fcf0bc57d1a88522b43f88b2c6f01c7c5452b8f70dbe1,text/html,downloaded,2026-04-28T08:59:35.716780+00:00,
SRC-0076,downloaded_from_web_access_refresh,standards,全国动物卫生标准化技术委员会,standard_page,A0,diagnosis_standard,CN,primary,NY/T 680-2003 禽白血病病毒 p27 抗原酶联免疫吸附试验方法,https://std.cahec.cn/qb/details/259.html,https://std.cahec.cn/qb/details/259.html,authoritative/raw/standards/cahec_nyt_680_2003_avian_leukosis_p27_elisa.html,10680,2e23d8258c08ba3e5c55800724db8f90561d8c1130b825633fec24004eba4690,text/html,downloaded,2026-04-28T08:59:36.046794+00:00,
SRC-0077,downloaded_from_web_access_refresh,standards,全国动物卫生标准化技术委员会,standard_pdf,A0,diagnosis_standard,CN,primary,NY/T 680-2003 禽白血病病毒 p27 抗原酶联免疫吸附试验方法 PDF,https://std.cahec.cn/std/File/20171111/96121510384206.pdf,https://std.cahec.cn/std/File/20171111/96121510384206.pdf,authoritative/raw/standards/cahec_nyt_680_2003_avian_leukosis_p27_elisa.pdf,115720,73c583316f6add5cd915c32f0de6cd6738a3981da314f0cc2f6f6aa8f2347254,application/pdf,downloaded,2026-04-28T08:59:36.706373+00:00,
SRC-0078,downloaded_from_web_access_refresh,standards,全国动物卫生标准化技术委员会,standard_page,A0,diagnosis_standard,CN,primary,NY/T 770-2004 高致病性禽流感监测技术规范,https://std.cahec.cn/qb/details/268.html,https://std.cahec.cn/qb/details/268.html,authoritative/raw/standards/cahec_nyt_770_2004_hpai_surveillance.html,10643,792c140d45eada278fdf15c1c59e3f4565f10205a1233915b879f5aa173ec960,text/html,downloaded,2026-04-28T08:59:37.061223+00:00,
SRC-0079,downloaded_from_web_access_refresh,standards,全国动物卫生标准化技术委员会,standard_pdf,A0,diagnosis_standard,CN,primary,NY/T 770-2004 高致病性禽流感监测技术规范 PDF,https://std.cahec.cn/std/File/20171111/75131510384385.pdf,https://std.cahec.cn/std/File/20171111/75131510384385.pdf,authoritative/raw/standards/cahec_nyt_770_2004_hpai_surveillance.pdf,200040,16af8a75d142d89dbb916939f52941d8e939ddcd7c7cb0899fbd3e5f24ae1bc8,application/pdf,downloaded,2026-04-28T08:59:38.212507+00:00,
SRC-0080,downloaded_from_web_access_refresh,standards,全国动物卫生标准化技术委员会,standard_page,A0,diagnosis_standard,CN,primary,NY/T 553-2015 禽支原体 PCR 检测方法,https://std.cahec.cn/qb/details/313.html,https://std.cahec.cn/qb/details/313.html,authoritative/raw/standards/cahec_nyt_553_2015_avian_mycoplasma_pcr.html,10574,47373aa1b5a74e75ca8edd26504731ca037d38f45a37c27014fe131bd4fa1d8d,text/html,downloaded,2026-04-28T08:59:38.446673+00:00,
SRC-0081,downloaded_from_web_access_refresh,standards,全国动物卫生标准化技术委员会,standard_pdf,A0,diagnosis_standard,CN,primary,NY/T 553-2015 禽支原体 PCR 检测方法 PDF,https://std.cahec.cn/std/File/20171111/57561510385371.pdf,https://std.cahec.cn/std/File/20171111/57561510385371.pdf,authoritative/raw/standards/cahec_nyt_553_2015_avian_mycoplasma_pcr.pdf,266631,f24018ba1218f1562234719ff9d09becba27aabda72a82d21aed8eee107d6d04,application/pdf,downloaded,2026-04-28T08:59:39.449560+00:00,
SRC-0082,downloaded_from_web_access_refresh,clinical_reference,Merck Veterinary Manual,disease_reference_page,A2,clinical_reference,US,secondary,禽白血病,https://www.merckvetmanual.com/poultry/neoplasms-in-poultry/avian-leukosis-in-poultry?autoredirectid=23791,https://www.merckvetmanual.com/poultry/neoplasms-in-poultry/avian-leukosis-in-poultry?autoredirectid=23791,authoritative/raw/clinical_reference/www.merckvetmanual.com_poultry_neoplasms-in-poultry_avian-leukosis-in-poultry.html,334242,ffc045a7f55c2266f935768e81388530090cfdcf85794e7bf703f4cf0a0dffe6,text/html; charset=utf-8,downloaded,2026-04-28T08:59:44.492810+00:00,
SRC-0083,downloaded_from_web_access_refresh,clinical_reference,Merck Veterinary Manual,disease_reference_page,A2,clinical_reference,US,secondary,网状内皮组织增生症,https://www.merckvetmanual.com/poultry/neoplasms-in-poultry/reticuloendotheliosis-in-poultry?autoredirectid=23789,https://www.merckvetmanual.com/poultry/neoplasms-in-poultry/reticuloendotheliosis-in-poultry?autoredirectid=23789,authoritative/raw/clinical_reference/www.merckvetmanual.com_poultry_neoplasms-in-poultry_reticuloendotheliosis-in-poultry.html,258209,cd2910131c6973b140dbad3d64ea9bfe83157d4c128df5c265912fc1eee6a264,text/html; charset=utf-8,downloaded,2026-04-28T08:59:50.785621+00:00,
SRC-0084,downloaded_from_web_access_refresh,clinical_reference,Merck Veterinary Manual,disease_reference_page,A2,clinical_reference,US,secondary,鸡传染性贫血,https://www.merckvetmanual.com/poultry/chicken-anemia-virus-infection/chicken-anemia-virus-infection,https://www.merckvetmanual.com/poultry/chicken-anemia-virus-infection/chicken-anemia-virus-infection,authoritative/raw/clinical_reference/www.merckvetmanual.com_poultry_chicken-anemia-virus-infection_chicken-anemia-virus-infection.html,334097,61bb20dc4dcfad8f9cd24b591832395348b96cc3835c52aed55cbacc52af6b68,text/html; charset=utf-8,downloaded,2026-04-28T08:59:53.515409+00:00,
SRC-0085,downloaded_from_web_access_refresh,clinical_reference,Merck Veterinary Manual,disease_reference_page,A2,clinical_reference,US,secondary,病毒性关节炎,https://www.merckvetmanual.com/poultry/viral-arthritis/viral-arthritis-in-poultry,https://www.merckvetmanual.com/poultry/viral-arthritis/viral-arthritis-in-poultry,authoritative/raw/clinical_reference/www.merckvetmanual.com_poultry_viral-arthritis_viral-arthritis-in-poultry.html,340189,5e5069d5e03d71de04d1d82f20b2e500a067b638f6b294933b2e34ec933c9d49,text/html; charset=utf-8,downloaded,2026-04-28T08:59:58.385711+00:00,
SRC-0086,downloaded_from_web_access_refresh,clinical_reference,Merck Veterinary Manual,disease_reference_page,A2,clinical_reference,US,secondary,包涵体肝炎和肝炎心包积液综合征,https://www.merckvetmanual.com/poultry/inclusion-body-hepatitis-and-hydropericardium-syndrome/inclusion-body-hepatitis-and-hepatitis-hydropericardium-syndrome-in-poultry,https://www.merckvetmanual.com/poultry/inclusion-body-hepatitis-and-hepatitis-hydropericardium-syndrome/inclusion-body-hepatitis-and-hepatitis-hydropericardium-syndrome-in-poultry?autoredirectid=28444,authoritative/raw/clinical_reference/www.merckvetmanual.com_poultry_inclusion-body-hepatitis-and-hydropericardium-syndrome_inclusion-body-hepatitis-and-hepatitis-hydropericardium-syndrome-in-poultry.html,349819,7ecbf9b93fb71cddf351ded022da3499743576ca624c617d36cbba625091f1c8,text/html; charset=utf-8,downloaded,2026-04-28T09:00:05.880731+00:00,
SRC-0087,downloaded_from_web_access_refresh,clinical_reference,Merck Veterinary Manual,disease_reference_page,A2,clinical_reference,US,secondary,脐炎,https://www.merckvetmanual.com/poultry/omphalitis/omphalitis-in-poultry,https://www.merckvetmanual.com/poultry/omphalitis/omphalitis-in-poultry,authoritative/raw/clinical_reference/www.merckvetmanual.com_poultry_omphalitis_omphalitis-in-poultry.html,266156,8a3c86d11b1e2702f3c8d389567f20816c7164bd853919adeb75449b30edc685,text/html; charset=utf-8,downloaded,2026-04-28T09:00:10.805319+00:00,
SRC-0088,downloaded_from_web_access_refresh,clinical_reference,Merck Veterinary Manual,disease_reference_page,A2,clinical_reference,US,secondary,溃疡性肠炎,https://www.merckvetmanual.com/poultry/ulcerative-enteritis/ulcerative-enteritis-in-poultry,https://www.merckvetmanual.com/poultry/ulcerative-enteritis/ulcerative-enteritis-in-poultry,authoritative/raw/clinical_reference/www.merckvetmanual.com_poultry_ulcerative-enteritis_ulcerative-enteritis-in-poultry.html,290841,a88778d0792116261874462b8c6b80f3e1ff0041b89ec3a9ae8960281dbe1b64,text/html; charset=utf-8,downloaded,2026-04-28T09:00:15.578760+00:00,
SRC-0089,downloaded_from_web_access_refresh,clinical_reference,Merck Veterinary Manual,disease_reference_page,A2,clinical_reference,US,secondary,念珠菌病,https://www.merckvetmanual.com/poultry/candidiasis-in-poultry/candidiasis-in-poultry,https://www.merckvetmanual.com/poultry/candidiasis-in-poultry/candidiasis-in-poultry,authoritative/raw/clinical_reference/www.merckvetmanual.com_poultry_candidiasis-in-poultry_candidiasis-in-poultry.html,265748,097e6cffb9683dee2d9e89dee73776aa16ef59f7200b919246932a07621414f4,text/html; charset=utf-8,downloaded,2026-04-28T09:00:19.533230+00:00,
SRC-0090,downloaded_from_web_access_refresh,clinical_reference,Merck Veterinary Manual,disease_reference_page,A2,clinical_reference,US,secondary,肠球菌病,https://www.merckvetmanual.com/poultry/enterococcosis/enterococcosis-in-poultry,https://www.merckvetmanual.com/poultry/enterococcosis/enterococcosis-in-poultry,authoritative/raw/clinical_reference/www.merckvetmanual.com_poultry_enterococcosis_enterococcosis-in-poultry.html,323084,c8fc2a6a06ad661f3e903e9cb0d1f186b0f1cb15673270b28dd1e6ffa635e809,text/html; charset=utf-8,downloaded,2026-04-28T09:00:23.034395+00:00,
SRC-0091,downloaded_from_web_access_refresh,clinical_reference,Merck Veterinary Manual,disease_reference_page,A2,clinical_reference,US,secondary,病毒性肠炎总论,https://www.merckvetmanual.com/poultry/viral-enteritis/viral-enteritis-in-poultry?media=print,https://www.merckvetmanual.com/poultry/viral-enteritis-in-poultry/overview-of-viral-enteritis-in-poultry?autoredirectid=25436&media=print,authoritative/raw/clinical_reference/www.merckvetmanual.com_poultry_viral-enteritis_viral-enteritis-in-poultry.html,181417,de9314b767c2425a11ac5684d6d7665ea7634e92755edd07667224acb1f02986,text/html; charset=utf-8,downloaded,2026-04-28T09:00:26.529614+00:00,
SRC-0092,downloaded_from_web_access_refresh,clinical_reference,Merck Veterinary Manual,disease_reference_page,A2,clinical_reference,US,secondary,轮状病毒感染,https://www.merckvetmanual.com/poultry/viral-enteritis-in-poultry/rotavirus-infections-of-poultry?autoredirectid=25426,https://www.merckvetmanual.com/poultry/viral-enteritis-in-poultry/rotavirus-infections-of-poultry?autoredirectid=25426,authoritative/raw/clinical_reference/www.merckvetmanual.com_poultry_viral-enteritis-in-poultry_rotavirus-infections-of-poultry.html,246840,56f0b7b48a2b928262fa9c6d5751b4cdfda3ee985dc3ce8c98e055e67d9dd1f1,text/html; charset=utf-8,downloaded,2026-04-28T09:00:29.145928+00:00,
SRC-0093,downloaded_from_web_access_refresh,clinical_reference,Merck Veterinary Manual,disease_reference_page,A2,clinical_reference,US,secondary,小核糖核酸病毒感染,https://www.merckvetmanual.com/poultry/viral-enteritis-in-poultry/picornavirus-infections-in-poultry,https://www.merckvetmanual.com/poultry/viral-enteritis-in-poultry/picornavirus-infections-in-poultry,authoritative/raw/clinical_reference/www.merckvetmanual.com_poultry_viral-enteritis-in-poultry_picornavirus-infections-in-poultry.html,235219,c902b0c1f42e5532518af5498e74ffe65d70633ac6bce98c5366eca423261d0c,text/html; charset=utf-8,downloaded,2026-04-28T09:00:31.957039+00:00,
SRC-0094,downloaded_from_web_access_refresh,standards,全国动物卫生标准化技术委员会,standard_page,A0,diagnosis_standard,CN,primary,GB/T 23197-2008 鸡传染性支气管炎诊断技术,https://std.cahec.cn/gb/details/167.html,https://std.cahec.cn/gb/details/167.html,authoritative/raw/standards/cahec_gbt_23197_2008_infectious_bronchitis.html,10612,c5c2ab33467de87aa0ee1f9aee1d69e1f3a043386597000cabf409534ceea4ec,text/html,downloaded,2026-04-28T11:34:11.277913+00:00,
SRC-0095,downloaded_from_web_access_refresh,standards,全国动物卫生标准化技术委员会,standard_pdf,A0,diagnosis_standard,CN,primary,GB/T 23197-2008 鸡传染性支气管炎诊断技术 PDF,https://std.cahec.cn/std/File/20171111/26551510380267.pdf,https://std.cahec.cn/std/File/20171111/26551510380267.pdf,authoritative/raw/standards/cahec_gbt_23197_2008_infectious_bronchitis.pdf,1004326,6dc149975e3e57da4355e5c806b0c9b73c3223f02f67e29cc1fc77910159054a,application/pdf,downloaded,2026-04-28T11:34:13.303931+00:00,
SRC-0096,downloaded_from_web_access_refresh,standards,全国动物卫生标准化技术委员会,standard_page,A0,diagnosis_standard,CN,primary,NY/T 3791-2020 鸡心包积液综合征诊断技术,https://std.cahec.cn/qb/details/536.html,https://std.cahec.cn/qb/details/536.html,authoritative/raw/standards/cahec_nyt_3791_2020_hydropericardium_syndrome.html,10761,321857a30ccf890431497852fde7d51acc3781f13c37fbddde1df8b30ec0d115,text/html,downloaded,2026-04-28T11:34:14.510658+00:00,
SRC-0097,downloaded_from_web_access_refresh,standards,全国动物卫生标准化技术委员会,standard_pdf,A0,diagnosis_standard,CN,primary,NY/T 3791-2020 鸡心包积液综合征诊断技术 PDF,https://std.cahec.cn/std/File/20210830/84731630308358.pdf,https://std.cahec.cn/std/File/20210830/84731630308358.pdf,authoritative/raw/standards/cahec_nyt_3791_2020_hydropericardium_syndrome.pdf,3028105,9f4821a5809cba1defbd9b7b663e95501b25d2379178486df48345558137b71c,application/pdf,downloaded,2026-04-28T11:34:18.696939+00:00,
SRC-0098,downloaded_from_web_access_refresh,clinical_reference,Merck Veterinary Manual,disease_reference_page,A2,clinical_reference,US,secondary,禽丹毒,https://www.merckvetmanual.com/poultry/erysipelas/erysipelas-in-poultry,https://www.merckvetmanual.com/poultry/erysipelas/erysipelas-in-poultry,authoritative/raw/clinical_reference/www.merckvetmanual.com_poultry_erysipelas_erysipelas-in-poultry.html,357885,b8b7c3b12eb8f3d4ff132202474dd0725618a23b0aaec1c0dac552a4278a40c6,text/html; charset=utf-8,downloaded,2026-04-28T11:34:23.572028+00:00,
SRC-0099,downloaded_from_web_access_refresh,clinical_reference,Merck Veterinary Manual,disease_reference_page,A2,clinical_reference,US,secondary,弯曲杆菌感染,https://www.merckvetmanual.com/poultry/campylobacteriosis-in-birds/campylobacteriosis-in-birds,https://www.merckvetmanual.com/poultry/campylobacteriosis-in-birds/campylobacteriosis-in-birds,authoritative/raw/clinical_reference/www.merckvetmanual.com_poultry_campylobacter-infections_campylobacter-infections-in-poultry.html,131454,203d00cb91a633d1feb7cdccad8851691d60fab5d741fe95eab5408f8632a01a,,downloaded,2026-04-28T11:34:31.332591+00:00,
SRC-0100,downloaded_from_web_access_refresh,clinical_reference,Merck Veterinary Manual,disease_reference_page,A2,clinical_reference,US,secondary,偏肺病毒感染,https://www.merckvetmanual.com/poultry/avian-metapneumovirus/avian-metapneumovirus,https://www.merckvetmanual.com/poultry/avian-metapneumovirus/avian-metapneumovirus,authoritative/raw/clinical_reference/www.merckvetmanual.com_poultry_turkey-rhinotracheitis_avian-metapneumovirus-infection-in-poultry.html,131454,203d00cb91a633d1feb7cdccad8851691d60fab5d741fe95eab5408f8632a01a,,downloaded,2026-04-28T11:34:38.385247+00:00,
SRC-0101,downloaded_from_web_access_refresh,clinical_reference,Merck Veterinary Manual,disease_reference_page,A2,clinical_reference,US,secondary,隐孢子虫病,https://www.merckvetmanual.com/poultry/cryptosporidiosis/cryptosporidiosis-in-poultry,https://www.merckvetmanual.com/poultry/cryptosporidiosis-in-poultry/cryptosporidiosis-in-poultry?autoredirectid=21575,authoritative/raw/clinical_reference/www.merckvetmanual.com_poultry_cryptosporidiosis_cryptosporidiosis-in-poultry.html,265205,356fad160de88076310ad27a16c31e2574f17ec376067c63b252b9f951180af4,text/html; charset=utf-8,downloaded,2026-04-28T11:34:47.367863+00:00,
SRC-0102,downloaded_from_web_access_refresh_round2,standards,全国动物卫生标准化技术委员会,standard_page,A0,diagnosis_standard,CN,primary,NY/T 3072-2017 禽结核病诊断技术,https://std.cahec.cn/qb/details/364.html,https://std.cahec.cn/qb/details/364.html,authoritative/raw/standards/cahec_nyt_3072_2017_avian_tuberculosis.html,10721,44e2981960a970bb2f3904ca0db62e740575b820b94e013cb1e239431a40f5c5,text/html,downloaded,2026-04-28T12:32:03.180221+00:00,
SRC-0103,downloaded_from_web_access_refresh_round2,standards,全国动物卫生标准化技术委员会,standard_page,A0,diagnosis_standard,CN,primary,NY/T 3072-2017 禽结核病诊断技术,https://std.cahec.cn/qb/details/364.html,https://std.cahec.cn/qb/details/364.html,authoritative/raw/standards/cahec_nyt_3072_2017_avian_tuberculosis.html,14094762,c9f0736c0b13b05998a83ffb58a8bbb3051293722a9f247f80bc350ad7d33e26,text/html,downloaded,2026-04-28T12:32:14.075409+00:00,
SRC-0104,downloaded_from_web_access_refresh_round2,standards,全国动物卫生标准化技术委员会,standard_page,A0,diagnosis_standard,CN,primary,NY/T 551-2017 鸡产蛋下降综合征诊断技术,https://std.cahec.cn/qb/details/360.html,https://std.cahec.cn/qb/details/360.html,authoritative/raw/standards/cahec_nyt_551_2017_egg_drop_syndrome.html,10746,9760d13e5850a8021952d6177839452f9f9f13094a96137171a1d5f54d6ac201,text/html,downloaded,2026-04-28T12:32:15.509327+00:00,
SRC-0105,downloaded_from_web_access_refresh_round2,standards,全国动物卫生标准化技术委员会,standard_page,A0,diagnosis_standard,CN,primary,NY/T 551-2017 鸡产蛋下降综合征诊断技术,https://std.cahec.cn/qb/details/360.html,https://std.cahec.cn/qb/details/360.html,authoritative/raw/standards/cahec_nyt_551_2017_egg_drop_syndrome.html,16880580,c11cd4c8edb1e5ef0432e196d4c7378cf30cb2ab1ee2e5780c58020da2871922,text/html,downloaded,2026-04-28T12:32:30.094868+00:00,
SRC-0106,downloaded_from_web_access_refresh_round2,standards,全国动物卫生标准化技术委员会,standard_page,A0,diagnosis_standard,CN,primary,NY/T 540-2023 鸡病毒性关节炎诊断技术,https://std.cahec.cn/qb/details/1211.html,https://std.cahec.cn/qb/details/1211.html,authoritative/raw/standards/cahec_nyt_536_2023_viral_arthritis.html,10655,8a8f1770824bd1753a390df8457a84f26b0c40653ed1c419d4709d423f46cd80,text/html,downloaded,2026-04-28T12:32:30.336635+00:00,
SRC-0107,downloaded_from_web_access_refresh_round2,standards,全国动物卫生标准化技术委员会,standard_page,A0,diagnosis_standard,CN,primary,NY/T 540-2023 鸡病毒性关节炎诊断技术,https://std.cahec.cn/qb/details/1211.html,https://std.cahec.cn/qb/details/1211.html,authoritative/raw/standards/cahec_nyt_536_2023_viral_arthritis.html,22648208,17e40a8b14023a7f3ae9cb5f907c1d8acb472b19992369f00d91b7d89b19e5fa,text/html,downloaded,2026-04-28T12:32:57.006573+00:00,
SRC-0108,downloaded_from_web_access_refresh_round2,standards,全国动物卫生标准化技术委员会,standard_page,A0,diagnosis_standard,CN,primary,NY/T 540-2023 鸡病毒性关节炎诊断技术,https://std.cahec.cn/qb/details/1211.html,https://std.cahec.cn/qb/details/1211.html,authoritative/raw/standards/cahec_nyt_540_2023_viral_arthritis.html,10708,5585f76b3c03cdc850a8bbe926188354d31e58c8681dc92bc901b1cc68c3b653,text/html,downloaded,2026-04-28T12:32:58.153829+00:00,
SRC-0109,downloaded_from_web_access_refresh_round2,standards,全国动物卫生标准化技术委员会,standard_page,A0,diagnosis_standard,CN,primary,NY/T 540-2023 鸡病毒性关节炎诊断技术,https://std.cahec.cn/qb/details/1211.html,https://std.cahec.cn/qb/details/1211.html,authoritative/raw/standards/cahec_nyt_540_2023_viral_arthritis.html,2231178,abbf4c9aa055645d80844ea5308c951640212b8d4b06f60a1bdc04a483f15b3b,text/html,downloaded,2026-04-28T12:33:01.411469+00:00,
SRC-0110,downloaded_from_web_access_refresh_round2,cn_official,全国动物卫生标准化技术委员会,official_notice,A0,regulation,CN,primary,农业农村部第504号公告 马鼻疽诊断技术等20项动物卫生行业标准发布,https://std.cahec.cn/news/details/118.html,https://std.cahec.cn/news/details/118.html,authoritative/raw/cn_official/cahec_notice_504_animal_health_standards_release.html,15329,ffd162eecb3be5a96b0b22cb5773567c51a523cb86be10c7bcfb825218ff28ab,text/html,downloaded,2026-04-28T12:33:01.868133+00:00,
SRC-0111,downloaded_from_web_access_refresh_round2,cn_official,全国动物卫生标准化技术委员会,official_notice,A0,regulation,CN,primary,农业农村部第651号公告 猪传染性胸膜肺炎诊断技术等7项动物卫生行业标准发布,https://std.cahec.cn/qb/details/1061.html,https://std.cahec.cn/qb/details/1061.html,authoritative/raw/cn_official/cahec_notice_651_animal_health_standards_release.html,11148,e593974039d24e78211dfe5b8decf3174f5d6105408b41debba8e46e2954608b,text/html,downloaded,2026-04-28T12:33:02.287506+00:00,
SRC-0112,downloaded_from_web_access_refresh_round2,clinical_reference,Merck Veterinary Manual,disease_reference_page,A2,clinical_reference,US,secondary,鸡产蛋下降综合征,https://www.merckvetmanual.com/poultry/egg-drop-syndrome-76/egg-drop-syndrome-76,https://www.merckvetmanual.com/poultry/egg-drop-syndrome-76/egg-drop-syndrome-76,authoritative/raw/clinical_reference/www.merckvetmanual.com_poultry_egg-drop-syndrome-76_egg-drop-syndrome-76.html,271091,53c6f7c684856fd8ca8d0c315893f10315b2d5adfdb784d4fa08f287fcea422b,text/html; charset=utf-8,downloaded,2026-04-28T12:33:07.360506+00:00,
SRC-0113,downloaded_from_web_access_refresh_round2,clinical_reference,Merck Veterinary Manual,disease_reference_page,A2,clinical_reference,US,secondary,滑液囊支原体感染,https://www.merckvetmanual.com/poultry/mycoplasmosis/mycoplasma-synoviae-infection-in-poultry,https://www.merckvetmanual.com/poultry/mycoplasmosis/mycoplasma-synoviae-infection-in-poultry,authoritative/raw/clinical_reference/www.merckvetmanual.com_poultry_mycoplasmosis_mycoplasma-synoviae-infection-in-poultry.html,348438,31b20821b285f4bec5decd3512f8ba4455d583eb83cdf636d5dbed03f49bf5a8,text/html; charset=utf-8,downloaded,2026-04-28T12:33:11.977331+00:00,
SRC-0114,downloaded_from_web_access_refresh_round2,clinical_reference,Merck Veterinary Manual,disease_reference_page,A2,clinical_reference,US,secondary,禽螺旋体病,https://www.merckvetmanual.com/poultry/avian-spirochetosis/avian-spirochetosis,https://www.merckvetmanual.com/poultry/avian-spirochetosis/avian-spirochetosis,authoritative/raw/clinical_reference/www.merckvetmanual.com_poultry_avian-spirochetosis_avian-spirochetosis.html,260766,29bdfdec0c26621740158f5a94e74337b063b716a3eb3aab01538bc36d88528f,text/html; charset=utf-8,downloaded,2026-04-28T12:33:15.879725+00:00,
SRC-0115,downloaded_from_web_access_refresh_round2,clinical_reference,Merck Veterinary Manual,disease_reference_page,A2,clinical_reference,US,secondary,禽结核病,https://www.merckvetmanual.com/poultry/tuberculosis-in-poultry/tuberculosis-in-poultry?autoredirectid=23399,https://www.merckvetmanual.com/poultry/tuberculosis-in-poultry/tuberculosis-in-poultry?autoredirectid=23399,authoritative/raw/clinical_reference/www.merckvetmanual.com_poultry_tuberculosis-in-poultry_tuberculosis-in-poultry.html,300464,92a681db9317992cc73f2bbc1fb26208a1a1eefed9597aac9463ba618a6c3d90,text/html; charset=utf-8,downloaded,2026-04-28T12:33:19.026654+00:00,
SRC-0116,downloaded_from_web_access_refresh_round2,clinical_reference,Merck Veterinary Manual,disease_reference_page,A2,clinical_reference,US,secondary,禽衣原体病,https://www.merckvetmanual.com/poultry/avian-chlamydiosis/avian-chlamydiosis?query=psittaci,https://www.merckvetmanual.com/poultry/avian-chlamydiosis/avian-chlamydiosis?query=psittaci,authoritative/raw/clinical_reference/www.merckvetmanual.com_poultry_avian-chlamydiosis_avian-chlamydiosis.html,507378,5654567ddaa5980437c1ea5bebaecb24488c05fa18ad3b07f3b954a8be4a290d,text/html; charset=utf-8,downloaded,2026-04-28T12:33:23.854363+00:00,
SRC-0117,downloaded_from_web_access_refresh_round2,clinical_reference,Merck Veterinary Manual,disease_reference_page,A2,clinical_reference,US,secondary,住白细胞虫病,https://www.merckvetmanual.com/poultry/bloodborne-organisms-in-poultry/leucocytozoonosis-in-poultry,https://www.merckvetmanual.com/poultry/bloodborne-organisms-in-poultry/leucocytozoonosis-in-poultry,authoritative/raw/clinical_reference/www.merckvetmanual.com_poultry_bloodborne-organisms-in-poultry_leucocytozoonosis-in-poultry.html,291070,f5cfa95ef445652e1811f14b58e1f199e1fffafc8411291105e1ff331061a591,text/html; charset=utf-8,downloaded,2026-04-28T12:33:30.963969+00:00,
SRC-0118,downloaded_by_repair_authoritative_chicken_wiki_coverage,clinical_reference,Merck Veterinary Manual - Egg Peritonitis in Poultry,disease_reference_page,A2,clinical_reference,US,secondary,卵黄性腹膜炎,https://www.merckvetmanual.com/poultry/disorders-of-the-reproductive-system-in-poultry/egg-peritonitis-in-poultry,https://www.merckvetmanual.com/poultry/disorders-of-the-reproductive-system-in-poultry/egg-peritonitis-in-poultry,authoritative/raw/clinical_reference/www.merckvetmanual.com_poultry_disorders-of-the-reproductive-system-in-poultry_egg-peritonitis-in-poultry.html,223319,39835f90344438553d4616f805c6d41eca1acd6db37b092126e53f9048c44f3a,text/html; charset=utf-8,downloaded,2026-04-29T09:03:07.887682+00:00,Added to close high-priority disease primary-source gap.
SRC-0119,downloaded_by_repair_authoritative_chicken_wiki_coverage,clinical_reference,Merck Veterinary Manual - Urate Deposition (Gout) in Poultry,disease_reference_page,A2,clinical_reference,US,secondary,鸡痛风,https://www.merckvetmanual.com/poultry/miscellaneous-conditions-of-poultry/urate-deposition-gout-in-poultry,https://www.merckvetmanual.com/poultry/miscellaneous-conditions-of-poultry/urate-deposition-gout-in-poultry,authoritative/raw/clinical_reference/www.merckvetmanual.com_poultry_miscellaneous-conditions-of-poultry_urate-deposition-gout-in-poultry.html,224081,a8ce294bdd9c6101a7d586052eee3f9464cbf05f49fd49f4794869a46f01aeda,text/html; charset=utf-8,downloaded,2026-04-29T09:03:11.995219+00:00,Added to close high-priority disease primary-source gap.
SRC-0120,downloaded_by_repair_authoritative_chicken_wiki_coverage,clinical_reference,Merck Veterinary Manual - Paratyphoid Infections in Poultry,disease_reference_page,A2,clinical_reference,US,secondary,禽副伤寒,https://www.merckvetmanual.com/poultry/salmonelloses-in-poultry/paratyphoid-infections-in-poultry,https://www.merckvetmanual.com/poultry/salmonelloses-in-poultry/paratyphoid-infections-in-poultry,authoritative/raw/clinical_reference/www.merckvetmanual.com_poultry_salmonelloses-in-poultry_paratyphoid-infections-in-poultry.html,316122,5c9bcecd8dbbfb4cc1d8d1bfe3bfcd523218752077111e3dbb4616828b941521,text/html; charset=utf-8,downloaded,2026-04-29T09:03:15.231568+00:00,Added to close high-priority disease primary-source gap.
SRC-0121,downloaded_by_repair_authoritative_chicken_wiki_coverage,clinical_reference,Merck Veterinary Manual - Gangrenous Dermatitis in Poultry,disease_reference_page,A2,clinical_reference,US,secondary,坏疽性皮炎,https://www.merckvetmanual.com/poultry/gangrenous-dermatitis/gangrenous-dermatitis-in-poultry,https://www.merckvetmanual.com/poultry/gangrenous-dermatitis/gangrenous-dermatitis-in-poultry,authoritative/raw/clinical_reference/www.merckvetmanual.com_poultry_gangrenous-dermatitis_gangrenous-dermatitis-in-poultry.html,287233,8e770bf46d161b9dbbad5eefdbf37a70e7492511b8378bf88bcb5770ad03506a,text/html; charset=utf-8,downloaded,2026-04-29T09:03:19.009268+00:00,Added to close high-priority disease primary-source gap.
