registry_id,source_id,title,authority_level,evidence_role,jurisdiction,url,web_verified_at,verified_by,verification_status,key_evidence,local_use
WEB-0001,SRC-0019,WOAH Avian Influenza disease page,A1,clinical_reference,WOAH,https://www.woah.org/en/disease/avian-influenza/,2026-04-29T00:00:00+08:00,Codex web access,verified,"WOAH page identifies Avian Influenza as a listed disease, links Terrestrial Code chapter 10.4 and Terrestrial Manual chapter 3.3.4, describes LPAI/HPAI categories, transmission via faeces/respiratory secretions/contaminated feed-water-equipment, reporting, biosecurity, culling and vaccination boundaries.",Use as primary international source for 禽流感 disease page and regulatory/reporting facts.
WEB-0002,SRC-0020,WOAH Newcastle disease page,A1,clinical_reference,WOAH,https://www.woah.org/en/disease/newcastle-disease/,2026-04-29T00:00:00+08:00,Codex web access,verified,"WOAH page identifies Newcastle disease as a listed disease in its highly pathogenic form, links Terrestrial Code chapter 10.9 and Terrestrial Manual chapter 3.3.14, lists respiratory/nervous/digestive signs, stresses similarity to avian influenza and need for laboratory confirmation, and lists isolation/quarantine/destruction/disinfection controls.",Use as primary international source for 新城疫 disease page and differential-diagnosis facts.
WEB-0003,SRC-0087,Merck Veterinary Manual Omphalitis in Poultry,A2,clinical_reference,US,https://www.merckvetmanual.com/poultry/omphalitis/omphalitis-in-poultry,2026-04-29T00:00:00+08:00,Codex web access,verified,Clinical reference page for omphalitis/yolk sac infection in poultry; used as the local primary source for 卵黄囊感染.,Primary clinical source for 卵黄囊感染 disease page.
WEB-0004,SRC-0118,Merck Veterinary Manual Egg Peritonitis in Poultry,A2,clinical_reference,US,https://www.merckvetmanual.com/poultry/disorders-of-the-reproductive-system-in-poultry/egg-peritonitis-in-poultry,2026-04-29T00:00:00+08:00,Codex web access,verified,Clinical reference page for egg peritonitis in poultry; used as the local primary source for 卵黄性腹膜炎.,Primary clinical source for 卵黄性腹膜炎 disease page.
WEB-0005,SRC-0119,Merck Veterinary Manual Urate Deposition (Gout) in Poultry,A2,clinical_reference,US,https://www.merckvetmanual.com/poultry/miscellaneous-conditions-of-poultry/urate-deposition-gout-in-poultry,2026-04-29T00:00:00+08:00,Codex web access,verified,Clinical reference page for urate deposition/gout in poultry; used as the local primary source for 鸡痛风.,Primary clinical source for 鸡痛风 disease page.
WEB-0006,SRC-0120,Merck Veterinary Manual Paratyphoid Infections in Poultry,A2,clinical_reference,US,https://www.merckvetmanual.com/poultry/salmonelloses-in-poultry/paratyphoid-infections-in-poultry,2026-04-29T00:00:00+08:00,Codex web access,verified,Clinical reference page for paratyphoid infections in poultry; used as the local primary source for 禽副伤寒.,Primary clinical source for 禽副伤寒 disease page.
WEB-0007,SRC-0121,Merck Veterinary Manual Gangrenous Dermatitis in Poultry,A2,clinical_reference,US,https://www.merckvetmanual.com/poultry/gangrenous-dermatitis/gangrenous-dermatitis-in-poultry,2026-04-29T00:00:00+08:00,Codex web access,verified,Clinical reference page for gangrenous dermatitis in poultry; used as the local primary source for 坏疽性皮炎.,Primary clinical source for 坏疽性皮炎 disease page.
WEB-0008,SRC-0031,Merck Veterinary Manual infectious bronchitis page,A2,clinical_reference,US,https://www.merckvetmanual.com/poultry/infectious-bronchitis/infectious-bronchitis-in-poultry,2026-04-29T00:00:00+08:00,Codex web access,verified,"Merck clinical reference page for infectious bronchitis in poultry, including clinical signs, egg-production impact, diagnostics, lesions, differential diagnosis, and prevention/control boundaries.","Clinical source for 传染性支气管炎 symptoms, diagnosis, lesions, transmission, and treatment-boundary facts."
WEB-0009,SRC-0061,MOA Announcement No. 250 prohibited food-animal drugs,A2,clinical_reference,US,https://www.moa.gov.cn/govpublic/xmsyj/202001/t20200106_6334375.htm,2026-04-29T00:00:00+08:00,Codex web access,verified,"Agriculture and Rural Affairs ministry announcement publishing prohibited food-animal drugs and compounds list, effective 2019-12-27 and published 2020-01-06.",A0 source for banned-drug red-line facts and golden-dataset medication-safety refusals.
